time,open,high,low,close,tick_volume,spread,real_volume
2025-08-18 09:57:00,147.368,147.38,147.357,147.38,66.0,20,0.0
2025-11-27 15:00:00,156.366,156.371,156.342,156.343,127.0,22,0.0
2025-11-27 15:01:00,156.344,156.359,156.344,156.344,102.0,22,0.0
2025-11-27 15:02:00,156.345,156.355,156.339,156.343,41.0,21,0.0
2025-11-27 15:03:00,156.342,156.344,156.333,156.333,36.0,21,0.0
2025-11-27 15:04:00,156.332,156.333,156.314,156.315,68.0,22,0.0
2025-11-27 15:05:00,156.315,156.334,156.314,156.333,86.0,21,0.0
2025-11-27 15:06:00,156.333,156.333,156.316,156.318,33.0,21,0.0
2025-11-27 15:07:00,156.317,156.326,156.317,156.32,39.0,22,0.0
2025-11-27 15:08:00,156.321,156.324,156.315,156.318,30.0,21,0.0
2025-11-27 15:09:00,156.319,156.321,156.306,156.309,40.0,21,0.0
2025-11-27 15:10:00,156.31,156.31,156.306,156.308,24.0,22,0.0
2025-11-27 15:11:00,156.309,156.309,156.307,156.307,5.0,24,0.0
2025-11-27 15:12:00,156.306,156.312,156.306,156.31,16.0,23,0.0
2025-11-27 15:13:00,156.314,156.323,156.309,156.314,48.0,22,0.0
2025-11-27 15:14:00,156.314,156.318,156.296,156.298,22.0,22,0.0
2025-11-27 15:15:00,156.297,156.302,156.288,156.297,34.0,22,0.0
2025-11-27 15:16:00,156.296,156.298,156.279,156.279,31.0,23,0.0
2025-11-27 15:17:00,156.28,156.286,156.278,156.279,23.0,22,0.0
2025-11-27 15:18:00,156.279,156.285,156.277,156.285,11.0,22,0.0
2025-11-27 15:19:00,156.285,156.285,156.278,156.28,10.0,23,0.0
2025-11-27 15:20:00,156.279,156.299,156.279,156.296,23.0,23,0.0
2025-11-27 15:21:00,156.296,156.309,156.296,156.304,19.0,21,0.0
2025-11-27 15:22:00,156.305,156.31,156.304,156.309,27.0,23,0.0
2025-11-27 15:23:00,156.308,156.309,156.304,156.308,24.0,24,0.0
2025-11-27 15:24:00,156.307,156.307,156.293,156.295,18.0,23,0.0
2025-11-27 15:25:00,156.296,156.297,156.293,156.293,23.0,22,0.0
2025-11-27 15:26:00,156.287,156.287,156.265,156.284,57.0,21,0.0
2025-11-27 15:27:00,156.283,156.294,156.282,156.284,21.0,21,0.0
2025-11-27 15:28:00,156.284,156.289,156.281,156.284,18.0,21,0.0
2025-11-27 15:29:00,156.284,156.289,156.254,156.258,59.0,22,0.0
2025-11-27 15:30:00,156.26,156.293,156.259,156.272,105.0,21,0.0
2025-11-27 15:31:00,156.272,156.28,156.256,156.274,91.0,21,0.0
2025-11-27 15:32:00,156.273,156.275,156.259,156.267,48.0,22,0.0
2025-11-27 15:33:00,156.268,156.281,156.268,156.272,62.0,21,0.0
2025-11-27 15:34:00,156.273,156.273,156.258,156.27,29.0,23,0.0
2025-11-27 15:35:00,156.269,156.282,156.269,156.282,21.0,22,0.0
2025-11-27 15:36:00,156.281,156.284,156.277,156.282,26.0,21,0.0
2025-11-27 15:37:00,156.282,156.298,156.279,156.294,23.0,22,0.0
2025-11-27 15:38:00,156.294,156.305,156.292,156.296,37.0,21,0.0
2025-11-27 15:39:00,156.297,156.297,156.282,156.284,33.0,23,0.0
2025-11-27 15:40:00,156.285,156.297,156.285,156.289,21.0,21,0.0
2025-11-27 15:41:00,156.29,156.312,156.29,156.308,48.0,21,0.0
2025-11-27 15:42:00,156.307,156.311,156.299,156.308,31.0,21,0.0
2025-11-27 15:43:00,156.307,156.322,156.306,156.309,50.0,21,0.0
2025-11-27 15:44:00,156.309,156.321,156.307,156.32,16.0,21,0.0
2025-11-27 15:45:00,156.319,156.321,156.302,156.307,36.0,21,0.0
2025-11-27 15:46:00,156.307,156.31,156.304,156.306,37.0,23,0.0
2025-11-27 15:47:00,156.305,156.307,156.299,156.305,38.0,22,0.0
2025-11-27 15:48:00,156.306,156.321,156.305,156.32,34.0,21,0.0
2025-11-27 15:49:00,156.321,156.321,156.299,156.3,53.0,21,0.0
2025-11-27 15:50:00,156.299,156.307,156.299,156.304,23.0,22,0.0
2025-11-27 15:51:00,156.303,156.304,156.283,156.294,39.0,21,0.0
2025-11-27 15:52:00,156.293,156.293,156.281,156.281,47.0,22,0.0
2025-11-27 15:53:00,156.277,156.277,156.256,156.265,73.0,22,0.0
2025-11-27 15:54:00,156.264,156.271,156.259,156.259,50.0,21,0.0
2025-11-27 15:55:00,156.255,156.256,156.234,156.244,118.0,22,0.0
2025-11-27 15:56:00,156.249,156.259,156.247,156.256,75.0,22,0.0
2025-11-27 15:57:00,156.255,156.263,156.254,156.261,34.0,21,0.0
2025-11-27 15:58:00,156.26,156.265,156.241,156.245,49.0,22,0.0
2025-11-27 15:59:00,156.245,156.256,156.245,156.254,34.0,22,0.0
2025-11-27 16:00:00,156.253,156.263,156.253,156.259,27.0,23,0.0
2025-11-27 16:01:00,156.258,156.258,156.233,156.237,45.0,22,0.0
2025-11-27 16:02:00,156.236,156.239,156.222,156.239,43.0,22,0.0
2025-11-27 16:03:00,156.238,156.251,156.237,156.244,27.0,21,0.0
2025-11-27 16:04:00,156.244,156.273,156.243,156.27,35.0,21,0.0
2025-11-27 16:05:00,156.272,156.272,156.267,156.27,29.0,23,0.0
2025-11-27 16:06:00,156.269,156.269,156.243,156.254,114.0,21,0.0
2025-11-27 16:07:00,156.255,156.27,156.254,156.265,48.0,21,0.0
2025-11-27 16:08:00,156.265,156.271,156.265,156.269,51.0,22,0.0
2025-11-27 16:09:00,156.269,156.28,156.265,156.273,46.0,23,0.0
2025-11-27 16:10:00,156.273,156.279,156.265,156.279,20.0,22,0.0
2025-11-27 16:11:00,156.279,156.292,156.279,156.286,51.0,23,0.0
2025-11-27 16:12:00,156.286,156.286,156.272,156.28,51.0,21,0.0
2025-11-27 16:13:00,156.279,156.281,156.27,156.273,59.0,22,0.0
2025-11-27 16:14:00,156.274,156.278,156.268,156.268,28.0,23,0.0
2025-11-27 16:15:00,156.268,156.271,156.264,156.265,73.0,22,0.0
2025-11-27 16:16:00,156.267,156.279,156.264,156.274,90.0,22,0.0
2025-11-27 16:17:00,156.273,156.281,156.269,156.273,66.0,21,0.0
2025-11-27 16:18:00,156.274,156.279,156.268,156.278,82.0,23,0.0
2025-11-27 16:19:00,156.278,156.281,156.278,156.28,33.0,23,0.0
2025-11-27 16:20:00,156.279,156.288,156.278,156.283,80.0,22,0.0
2025-11-27 16:21:00,156.282,156.285,156.279,156.284,67.0,23,0.0
2025-11-27 16:22:00,156.283,156.287,156.279,156.28,28.0,23,0.0
2025-11-27 16:23:00,156.281,156.286,156.28,156.285,31.0,21,0.0
2025-11-27 16:24:00,156.286,156.295,156.285,156.293,36.0,21,0.0
2025-11-27 16:25:00,156.294,156.317,156.29,156.306,60.0,21,0.0
2025-11-27 16:26:00,156.306,156.32,156.305,156.319,36.0,22,0.0
2025-11-27 16:27:00,156.319,156.327,156.316,156.321,47.0,22,0.0
2025-11-27 16:28:00,156.322,156.332,156.319,156.329,52.0,23,0.0
2025-11-27 16:29:00,156.33,156.333,156.324,156.325,26.0,23,0.0
2025-11-27 16:30:00,156.325,156.337,156.325,156.328,59.0,22,0.0
2025-11-27 16:31:00,156.328,156.345,156.326,156.336,67.0,22,0.0
2025-11-27 16:32:00,156.337,156.351,156.333,156.339,70.0,23,0.0
2025-11-27 16:33:00,156.339,156.343,156.335,156.341,42.0,23,0.0
2025-11-27 16:34:00,156.34,156.344,156.329,156.33,39.0,24,0.0
2025-11-27 16:35:00,156.329,156.342,156.325,156.332,49.0,21,0.0
2025-11-27 16:36:00,156.332,156.343,156.332,156.332,12.0,21,0.0
2025-11-27 16:37:00,156.331,156.338,156.328,156.332,28.0,23,0.0
2025-11-27 16:38:00,156.33,156.336,156.33,156.332,23.0,23,0.0
2025-11-27 16:39:00,156.333,156.344,156.332,156.343,25.0,23,0.0
2025-11-27 16:40:00,156.344,156.351,156.34,156.34,69.0,22,0.0
2025-11-27 16:41:00,156.338,156.34,156.329,156.332,24.0,21,0.0
2025-11-27 16:42:00,156.333,156.344,156.33,156.341,34.0,21,0.0
2025-11-27 16:43:00,156.341,156.344,156.328,156.329,28.0,22,0.0
2025-11-27 16:44:00,156.329,156.334,156.329,156.331,14.0,24,0.0
2025-11-27 16:45:00,156.33,156.33,156.316,156.329,21.0,22,0.0
2025-11-27 16:46:00,156.328,156.33,156.319,156.32,28.0,21,0.0
2025-11-27 16:47:00,156.319,156.319,156.304,156.319,41.0,22,0.0
2025-11-27 16:48:00,156.319,156.319,156.312,156.314,24.0,21,0.0
2025-11-27 16:49:00,156.313,156.313,156.305,156.308,28.0,23,0.0
2025-11-27 16:50:00,156.311,156.318,156.309,156.317,47.0,21,0.0
2025-11-27 16:51:00,156.317,156.319,156.312,156.319,26.0,21,0.0
2025-11-27 16:52:00,156.32,156.33,156.31,156.329,21.0,21,0.0
2025-11-27 16:53:00,156.329,156.33,156.326,156.328,23.0,21,0.0
2025-11-27 16:54:00,156.327,156.329,156.323,156.325,24.0,22,0.0
2025-11-27 16:55:00,156.326,156.327,156.323,156.325,41.0,21,0.0
2025-11-27 16:56:00,156.325,156.326,156.311,156.318,53.0,22,0.0
2025-11-27 16:57:00,156.319,156.326,156.311,156.313,55.0,21,0.0
2025-11-27 16:58:00,156.313,156.317,156.307,156.317,44.0,21,0.0
2025-11-27 16:59:00,156.318,156.323,156.311,156.316,55.0,21,0.0
2025-11-27 17:00:00,156.317,156.32,156.31,156.314,63.0,21,0.0
2025-11-27 17:01:00,156.315,156.32,156.306,156.319,53.0,21,0.0
2025-11-27 17:02:00,156.32,156.32,156.306,156.307,39.0,22,0.0
2025-11-27 17:03:00,156.308,156.316,156.305,156.314,38.0,22,0.0
2025-11-27 17:04:00,156.315,156.319,156.306,156.314,23.0,23,0.0
2025-11-27 17:05:00,156.314,156.314,156.306,156.308,18.0,23,0.0
2025-11-27 17:06:00,156.309,156.32,156.308,156.315,18.0,22,0.0
2025-11-27 17:07:00,156.314,156.333,156.313,156.329,48.0,21,0.0
2025-11-27 17:08:00,156.328,156.328,156.316,156.318,46.0,22,0.0
2025-11-27 17:09:00,156.318,156.318,156.293,156.294,39.0,22,0.0
2025-11-27 17:10:00,156.294,156.295,156.275,156.276,42.0,22,0.0
2025-11-27 17:11:00,156.276,156.291,156.276,156.289,24.0,22,0.0
2025-11-27 17:12:00,156.29,156.301,156.29,156.294,27.0,21,0.0
2025-11-27 17:13:00,156.293,156.299,156.291,156.297,26.0,23,0.0
2025-11-27 17:14:00,156.297,156.3,156.292,156.292,29.0,23,0.0
2025-11-27 17:15:00,156.292,156.292,156.275,156.28,53.0,21,0.0
2025-11-27 17:16:00,156.279,156.281,156.278,156.279,33.0,22,0.0
2025-11-27 17:17:00,156.279,156.283,156.271,156.281,17.0,21,0.0
2025-11-27 17:18:00,156.281,156.284,156.274,156.276,19.0,22,0.0
2025-11-27 17:19:00,156.279,156.285,156.274,156.281,25.0,22,0.0
2025-11-27 17:20:00,156.282,156.293,156.281,156.29,25.0,21,0.0
2025-11-27 17:21:00,156.289,156.289,156.279,156.28,13.0,21,0.0
2025-11-27 17:22:00,156.279,156.28,156.269,156.279,24.0,22,0.0
2025-11-27 17:23:00,156.278,156.28,156.274,156.28,25.0,23,0.0
2025-11-27 17:24:00,156.279,156.292,156.279,156.291,13.0,21,0.0
2025-11-27 17:25:00,156.29,156.293,156.279,156.282,35.0,21,0.0
2025-11-27 17:26:00,156.284,156.286,156.266,156.271,33.0,23,0.0
2025-11-27 17:27:00,156.271,156.271,156.253,156.259,50.0,22,0.0
2025-11-27 17:28:00,156.26,156.26,156.254,156.258,42.0,23,0.0
2025-11-27 17:29:00,156.259,156.266,156.257,156.259,66.0,21,0.0
2025-11-27 17:30:00,156.259,156.261,156.256,156.259,33.0,23,0.0
2025-11-27 17:31:00,156.259,156.262,156.256,156.259,43.0,24,0.0
2025-11-27 17:32:00,156.26,156.28,156.26,156.269,42.0,22,0.0
2025-11-27 17:33:00,156.269,156.272,156.268,156.269,26.0,24,0.0
2025-11-27 17:34:00,156.273,156.284,156.271,156.283,28.0,21,0.0
2025-11-27 17:35:00,156.284,156.288,156.281,156.288,23.0,22,0.0
2025-11-27 17:36:00,156.288,156.292,156.281,156.284,26.0,21,0.0
2025-11-27 17:37:00,156.284,156.284,156.271,156.273,24.0,22,0.0
2025-11-27 17:38:00,156.272,156.278,156.27,156.271,43.0,23,0.0
2025-11-27 17:39:00,156.271,156.281,156.27,156.279,40.0,21,0.0
2025-11-27 17:40:00,156.28,156.285,156.275,156.284,25.0,23,0.0
2025-11-27 17:41:00,156.283,156.285,156.279,156.28,25.0,24,0.0
2025-11-27 17:42:00,156.28,156.284,156.277,156.281,26.0,22,0.0
2025-11-27 17:43:00,156.282,156.282,156.268,156.268,25.0,23,0.0
2025-11-27 17:44:00,156.268,156.268,156.256,156.257,28.0,23,0.0
2025-11-27 17:45:00,156.256,156.261,156.256,156.259,25.0,23,0.0
2025-11-27 17:46:00,156.26,156.263,156.255,156.259,36.0,21,0.0
2025-11-27 17:47:00,156.259,156.259,156.245,156.248,28.0,23,0.0
2025-11-27 17:48:00,156.249,156.256,156.244,156.244,16.0,22,0.0
2025-11-27 17:49:00,156.244,156.247,156.244,156.246,11.0,23,0.0
2025-11-27 17:50:00,156.246,156.257,156.246,156.257,24.0,22,0.0
2025-11-27 17:51:00,156.257,156.263,156.255,156.26,21.0,24,0.0
2025-11-27 17:52:00,156.263,156.267,156.255,156.257,57.0,22,0.0
2025-11-27 17:53:00,156.257,156.268,156.253,156.268,38.0,23,0.0
2025-11-27 17:54:00,156.269,156.281,156.269,156.274,92.0,23,0.0
2025-11-27 17:55:00,156.275,156.289,156.274,156.279,72.0,21,0.0
2025-11-27 17:56:00,156.278,156.278,156.251,156.255,79.0,22,0.0
2025-11-27 17:57:00,156.256,156.296,156.24,156.292,162.0,21,0.0
2025-11-27 17:58:00,156.291,156.307,156.285,156.307,132.0,21,0.0
2025-11-27 17:59:00,156.306,156.307,156.295,156.295,98.0,21,0.0
2025-11-27 18:00:00,156.295,156.308,156.289,156.306,124.0,22,0.0
2025-11-27 18:01:00,156.305,156.306,156.295,156.304,60.0,21,0.0
2025-11-27 18:02:00,156.305,156.314,156.3,156.313,81.0,21,0.0
2025-11-27 18:03:00,156.307,156.318,156.305,156.314,27.0,22,0.0
2025-11-27 18:04:00,156.316,156.322,156.315,156.32,27.0,21,0.0
2025-11-27 18:05:00,156.321,156.333,156.321,156.329,38.0,22,0.0
2025-11-27 18:06:00,156.33,156.347,156.33,156.336,73.0,21,0.0
2025-11-27 18:07:00,156.335,156.337,156.328,156.329,48.0,23,0.0
2025-11-27 18:08:00,156.33,156.33,156.312,156.312,57.0,23,0.0
2025-11-27 18:09:00,156.313,156.319,156.313,156.314,82.0,22,0.0
2025-11-27 18:10:00,156.31,156.314,156.302,156.305,58.0,24,0.0
2025-11-27 18:11:00,156.305,156.31,156.294,156.296,55.0,21,0.0
2025-11-27 18:12:00,156.297,156.303,156.294,156.302,65.0,24,0.0
2025-11-27 18:13:00,156.301,156.304,156.301,156.304,26.0,25,0.0
2025-11-27 18:14:00,156.304,156.304,156.288,156.292,98.0,22,0.0
2025-11-27 18:15:00,156.291,156.298,156.29,156.297,111.0,24,0.0
2025-11-27 18:16:00,156.298,156.304,156.291,156.295,115.0,24,0.0
2025-11-27 18:17:00,156.295,156.304,156.29,156.304,121.0,22,0.0
2025-11-27 18:18:00,156.303,156.306,156.291,156.292,96.0,23,0.0
2025-11-27 18:19:00,156.293,156.293,156.288,156.29,46.0,24,0.0
2025-11-27 18:20:00,156.289,156.293,156.289,156.29,38.0,25,0.0
2025-11-27 18:21:00,156.291,156.294,156.291,156.292,70.0,23,0.0
2025-11-27 18:22:00,156.292,156.293,156.272,156.276,54.0,25,0.0
2025-11-27 18:23:00,156.276,156.281,156.276,156.28,76.0,24,0.0
2025-11-27 18:24:00,156.283,156.283,156.272,156.272,29.0,24,0.0
2025-11-27 18:25:00,156.271,156.271,156.263,156.267,16.0,23,0.0
2025-11-27 18:26:00,156.266,156.266,156.256,156.256,26.0,23,0.0
2025-11-27 18:27:00,156.256,156.269,156.248,156.268,35.0,23,0.0
2025-11-27 18:28:00,156.267,156.271,156.267,156.269,38.0,22,0.0
2025-11-27 18:29:00,156.268,156.27,156.259,156.263,56.0,22,0.0
2025-11-27 18:30:00,156.263,156.281,156.26,156.281,44.0,22,0.0
2025-11-27 18:31:00,156.28,156.291,156.28,156.283,39.0,22,0.0
2025-11-27 18:32:00,156.285,156.3,156.285,156.296,34.0,22,0.0
2025-11-27 18:33:00,156.297,156.299,156.291,156.291,37.0,21,0.0
2025-11-27 18:34:00,156.292,156.293,156.281,156.282,23.0,24,0.0
2025-11-27 18:35:00,156.281,156.282,156.278,156.278,18.0,25,0.0
2025-11-27 18:36:00,156.278,156.28,156.277,156.278,18.0,23,0.0
2025-11-27 18:37:00,156.277,156.278,156.269,156.272,35.0,22,0.0
2025-11-27 18:38:00,156.273,156.278,156.27,156.271,18.0,24,0.0
2025-11-27 18:39:00,156.269,156.281,156.268,156.281,17.0,25,0.0
2025-11-27 18:40:00,156.281,156.282,156.279,156.281,11.0,24,0.0
2025-11-27 18:41:00,156.28,156.294,156.279,156.292,29.0,24,0.0
2025-11-27 18:42:00,156.293,156.293,156.289,156.292,17.0,25,0.0
2025-11-27 18:43:00,156.288,156.292,156.288,156.292,13.0,24,0.0
2025-11-27 18:44:00,156.291,156.292,156.283,156.284,31.0,23,0.0
2025-11-27 18:45:00,156.283,156.293,156.283,156.29,17.0,24,0.0
2025-11-27 18:46:00,156.291,156.295,156.29,156.294,18.0,23,0.0
2025-11-27 18:47:00,156.293,156.294,156.293,156.293,9.0,23,0.0
2025-11-27 18:48:00,156.294,156.294,156.293,156.293,16.0,23,0.0
2025-11-27 18:49:00,156.293,156.294,156.282,156.282,24.0,23,0.0
2025-11-27 18:50:00,156.283,156.292,156.282,156.291,18.0,23,0.0
2025-11-27 18:51:00,156.291,156.292,156.289,156.29,10.0,23,0.0
2025-11-27 18:52:00,156.289,156.289,156.281,156.281,6.0,23,0.0
2025-11-27 18:53:00,156.282,156.282,156.278,156.278,5.0,25,0.0
2025-11-27 18:54:00,156.279,156.279,156.278,156.278,4.0,26,0.0
2025-11-27 18:55:00,156.279,156.279,156.279,156.279,1.0,26,0.0
2025-11-27 18:56:00,156.279,156.279,156.254,156.256,15.0,23,0.0
2025-11-27 18:57:00,156.257,156.273,156.257,156.267,27.0,23,0.0
2025-11-27 18:58:00,156.266,156.272,156.263,156.264,29.0,22,0.0
2025-11-27 18:59:00,156.261,156.267,156.257,156.267,41.0,24,0.0
2025-11-27 19:00:00,156.266,156.269,156.261,156.268,38.0,25,0.0
2025-11-27 19:01:00,156.268,156.268,156.259,156.264,36.0,23,0.0
2025-11-27 19:02:00,156.263,156.286,156.263,156.284,63.0,24,0.0
2025-11-27 19:03:00,156.285,156.286,156.282,156.285,26.0,25,0.0
2025-11-27 19:04:00,156.285,156.285,156.279,156.28,39.0,24,0.0
2025-11-27 19:05:00,156.28,156.281,156.279,156.279,15.0,24,0.0
2025-11-27 19:06:00,156.28,156.304,156.28,156.293,40.0,22,0.0
2025-11-27 19:07:00,156.293,156.301,156.291,156.296,24.0,24,0.0
2025-11-27 19:08:00,156.295,156.299,156.293,156.295,25.0,24,0.0
2025-11-27 19:09:00,156.295,156.3,156.293,156.298,21.0,23,0.0
2025-11-27 19:10:00,156.297,156.297,156.294,156.296,26.0,26,0.0
2025-11-27 19:11:00,156.297,156.299,156.295,156.295,29.0,25,0.0
2025-11-27 19:12:00,156.296,156.306,156.295,156.303,32.0,26,0.0
2025-11-27 19:13:00,156.304,156.307,156.303,156.306,38.0,25,0.0
2025-11-27 19:14:00,156.307,156.307,156.303,156.303,17.0,21,0.0
2025-11-27 19:15:00,156.304,156.307,156.3,156.303,32.0,26,0.0
2025-11-27 19:16:00,156.304,156.308,156.303,156.307,8.0,25,0.0
2025-11-27 19:17:00,156.306,156.309,156.306,156.308,6.0,24,0.0
2025-11-27 19:18:00,156.308,156.309,156.308,156.309,2.0,25,0.0
2025-11-27 19:19:00,156.309,156.309,156.309,156.309,1.0,25,0.0
2025-11-27 19:20:00,156.308,156.334,156.308,156.325,20.0,23,0.0
2025-11-27 19:21:00,156.325,156.334,156.325,156.332,12.0,22,0.0
2025-11-27 19:22:00,156.333,156.333,156.328,156.33,9.0,23,0.0
2025-11-27 19:23:00,156.329,156.33,156.328,156.33,6.0,26,0.0
2025-11-27 19:24:00,156.33,156.331,156.33,156.331,2.0,25,0.0
2025-11-27 19:25:00,156.331,156.337,156.331,156.334,6.0,24,0.0
2025-11-27 19:26:00,156.333,156.335,156.328,156.335,17.0,25,0.0
2025-11-27 19:27:00,156.335,156.338,156.327,156.33,46.0,24,0.0
2025-11-27 19:28:00,156.329,156.332,156.326,156.327,47.0,25,0.0
2025-11-27 19:29:00,156.327,156.335,156.32,156.321,77.0,23,0.0
2025-11-27 19:30:00,156.318,156.322,156.315,156.322,33.0,25,0.0
2025-11-27 19:31:00,156.321,156.329,156.318,156.327,52.0,24,0.0
2025-11-27 19:32:00,156.328,156.335,156.327,156.33,27.0,25,0.0
2025-11-27 19:33:00,156.33,156.342,156.328,156.339,35.0,22,0.0
2025-11-27 19:34:00,156.338,156.347,156.338,156.342,23.0,21,0.0
2025-11-27 19:35:00,156.34,156.351,156.339,156.345,38.0,22,0.0
2025-11-27 19:36:00,156.345,156.345,156.328,156.328,30.0,24,0.0
2025-11-27 19:37:00,156.329,156.332,156.328,156.328,13.0,25,0.0
2025-11-27 19:38:00,156.329,156.331,156.328,156.329,22.0,25,0.0
2025-11-27 19:39:00,156.33,156.339,156.33,156.338,54.0,25,0.0
2025-11-27 19:40:00,156.337,156.343,156.337,156.339,18.0,25,0.0
2025-11-27 19:41:00,156.34,156.355,156.34,156.352,16.0,25,0.0
2025-11-27 19:42:00,156.352,156.353,156.349,156.35,31.0,25,0.0
2025-11-27 19:43:00,156.35,156.353,156.35,156.35,5.0,25,0.0
2025-11-27 19:44:00,156.35,156.354,156.349,156.352,14.0,22,0.0
2025-11-27 19:45:00,156.353,156.353,156.353,156.353,1.0,24,0.0
2025-11-27 19:46:00,156.353,156.355,156.353,156.355,5.0,23,0.0
2025-11-27 19:47:00,156.355,156.356,156.351,156.351,6.0,22,0.0
2025-11-27 19:48:00,156.351,156.352,156.35,156.352,4.0,24,0.0
2025-11-27 19:49:00,156.351,156.351,156.34,156.341,13.0,23,0.0
2025-11-27 19:50:00,156.342,156.342,156.34,156.34,2.0,24,0.0
2025-11-27 19:51:00,156.34,156.34,156.333,156.334,9.0,25,0.0
2025-11-27 19:52:00,156.334,156.34,156.333,156.339,11.0,25,0.0
2025-11-27 19:53:00,156.34,156.34,156.339,156.34,3.0,24,0.0
2025-11-27 19:54:00,156.34,156.34,156.33,156.333,24.0,21,0.0
2025-11-27 19:55:00,156.333,156.334,156.327,156.329,32.0,25,0.0
2025-11-27 19:56:00,156.329,156.339,156.329,156.334,19.0,22,0.0
2025-11-27 19:57:00,156.334,156.335,156.333,156.333,10.0,25,0.0
2025-11-27 19:58:00,156.328,156.33,156.325,156.327,32.0,24,0.0
2025-11-27 19:59:00,156.327,156.327,156.317,156.318,41.0,26,0.0
2025-11-27 20:00:00,156.318,156.319,156.313,156.318,21.0,25,0.0
2025-11-27 20:01:00,156.317,156.33,156.317,156.327,28.0,25,0.0
2025-11-27 20:02:00,156.325,156.328,156.325,156.327,14.0,26,0.0
2025-11-27 20:03:00,156.328,156.328,156.327,156.328,3.0,26,0.0
2025-11-27 20:04:00,156.329,156.33,156.328,156.328,15.0,24,0.0
2025-11-27 20:05:00,156.329,156.333,156.327,156.333,17.0,26,0.0
2025-11-27 20:06:00,156.333,156.334,156.331,156.334,6.0,24,0.0
2025-11-27 20:07:00,156.331,156.334,156.331,156.332,9.0,24,0.0
2025-11-27 20:08:00,156.332,156.332,156.329,156.33,4.0,25,0.0
2025-11-27 20:09:00,156.331,156.332,156.329,156.331,4.0,25,0.0
2025-11-27 20:10:00,156.331,156.331,156.328,156.331,10.0,24,0.0
2025-11-27 20:11:00,156.329,156.332,156.329,156.331,10.0,26,0.0
2025-11-27 20:12:00,156.33,156.331,156.33,156.33,7.0,27,0.0
2025-11-27 20:13:00,156.332,156.336,156.331,156.335,5.0,25,0.0
2025-11-27 20:14:00,156.335,156.341,156.335,156.337,14.0,24,0.0
2025-11-27 20:15:00,156.338,156.35,156.337,156.349,34.0,25,0.0
2025-11-27 20:16:00,156.349,156.349,156.348,156.348,2.0,26,0.0
2025-11-27 20:17:00,156.348,156.348,156.341,156.343,6.0,26,0.0
2025-11-27 20:18:00,156.342,156.344,156.338,156.338,22.0,26,0.0
2025-11-27 20:19:00,156.337,156.339,156.337,156.338,6.0,26,0.0
2025-11-27 20:20:00,156.339,156.341,156.338,156.34,19.0,24,0.0
2025-11-27 20:21:00,156.341,156.341,156.338,156.338,10.0,24,0.0
2025-11-27 20:22:00,156.338,156.339,156.338,156.339,10.0,26,0.0
2025-11-27 20:23:00,156.339,156.344,156.338,156.341,18.0,24,0.0
2025-11-27 20:24:00,156.342,156.353,156.342,156.351,38.0,23,0.0
2025-11-27 20:25:00,156.351,156.351,156.35,156.35,6.0,26,0.0
2025-11-27 20:26:00,156.351,156.351,156.349,156.35,7.0,25,0.0
2025-11-27 20:27:00,156.35,156.353,156.35,156.351,11.0,24,0.0
2025-11-27 20:28:00,156.352,156.353,156.35,156.351,6.0,25,0.0
2025-11-27 20:29:00,156.352,156.353,156.352,156.353,2.0,26,0.0
2025-11-27 20:30:00,156.352,156.356,156.352,156.356,29.0,25,0.0
2025-11-27 20:31:00,156.355,156.357,156.355,156.356,7.0,25,0.0
2025-11-27 20:32:00,156.354,156.356,156.353,156.354,7.0,24,0.0
2025-11-27 20:33:00,156.354,156.354,156.353,156.353,8.0,27,0.0
2025-11-27 20:34:00,156.354,156.355,156.353,156.353,10.0,25,0.0
2025-11-27 20:35:00,156.354,156.354,156.35,156.352,14.0,25,0.0
2025-11-27 20:36:00,156.353,156.355,156.353,156.354,12.0,25,0.0
2025-11-27 20:37:00,156.354,156.354,156.354,156.354,1.0,26,0.0
2025-11-27 20:38:00,156.353,156.354,156.352,156.353,14.0,26,0.0
2025-11-27 20:39:00,156.352,156.354,156.35,156.352,14.0,25,0.0
2025-11-27 20:40:00,156.352,156.352,156.351,156.351,14.0,26,0.0
2025-11-27 20:41:00,156.352,156.352,156.351,156.351,4.0,25,0.0
2025-11-27 20:42:00,156.351,156.352,156.351,156.352,6.0,25,0.0
2025-11-27 20:43:00,156.352,156.352,156.351,156.352,5.0,25,0.0
2025-11-27 20:44:00,156.351,156.354,156.351,156.353,12.0,22,0.0
2025-11-27 20:45:00,156.352,156.352,156.351,156.351,4.0,26,0.0
2025-11-27 20:46:00,156.35,156.351,156.35,156.351,2.0,26,0.0
2025-11-27 20:47:00,156.342,156.342,156.339,156.34,60.0,24,0.0
2025-11-27 20:48:00,156.339,156.341,156.339,156.34,16.0,26,0.0
2025-11-27 20:49:00,156.339,156.343,156.339,156.34,20.0,23,0.0
2025-11-27 20:50:00,156.339,156.343,156.338,156.338,14.0,23,0.0
2025-11-27 20:51:00,156.339,156.341,156.339,156.339,6.0,26,0.0
2025-11-27 20:52:00,156.339,156.339,156.339,156.339,1.0,27,0.0
2025-11-27 20:53:00,156.341,156.341,156.339,156.339,2.0,25,0.0
2025-11-27 20:54:00,156.345,156.345,156.339,156.341,13.0,23,0.0
2025-11-27 20:55:00,156.34,156.342,156.34,156.342,7.0,25,0.0
2025-11-27 20:56:00,156.342,156.342,156.339,156.341,12.0,25,0.0
2025-11-27 20:57:00,156.34,156.342,156.34,156.342,7.0,26,0.0
2025-11-27 20:58:00,156.342,156.342,156.341,156.342,7.0,26,0.0
2025-11-27 20:59:00,156.342,156.353,156.342,156.349,17.0,23,0.0
2025-11-27 21:00:00,156.349,156.351,156.349,156.35,30.0,25,0.0
2025-11-27 21:01:00,156.351,156.351,156.349,156.35,14.0,23,0.0
2025-11-27 21:02:00,156.35,156.35,156.348,156.349,8.0,26,0.0
2025-11-27 21:03:00,156.351,156.351,156.348,156.349,10.0,25,0.0
2025-11-27 21:04:00,156.35,156.35,156.35,156.35,1.0,25,0.0
2025-11-27 21:05:00,156.348,156.35,156.348,156.35,9.0,26,0.0
2025-11-27 21:06:00,156.349,156.35,156.348,156.35,11.0,26,0.0
2025-11-27 21:07:00,156.346,156.346,156.337,156.338,10.0,22,0.0
2025-11-27 21:08:00,156.338,156.339,156.337,156.338,9.0,25,0.0
2025-11-27 21:09:00,156.337,156.337,156.335,156.335,9.0,25,0.0
2025-11-27 21:10:00,156.335,156.338,156.335,156.338,10.0,25,0.0
2025-11-27 21:11:00,156.335,156.337,156.335,156.336,7.0,26,0.0
2025-11-27 21:12:00,156.336,156.339,156.336,156.336,3.0,24,0.0
2025-11-27 21:13:00,156.339,156.339,156.336,156.336,4.0,24,0.0
2025-11-27 21:14:00,156.337,156.337,156.336,156.337,3.0,26,0.0
2025-11-27 21:15:00,156.338,156.338,156.335,156.336,4.0,25,0.0
2025-11-27 21:16:00,156.336,156.336,156.335,156.336,7.0,25,0.0
2025-11-27 21:17:00,156.337,156.337,156.336,156.337,5.0,25,0.0
2025-11-27 21:18:00,156.337,156.337,156.336,156.336,2.0,25,0.0
2025-11-27 21:19:00,156.336,156.339,156.336,156.337,13.0,23,0.0
2025-11-27 21:20:00,156.337,156.338,156.337,156.337,3.0,24,0.0
2025-11-27 21:21:00,156.337,156.339,156.336,156.338,7.0,25,0.0
2025-11-27 21:22:00,156.338,156.339,156.338,156.339,10.0,26,0.0
2025-11-27 21:23:00,156.339,156.341,156.339,156.341,2.0,22,0.0
2025-11-27 21:24:00,156.341,156.341,156.339,156.341,23.0,21,0.0
2025-11-27 21:25:00,156.342,156.342,156.337,156.34,22.0,24,0.0
2025-11-27 21:26:00,156.339,156.34,156.339,156.339,3.0,24,0.0
2025-11-27 21:27:00,156.339,156.342,156.339,156.34,7.0,24,0.0
2025-11-27 21:28:00,156.34,156.34,156.336,156.338,5.0,24,0.0
2025-11-27 21:29:00,156.338,156.339,156.337,156.337,16.0,24,0.0
2025-11-27 21:30:00,156.337,156.337,156.336,156.337,7.0,24,0.0
2025-11-27 21:31:00,156.337,156.337,156.336,156.336,2.0,25,0.0
2025-11-27 21:32:00,156.339,156.34,156.339,156.339,3.0,25,0.0
2025-11-27 21:33:00,156.339,156.341,156.339,156.34,4.0,23,0.0
2025-11-27 21:34:00,156.34,156.34,156.339,156.339,2.0,26,0.0
2025-11-27 21:35:00,156.339,156.34,156.339,156.34,8.0,25,0.0
2025-11-27 21:36:00,156.34,156.341,156.34,156.34,5.0,25,0.0
2025-11-27 21:37:00,156.343,156.343,156.339,156.339,14.0,23,0.0
2025-11-27 21:38:00,156.339,156.34,156.339,156.339,3.0,27,0.0
2025-11-27 21:39:00,156.339,156.339,156.339,156.339,1.0,28,0.0
2025-11-27 21:40:00,156.339,156.34,156.339,156.34,6.0,27,0.0
2025-11-27 21:41:00,156.339,156.341,156.339,156.34,9.0,26,0.0
2025-11-27 21:42:00,156.34,156.341,156.339,156.34,12.0,26,0.0
2025-11-27 21:43:00,156.339,156.341,156.339,156.34,33.0,23,0.0
2025-11-27 21:44:00,156.34,156.34,156.337,156.337,36.0,24,0.0
2025-11-27 21:45:00,156.339,156.339,156.32,156.32,27.0,25,0.0
2025-11-27 21:46:00,156.32,156.32,156.318,156.319,21.0,25,0.0
2025-11-27 21:47:00,156.32,156.321,156.317,156.32,15.0,25,0.0
2025-11-27 21:48:00,156.32,156.321,156.314,156.315,29.0,26,0.0
2025-11-27 21:49:00,156.316,156.317,156.312,156.314,18.0,26,0.0
2025-11-27 21:50:00,156.313,156.313,156.311,156.312,20.0,26,0.0
2025-11-27 21:51:00,156.313,156.316,156.313,156.314,23.0,25,0.0
2025-11-27 21:52:00,156.314,156.329,156.313,156.328,61.0,26,0.0
2025-11-27 21:53:00,156.329,156.332,156.326,156.327,31.0,26,0.0
2025-11-27 21:54:00,156.326,156.327,156.324,156.327,35.0,26,0.0
2025-11-27 21:55:00,156.327,156.327,156.325,156.327,16.0,25,0.0
2025-11-27 21:56:00,156.327,156.328,156.325,156.325,31.0,22,0.0
2025-11-27 21:57:00,156.325,156.328,156.325,156.326,7.0,23,0.0
2025-11-27 21:58:00,156.325,156.326,156.325,156.326,6.0,26,0.0
2025-11-27 21:59:00,156.323,156.325,156.319,156.324,51.0,24,0.0
2025-11-27 22:00:00,156.324,156.326,156.308,156.308,74.0,22,0.0
2025-11-27 22:01:00,156.309,156.311,156.302,156.304,14.0,24,0.0
2025-11-27 22:02:00,156.305,156.306,156.304,156.305,11.0,23,0.0
2025-11-27 22:03:00,156.306,156.306,156.304,156.306,8.0,26,0.0
2025-11-27 22:04:00,156.304,156.311,156.304,156.309,11.0,25,0.0
2025-11-27 22:05:00,156.309,156.309,156.306,156.306,5.0,25,0.0
2025-11-27 22:06:00,156.307,156.31,156.306,156.307,14.0,26,0.0
2025-11-27 22:07:00,156.306,156.314,156.306,156.313,18.0,26,0.0
2025-11-27 22:08:00,156.312,156.315,156.312,156.312,12.0,27,0.0
2025-11-27 22:09:00,156.313,156.315,156.312,156.314,19.0,27,0.0
2025-11-27 22:10:00,156.313,156.318,156.312,156.317,17.0,26,0.0
2025-11-27 22:11:00,156.319,156.319,156.313,156.315,10.0,24,0.0
2025-11-27 22:12:00,156.314,156.316,156.312,156.316,38.0,26,0.0
2025-11-27 22:13:00,156.315,156.316,156.312,156.314,71.0,26,0.0
2025-11-27 22:14:00,156.313,156.314,156.312,156.312,8.0,29,0.0
2025-11-27 22:15:00,156.313,156.313,156.308,156.31,16.0,27,0.0
2025-11-27 22:16:00,156.309,156.311,156.309,156.311,5.0,26,0.0
2025-11-27 22:17:00,156.311,156.311,156.308,156.309,11.0,27,0.0
2025-11-27 22:18:00,156.31,156.31,156.308,156.309,22.0,27,0.0
2025-11-27 22:19:00,156.308,156.311,156.308,156.309,15.0,26,0.0
2025-11-27 22:20:00,156.31,156.31,156.306,156.308,34.0,27,0.0
2025-11-27 22:21:00,156.309,156.312,156.307,156.307,21.0,26,0.0
2025-11-27 22:22:00,156.308,156.309,156.307,156.307,18.0,28,0.0
2025-11-27 22:23:00,156.307,156.307,156.306,156.307,3.0,26,0.0
2025-11-27 22:24:00,156.305,156.309,156.305,156.308,19.0,26,0.0
2025-11-27 22:25:00,156.307,156.308,156.306,156.308,10.0,27,0.0
2025-11-27 22:26:00,156.312,156.312,156.307,156.307,23.0,26,0.0
2025-11-27 22:27:00,156.307,156.309,156.307,156.309,11.0,27,0.0
2025-11-27 22:28:00,156.308,156.309,156.308,156.308,5.0,28,0.0
2025-11-27 22:29:00,156.308,156.313,156.308,156.311,23.0,25,0.0
2025-11-27 22:30:00,156.312,156.313,156.307,156.309,15.0,26,0.0
2025-11-27 22:31:00,156.309,156.314,156.309,156.31,27.0,25,0.0
2025-11-27 22:32:00,156.31,156.311,156.307,156.307,20.0,26,0.0
2025-11-27 22:33:00,156.307,156.307,156.289,156.289,22.0,26,0.0
2025-11-27 22:34:00,156.289,156.289,156.276,156.276,27.0,24,0.0
2025-11-27 22:35:00,156.276,156.278,156.264,156.267,49.0,25,0.0
2025-11-27 22:36:00,156.266,156.268,156.255,156.255,66.0,24,0.0
2025-11-27 22:37:00,156.257,156.267,156.255,156.263,22.0,25,0.0
2025-11-27 22:38:00,156.263,156.28,156.263,156.272,36.0,22,0.0
2025-11-27 22:39:00,156.273,156.281,156.272,156.276,38.0,23,0.0
2025-11-27 22:40:00,156.277,156.279,156.275,156.277,16.0,26,0.0
2025-11-27 22:41:00,156.278,156.294,156.278,156.287,38.0,25,0.0
2025-11-27 22:42:00,156.288,156.29,156.287,156.289,24.0,26,0.0
2025-11-27 22:43:00,156.288,156.291,156.288,156.289,22.0,24,0.0
2025-11-27 22:44:00,156.292,156.295,156.279,156.279,39.0,25,0.0
2025-11-27 22:45:00,156.28,156.28,156.274,156.277,88.0,24,0.0
2025-11-27 22:46:00,156.276,156.279,156.273,156.278,75.0,25,0.0
2025-11-27 22:47:00,156.279,156.279,156.275,156.276,72.0,25,0.0
2025-11-27 22:48:00,156.276,156.279,156.275,156.276,42.0,25,0.0
2025-11-27 22:49:00,156.275,156.287,156.275,156.287,30.0,23,0.0
2025-11-27 22:50:00,156.286,156.289,156.286,156.287,16.0,25,0.0
2025-11-27 22:51:00,156.288,156.292,156.282,156.282,57.0,24,0.0
2025-11-27 22:52:00,156.278,156.286,156.278,156.283,10.0,24,0.0
2025-11-27 22:53:00,156.283,156.285,156.283,156.284,7.0,26,0.0
2025-11-27 22:54:00,156.285,156.291,156.284,156.29,15.0,26,0.0
2025-11-27 22:55:00,156.293,156.311,156.29,156.308,37.0,24,0.0
2025-11-27 22:56:00,156.31,156.311,156.308,156.309,19.0,26,0.0
2025-11-27 22:57:00,156.31,156.31,156.301,156.302,35.0,24,0.0
2025-11-27 22:58:00,156.303,156.306,156.302,156.303,16.0,26,0.0
2025-11-27 22:59:00,156.303,156.304,156.303,156.304,10.0,28,0.0
2025-11-27 23:00:00,156.299,156.303,156.288,156.296,27.0,28,0.0
2025-11-27 23:01:00,156.295,156.297,156.287,156.29,35.0,26,0.0
2025-11-27 23:02:00,156.291,156.291,156.29,156.291,83.0,28,0.0
2025-11-27 23:03:00,156.29,156.299,156.29,156.294,33.0,23,0.0
2025-11-27 23:04:00,156.293,156.294,156.292,156.292,22.0,27,0.0
2025-11-27 23:05:00,156.297,156.297,156.291,156.293,10.0,24,0.0
2025-11-27 23:06:00,156.292,156.293,156.292,156.292,5.0,29,0.0
2025-11-27 23:07:00,156.291,156.291,156.291,156.291,1.0,30,0.0
2025-11-27 23:08:00,156.291,156.296,156.291,156.295,8.0,25,0.0
2025-11-27 23:09:00,156.294,156.294,156.294,156.294,1.0,29,0.0
2025-11-27 23:10:00,156.293,156.293,156.292,156.293,3.0,28,0.0
2025-11-27 23:11:00,156.294,156.294,156.287,156.287,17.0,26,0.0
2025-11-27 23:12:00,156.286,156.287,156.286,156.287,4.0,29,0.0
2025-11-27 23:13:00,156.287,156.288,156.287,156.287,3.0,28,0.0
2025-11-27 23:14:00,156.284,156.287,156.281,156.286,6.0,26,0.0
2025-11-27 23:15:00,156.287,156.287,156.286,156.286,4.0,27,0.0
2025-11-27 23:16:00,156.286,156.286,156.282,156.282,2.0,28,0.0
2025-11-27 23:18:00,156.282,156.282,156.276,156.277,11.0,26,0.0
2025-11-27 23:19:00,156.278,156.283,156.276,156.28,6.0,26,0.0
2025-11-27 23:20:00,156.276,156.277,156.255,156.255,38.0,24,0.0
2025-11-27 23:21:00,156.255,156.256,156.252,156.255,35.0,27,0.0
2025-11-27 23:22:00,156.255,156.255,156.255,156.255,1.0,28,0.0
2025-11-27 23:23:00,156.254,156.255,156.254,156.254,3.0,28,0.0
2025-11-27 23:24:00,156.255,156.262,156.253,156.262,16.0,27,0.0
2025-11-27 23:25:00,156.262,156.262,156.262,156.262,1.0,30,0.0
2025-11-27 23:26:00,156.262,156.265,156.262,156.264,7.0,28,0.0
2025-11-27 23:27:00,156.264,156.279,156.264,156.278,21.0,27,0.0
2025-11-27 23:28:00,156.279,156.282,156.277,156.277,5.0,25,0.0
2025-11-27 23:29:00,156.277,156.277,156.277,156.277,1.0,30,0.0
2025-11-27 23:30:00,156.277,156.28,156.275,156.28,13.0,27,0.0
2025-11-27 23:31:00,156.28,156.284,156.278,156.28,13.0,25,0.0
2025-11-27 23:32:00,156.279,156.282,156.279,156.28,8.0,26,0.0
2025-11-27 23:33:00,156.281,156.282,156.281,156.282,4.0,26,0.0
2025-11-27 23:34:00,156.282,156.282,156.277,156.278,8.0,25,0.0
2025-11-27 23:35:00,156.278,156.278,156.277,156.278,3.0,28,0.0
2025-11-27 23:36:00,156.277,156.279,156.277,156.278,9.0,28,0.0
2025-11-27 23:37:00,156.278,156.278,156.277,156.277,8.0,29,0.0
2025-11-27 23:38:00,156.278,156.278,156.277,156.278,7.0,29,0.0
2025-11-27 23:39:00,156.278,156.278,156.276,156.277,10.0,29,0.0
2025-11-27 23:40:00,156.277,156.278,156.277,156.277,3.0,30,0.0
2025-11-27 23:41:00,156.277,156.277,156.27,156.27,4.0,29,0.0
2025-11-27 23:42:00,156.27,156.27,156.269,156.27,5.0,28,0.0
2025-11-27 23:43:00,156.27,156.271,156.27,156.27,15.0,31,0.0
2025-11-27 23:44:00,156.271,156.272,156.271,156.271,3.0,30,0.0
2025-11-27 23:45:00,156.272,156.272,156.262,156.262,38.0,29,0.0
2025-11-27 23:46:00,156.263,156.265,156.263,156.263,12.0,28,0.0
2025-11-27 23:47:00,156.265,156.269,156.265,156.267,5.0,28,0.0
2025-11-27 23:48:00,156.266,156.268,156.266,156.266,7.0,28,0.0
2025-11-27 23:49:00,156.266,156.267,156.266,156.267,2.0,31,0.0
2025-11-27 23:50:00,156.267,156.278,156.267,156.278,7.0,29,0.0
2025-11-27 23:51:00,156.28,156.283,156.28,156.283,8.0,29,0.0
2025-11-27 23:52:00,156.281,156.281,156.279,156.28,4.0,31,0.0
2025-11-27 23:53:00,156.279,156.279,156.274,156.276,10.0,33,0.0
2025-11-27 23:54:00,156.275,156.277,156.275,156.277,5.0,34,0.0
2025-11-27 23:55:00,156.274,156.275,156.273,156.274,11.0,37,0.0
2025-11-27 23:56:00,156.273,156.274,156.273,156.273,3.0,38,0.0
2025-11-27 23:57:00,156.272,156.279,156.272,156.274,8.0,33,0.0
2025-11-27 23:58:00,156.277,156.289,156.273,156.286,48.0,33,0.0
2025-11-27 23:59:00,156.291,156.291,156.254,156.254,41.0,33,0.0
2025-11-28 00:00:00,156.252,156.252,156.224,156.24,6.0,104,0.0
2025-11-28 00:01:00,156.24,156.24,156.24,156.24,1.0,128,0.0
2025-11-28 00:02:00,156.24,156.24,156.24,156.24,1.0,128,0.0
2025-11-28 00:03:00,156.24,156.24,156.24,156.24,1.0,120,0.0
2025-11-28 00:04:00,156.24,156.24,156.24,156.24,1.0,120,0.0
2025-11-28 00:05:00,156.249,156.255,156.248,156.249,6.0,101,0.0
2025-11-28 00:06:00,156.249,156.249,156.249,156.249,1.0,107,0.0
2025-11-28 00:07:00,156.251,156.251,156.247,156.247,2.0,104,0.0
2025-11-28 00:08:00,156.253,156.253,156.247,156.253,5.0,90,0.0
2025-11-28 00:09:00,156.249,156.268,156.245,156.268,6.0,83,0.0
2025-11-28 00:10:00,156.268,156.278,156.268,156.278,2.0,85,0.0
2025-11-28 00:11:00,156.279,156.287,156.275,156.287,7.0,79,0.0
2025-11-28 00:12:00,156.287,156.29,156.286,156.286,4.0,74,0.0
2025-11-28 00:13:00,156.286,156.286,156.284,156.284,2.0,82,0.0
2025-11-28 00:14:00,156.284,156.284,156.284,156.284,1.0,84,0.0
2025-11-28 00:15:00,156.286,156.292,156.285,156.288,19.0,68,0.0
2025-11-28 00:16:00,156.288,156.289,156.284,156.288,7.0,68,0.0
2025-11-28 00:17:00,156.289,156.293,156.288,156.293,5.0,66,0.0
2025-11-28 00:18:00,156.293,156.298,156.29,156.298,10.0,64,0.0
2025-11-28 00:19:00,156.295,156.298,156.295,156.297,5.0,63,0.0
2025-11-28 00:20:00,156.296,156.298,156.295,156.298,5.0,65,0.0
2025-11-28 00:21:00,156.299,156.299,156.293,156.294,5.0,62,0.0
2025-11-28 00:22:00,156.296,156.296,156.294,156.294,2.0,62,0.0
2025-11-28 00:23:00,156.294,156.295,156.294,156.294,3.0,62,0.0
2025-11-28 00:24:00,156.294,156.295,156.293,156.294,4.0,63,0.0
2025-11-28 00:25:00,156.294,156.294,156.293,156.293,4.0,62,0.0
2025-11-28 00:26:00,156.293,156.294,156.292,156.292,8.0,56,0.0
2025-11-28 00:27:00,156.293,156.295,156.291,156.293,30.0,56,0.0
2025-11-28 00:28:00,156.291,156.303,156.291,156.302,13.0,56,0.0
2025-11-28 00:29:00,156.301,156.301,156.293,156.295,9.0,55,0.0
2025-11-28 00:30:00,156.294,156.295,156.29,156.294,39.0,49,0.0
2025-11-28 00:31:00,156.294,156.296,156.29,156.295,40.0,48,0.0
2025-11-28 00:32:00,156.295,156.295,156.288,156.289,22.0,41,0.0
2025-11-28 00:33:00,156.288,156.293,156.287,156.289,24.0,39,0.0
2025-11-28 00:34:00,156.288,156.289,156.282,156.284,29.0,46,0.0
2025-11-28 00:35:00,156.282,156.288,156.267,156.27,27.0,49,0.0
2025-11-28 00:36:00,156.268,156.268,156.262,156.265,17.0,56,0.0
2025-11-28 00:37:00,156.266,156.266,156.25,156.262,23.0,57,0.0
2025-11-28 00:38:00,156.26,156.262,156.258,156.262,8.0,59,0.0
2025-11-28 00:39:00,156.263,156.272,156.263,156.272,11.0,56,0.0
2025-11-28 00:40:00,156.27,156.277,156.27,156.277,10.0,51,0.0
2025-11-28 00:41:00,156.275,156.276,156.273,156.274,5.0,52,0.0
2025-11-28 00:42:00,156.273,156.275,156.268,156.27,18.0,56,0.0
2025-11-28 00:43:00,156.268,156.271,156.26,156.264,25.0,57,0.0
2025-11-28 00:44:00,156.263,156.265,156.259,156.261,18.0,57,0.0
2025-11-28 00:45:00,156.262,156.273,156.26,156.263,20.0,54,0.0
2025-11-28 00:46:00,156.261,156.264,156.259,156.261,11.0,58,0.0
2025-11-28 00:47:00,156.268,156.268,156.258,156.261,13.0,58,0.0
2025-11-28 00:48:00,156.261,156.263,156.26,156.261,10.0,59,0.0
2025-11-28 00:49:00,156.262,156.264,156.26,156.26,13.0,49,0.0
2025-11-28 00:50:00,156.259,156.259,156.251,156.251,6.0,56,0.0
2025-11-28 00:51:00,156.251,156.252,156.25,156.251,9.0,61,0.0
2025-11-28 00:52:00,156.25,156.254,156.25,156.254,5.0,59,0.0
2025-11-28 00:53:00,156.254,156.254,156.25,156.251,9.0,58,0.0
2025-11-28 00:54:00,156.254,156.256,156.253,156.254,9.0,55,0.0
2025-11-28 00:55:00,156.25,156.256,156.248,156.249,7.0,55,0.0
2025-11-28 00:56:00,156.252,156.256,156.25,156.256,7.0,56,0.0
2025-11-28 00:57:00,156.254,156.256,156.25,156.255,31.0,51,0.0
2025-11-28 00:58:00,156.255,156.258,156.254,156.256,18.0,48,0.0
2025-11-28 00:59:00,156.255,156.257,156.255,156.257,3.0,48,0.0
2025-11-28 01:00:00,156.257,156.27,156.246,156.247,44.0,28,0.0
2025-11-28 01:01:00,156.243,156.247,156.235,156.242,14.0,30,0.0
2025-11-28 01:02:00,156.241,156.246,156.235,156.236,33.0,32,0.0
2025-11-28 01:03:00,156.237,156.238,156.236,156.237,8.0,32,0.0
2025-11-28 01:04:00,156.237,156.239,156.23,156.23,17.0,28,0.0
2025-11-28 01:05:00,156.23,156.23,156.204,156.214,30.0,22,0.0
2025-11-28 01:06:00,156.213,156.213,156.203,156.204,12.0,25,0.0
2025-11-28 01:07:00,156.203,156.221,156.203,156.221,10.0,27,0.0
2025-11-28 01:08:00,156.222,156.228,156.221,156.227,15.0,21,0.0
2025-11-28 01:09:00,156.228,156.262,156.228,156.261,15.0,23,0.0
2025-11-28 01:10:00,156.262,156.262,156.216,156.218,33.0,26,0.0
2025-11-28 01:11:00,156.22,156.22,156.204,156.205,45.0,25,0.0
2025-11-28 01:12:00,156.205,156.218,156.203,156.217,19.0,25,0.0
2025-11-28 01:13:00,156.217,156.224,156.214,156.223,34.0,27,0.0
2025-11-28 01:14:00,156.223,156.23,156.217,156.228,39.0,27,0.0
2025-11-28 01:15:00,156.227,156.227,156.218,156.226,30.0,26,0.0
2025-11-28 01:16:00,156.227,156.228,156.226,156.228,8.0,28,0.0
2025-11-28 01:17:00,156.228,156.228,156.216,156.219,23.0,27,0.0
2025-11-28 01:18:00,156.219,156.219,156.218,156.219,5.0,27,0.0
2025-11-28 01:19:00,156.219,156.219,156.212,156.215,11.0,26,0.0
2025-11-28 01:20:00,156.215,156.216,156.211,156.211,17.0,23,0.0
2025-11-28 01:21:00,156.211,156.221,156.211,156.221,14.0,26,0.0
2025-11-28 01:22:00,156.221,156.226,156.216,156.226,11.0,25,0.0
2025-11-28 01:23:00,156.225,156.228,156.224,156.228,14.0,27,0.0
2025-11-28 01:24:00,156.228,156.228,156.228,156.228,1.0,28,0.0
2025-11-28 01:25:00,156.228,156.238,156.228,156.237,29.0,27,0.0
2025-11-28 01:26:00,156.237,156.238,156.236,156.237,5.0,26,0.0
2025-11-28 01:27:00,156.237,156.237,156.228,156.228,10.0,27,0.0
2025-11-28 01:28:00,156.229,156.231,156.227,156.229,14.0,26,0.0
2025-11-28 01:29:00,156.228,156.228,156.216,156.226,25.0,27,0.0
2025-11-28 01:30:00,156.226,156.226,156.191,156.218,107.0,25,0.0
2025-11-28 01:31:00,156.218,156.218,156.203,156.214,23.0,26,0.0
2025-11-28 01:32:00,156.214,156.242,156.214,156.242,12.0,27,0.0
2025-11-28 01:33:00,156.241,156.299,156.241,156.291,36.0,26,0.0
2025-11-28 01:34:00,156.291,156.298,156.265,156.288,40.0,23,0.0
2025-11-28 01:35:00,156.289,156.292,156.28,156.29,52.0,22,0.0
2025-11-28 01:36:00,156.291,156.292,156.273,156.277,25.0,25,0.0
2025-11-28 01:37:00,156.277,156.278,156.258,156.259,15.0,23,0.0
2025-11-28 01:38:00,156.26,156.26,156.253,156.254,17.0,25,0.0
2025-11-28 01:39:00,156.254,156.256,156.252,156.252,27.0,26,0.0
2025-11-28 01:40:00,156.254,156.275,156.252,156.274,31.0,25,0.0
2025-11-28 01:41:00,156.274,156.278,156.266,156.268,36.0,25,0.0
2025-11-28 01:42:00,156.267,156.267,156.261,156.264,25.0,27,0.0
2025-11-28 01:43:00,156.264,156.27,156.263,156.269,28.0,26,0.0
2025-11-28 01:44:00,156.268,156.277,156.266,156.266,20.0,25,0.0
2025-11-28 01:45:00,156.267,156.27,156.259,156.265,44.0,26,0.0
2025-11-28 01:46:00,156.265,156.276,156.264,156.274,42.0,27,0.0
2025-11-28 01:47:00,156.275,156.279,156.273,156.279,20.0,27,0.0
2025-11-28 01:48:00,156.278,156.291,156.278,156.289,21.0,27,0.0
2025-11-28 01:49:00,156.288,156.296,156.288,156.289,14.0,29,0.0
2025-11-28 01:50:00,156.289,156.289,156.277,156.279,8.0,27,0.0
2025-11-28 01:51:00,156.279,156.279,156.279,156.279,1.0,27,0.0
2025-11-28 01:52:00,156.277,156.278,156.262,156.264,17.0,24,0.0
2025-11-28 01:53:00,156.264,156.265,156.264,156.265,2.0,27,0.0
2025-11-28 01:54:00,156.266,156.268,156.264,156.268,6.0,26,0.0
2025-11-28 01:55:00,156.268,156.268,156.266,156.268,4.0,27,0.0
2025-11-28 01:56:00,156.271,156.281,156.268,156.281,11.0,26,0.0
2025-11-28 01:57:00,156.281,156.281,156.278,156.278,5.0,25,0.0
2025-11-28 01:58:00,156.278,156.29,156.278,156.289,8.0,25,0.0
2025-11-28 01:59:00,156.289,156.289,156.274,156.277,18.0,23,0.0
2025-11-28 02:00:00,156.277,156.284,156.263,156.263,36.0,23,0.0
2025-11-28 02:01:00,156.239,156.24,156.18,156.191,117.0,21,0.0
2025-11-28 02:02:00,156.189,156.265,156.189,156.265,74.0,23,0.0
2025-11-28 02:03:00,156.265,156.292,156.262,156.278,52.0,21,0.0
2025-11-28 02:04:00,156.279,156.313,156.241,156.241,95.0,21,0.0
2025-11-28 02:05:00,156.248,156.251,156.2,156.241,105.0,22,0.0
2025-11-28 02:06:00,156.24,156.24,156.225,156.233,19.0,23,0.0
2025-11-28 02:07:00,156.231,156.232,156.211,156.212,41.0,25,0.0
2025-11-28 02:08:00,156.212,156.212,156.186,156.19,28.0,21,0.0
2025-11-28 02:09:00,156.193,156.224,156.185,156.217,65.0,24,0.0
2025-11-28 02:10:00,156.217,156.218,156.18,156.188,44.0,21,0.0
2025-11-28 02:11:00,156.187,156.204,156.18,156.199,47.0,21,0.0
2025-11-28 02:12:00,156.199,156.199,156.183,156.19,21.0,23,0.0
2025-11-28 02:13:00,156.191,156.192,156.179,156.191,51.0,23,0.0
2025-11-28 02:14:00,156.192,156.193,156.174,156.175,30.0,23,0.0
2025-11-28 02:15:00,156.173,156.182,156.163,156.167,64.0,21,0.0
2025-11-28 02:16:00,156.167,156.184,156.165,156.183,63.0,22,0.0
2025-11-28 02:17:00,156.183,156.206,156.181,156.199,77.0,23,0.0
2025-11-28 02:18:00,156.198,156.208,156.193,156.205,63.0,21,0.0
2025-11-28 02:19:00,156.206,156.239,156.206,156.229,66.0,22,0.0
2025-11-28 02:20:00,156.229,156.26,156.228,156.252,72.0,22,0.0
2025-11-28 02:21:00,156.253,156.267,156.236,156.252,122.0,22,0.0
2025-11-28 02:22:00,156.253,156.262,156.248,156.255,88.0,22,0.0
2025-11-28 02:23:00,156.256,156.256,156.227,156.236,95.0,23,0.0
2025-11-28 02:24:00,156.236,156.243,156.228,156.24,77.0,22,0.0
2025-11-28 02:25:00,156.245,156.262,156.245,156.251,67.0,21,0.0
2025-11-28 02:26:00,156.251,156.277,156.248,156.276,23.0,21,0.0
2025-11-28 02:27:00,156.276,156.317,156.265,156.299,99.0,21,0.0
2025-11-28 02:28:00,156.298,156.317,156.296,156.317,56.0,21,0.0
2025-11-28 02:29:00,156.315,156.322,156.3,156.312,98.0,21,0.0
2025-11-28 02:30:00,156.311,156.324,156.311,156.313,78.0,23,0.0
2025-11-28 02:31:00,156.313,156.32,156.311,156.311,44.0,21,0.0
2025-11-28 02:32:00,156.312,156.336,156.311,156.335,50.0,21,0.0
2025-11-28 02:33:00,156.335,156.347,156.322,156.324,113.0,23,0.0
2025-11-28 02:34:00,156.323,156.324,156.298,156.303,78.0,21,0.0
2025-11-28 02:35:00,156.303,156.31,156.297,156.299,80.0,21,0.0
2025-11-28 02:36:00,156.299,156.313,156.299,156.31,22.0,21,0.0
2025-11-28 02:37:00,156.311,156.317,156.238,156.278,132.0,21,0.0
2025-11-28 02:38:00,156.281,156.296,156.27,156.274,124.0,22,0.0
2025-11-28 02:39:00,156.273,156.313,156.27,156.312,117.0,22,0.0
2025-11-28 02:40:00,156.311,156.345,156.303,156.344,141.0,21,0.0
2025-11-28 02:41:00,156.343,156.343,156.334,156.339,79.0,21,0.0
2025-11-28 02:42:00,156.339,156.351,156.339,156.351,107.0,22,0.0
2025-11-28 02:43:00,156.35,156.351,156.331,156.335,144.0,23,0.0
2025-11-28 02:44:00,156.337,156.366,156.337,156.363,227.0,22,0.0
2025-11-28 02:45:00,156.362,156.392,156.361,156.384,168.0,21,0.0
2025-11-28 02:46:00,156.384,156.427,156.384,156.42,237.0,21,0.0
2025-11-28 02:47:00,156.421,156.449,156.421,156.449,78.0,21,0.0
2025-11-28 02:48:00,156.448,156.449,156.414,156.414,135.0,22,0.0
2025-11-28 02:49:00,156.414,156.45,156.41,156.448,121.0,21,0.0
2025-11-28 02:50:00,156.449,156.474,156.449,156.464,124.0,21,0.0
2025-11-28 02:51:00,156.462,156.465,156.439,156.443,143.0,21,0.0
2025-11-28 02:52:00,156.444,156.466,156.409,156.466,214.0,21,0.0
2025-11-28 02:53:00,156.466,156.57,156.462,156.57,259.0,21,0.0
2025-11-28 02:54:00,156.569,156.569,156.515,156.526,358.0,21,0.0
2025-11-28 02:55:00,156.522,156.533,156.46,156.464,262.0,21,0.0
2025-11-28 02:56:00,156.463,156.487,156.437,156.438,157.0,21,0.0
2025-11-28 02:57:00,156.437,156.447,156.42,156.436,165.0,22,0.0
2025-11-28 02:58:00,156.435,156.449,156.433,156.434,101.0,21,0.0
2025-11-28 02:59:00,156.434,156.45,156.425,156.434,134.0,23,0.0
2025-11-28 03:00:00,156.433,156.435,156.371,156.391,166.0,22,0.0
2025-11-28 03:01:00,156.39,156.411,156.382,156.392,80.0,23,0.0
2025-11-28 03:02:00,156.391,156.391,156.349,156.351,85.0,21,0.0
2025-11-28 03:03:00,156.351,156.359,156.33,156.332,68.0,21,0.0
2025-11-28 03:04:00,156.331,156.335,156.309,156.329,167.0,24,0.0
2025-11-28 03:05:00,156.331,156.343,156.32,156.341,112.0,23,0.0
2025-11-28 03:06:00,156.338,156.374,156.338,156.367,115.0,24,0.0
2025-11-28 03:07:00,156.367,156.386,156.331,156.336,115.0,23,0.0
2025-11-28 03:08:00,156.334,156.341,156.321,156.328,81.0,21,0.0
2025-11-28 03:09:00,156.328,156.364,156.327,156.36,117.0,23,0.0
2025-11-28 03:10:00,156.367,156.379,156.34,156.351,105.0,21,0.0
2025-11-28 03:11:00,156.351,156.357,156.343,156.35,60.0,23,0.0
2025-11-28 03:12:00,156.349,156.349,156.338,156.345,71.0,23,0.0
2025-11-28 03:13:00,156.345,156.389,156.345,156.383,91.0,23,0.0
2025-11-28 03:14:00,156.382,156.393,156.38,156.386,62.0,24,0.0
2025-11-28 03:15:00,156.387,156.426,156.382,156.406,95.0,21,0.0
2025-11-28 03:16:00,156.407,156.407,156.38,156.384,67.0,23,0.0
2025-11-28 03:17:00,156.383,156.383,156.349,156.355,92.0,21,0.0
2025-11-28 03:18:00,156.356,156.375,156.353,156.37,110.0,21,0.0
2025-11-28 03:19:00,156.37,156.371,156.349,156.352,103.0,21,0.0
2025-11-28 03:20:00,156.35,156.364,156.343,156.349,87.0,22,0.0
2025-11-28 03:21:00,156.351,156.361,156.336,156.336,130.0,21,0.0
2025-11-28 03:22:00,156.335,156.357,156.334,156.345,76.0,22,0.0
2025-11-28 03:23:00,156.346,156.361,156.343,156.359,70.0,23,0.0
2025-11-28 03:24:00,156.36,156.373,156.359,156.362,70.0,22,0.0
2025-11-28 03:25:00,156.362,156.386,156.362,156.372,27.0,21,0.0
2025-11-28 03:26:00,156.372,156.389,156.372,156.387,28.0,21,0.0
2025-11-28 03:27:00,156.389,156.394,156.385,156.391,45.0,22,0.0
2025-11-28 03:28:00,156.39,156.39,156.371,156.381,79.0,21,0.0
2025-11-28 03:29:00,156.38,156.381,156.372,156.38,48.0,23,0.0
2025-11-28 03:30:00,156.38,156.429,156.359,156.413,126.0,21,0.0
2025-11-28 03:31:00,156.414,156.418,156.403,156.405,77.0,23,0.0
2025-11-28 03:32:00,156.405,156.421,156.4,156.421,67.0,21,0.0
2025-11-28 03:33:00,156.422,156.447,156.422,156.435,54.0,22,0.0
2025-11-28 03:34:00,156.436,156.436,156.422,156.423,31.0,22,0.0
2025-11-28 03:35:00,156.423,156.425,156.418,156.423,41.0,21,0.0
2025-11-28 03:36:00,156.423,156.436,156.42,156.422,90.0,21,0.0
2025-11-28 03:37:00,156.424,156.427,156.412,156.414,61.0,21,0.0
2025-11-28 03:38:00,156.414,156.414,156.402,156.408,75.0,21,0.0
2025-11-28 03:39:00,156.409,156.41,156.399,156.402,49.0,21,0.0
2025-11-28 03:40:00,156.403,156.408,156.399,156.401,54.0,23,0.0
2025-11-28 03:41:00,156.401,156.411,156.4,156.408,47.0,23,0.0
2025-11-28 03:42:00,156.408,156.412,156.392,156.393,25.0,21,0.0
2025-11-28 03:43:00,156.393,156.394,156.386,156.389,42.0,22,0.0
2025-11-28 03:44:00,156.388,156.389,156.383,156.385,34.0,22,0.0
2025-11-28 03:45:00,156.386,156.388,156.379,156.384,30.0,23,0.0
2025-11-28 03:46:00,156.383,156.389,156.383,156.386,23.0,24,0.0
2025-11-28 03:47:00,156.386,156.393,156.383,156.384,25.0,23,0.0
2025-11-28 03:48:00,156.383,156.389,156.381,156.388,26.0,23,0.0
2025-11-28 03:49:00,156.387,156.389,156.38,156.381,24.0,24,0.0
2025-11-28 03:50:00,156.377,156.38,156.372,156.378,33.0,23,0.0
2025-11-28 03:51:00,156.377,156.38,156.373,156.379,36.0,24,0.0
2025-11-28 03:52:00,156.379,156.385,156.376,156.385,70.0,24,0.0
2025-11-28 03:53:00,156.384,156.385,156.377,156.377,20.0,23,0.0
2025-11-28 03:54:00,156.385,156.385,156.374,156.374,19.0,24,0.0
2025-11-28 03:55:00,156.375,156.397,156.374,156.39,46.0,21,0.0
2025-11-28 03:56:00,156.391,156.391,156.38,156.39,93.0,22,0.0
2025-11-28 03:57:00,156.389,156.396,156.389,156.394,53.0,23,0.0
2025-11-28 03:58:00,156.394,156.394,156.385,156.386,45.0,23,0.0
2025-11-28 03:59:00,156.386,156.386,156.365,156.367,48.0,22,0.0
2025-11-28 04:00:00,156.366,156.371,156.353,156.354,96.0,21,0.0
2025-11-28 04:01:00,156.354,156.356,156.347,156.349,33.0,21,0.0
2025-11-28 04:02:00,156.349,156.352,156.324,156.326,40.0,21,0.0
2025-11-28 04:03:00,156.327,156.335,156.323,156.334,98.0,22,0.0
2025-11-28 04:04:00,156.339,156.342,156.332,156.341,117.0,21,0.0
2025-11-28 04:05:00,156.34,156.346,156.338,156.342,38.0,21,0.0
2025-11-28 04:06:00,156.343,156.346,156.339,156.343,23.0,21,0.0
2025-11-28 04:07:00,156.343,156.344,156.341,156.341,19.0,22,0.0
2025-11-28 04:08:00,156.342,156.352,156.341,156.349,77.0,21,0.0
2025-11-28 04:09:00,156.348,156.35,156.345,156.345,25.0,23,0.0
2025-11-28 04:10:00,156.344,156.353,156.343,156.344,55.0,22,0.0
2025-11-28 04:11:00,156.344,156.35,156.343,156.344,56.0,22,0.0
2025-11-28 04:12:00,156.343,156.345,156.331,156.331,38.0,24,0.0
2025-11-28 04:13:00,156.332,156.335,156.329,156.329,18.0,22,0.0
2025-11-28 04:14:00,156.329,156.329,156.311,156.315,16.0,24,0.0
2025-11-28 04:15:00,156.316,156.326,156.315,156.326,11.0,23,0.0
2025-11-28 04:16:00,156.325,156.325,156.312,156.317,41.0,21,0.0
2025-11-28 04:17:00,156.318,156.324,156.318,156.32,27.0,22,0.0
2025-11-28 04:18:00,156.319,156.324,156.314,156.322,39.0,23,0.0
2025-11-28 04:19:00,156.321,156.322,156.319,156.321,50.0,24,0.0
2025-11-28 04:20:00,156.32,156.323,156.315,156.32,86.0,21,0.0
2025-11-28 04:21:00,156.321,156.322,156.304,156.311,71.0,23,0.0
2025-11-28 04:22:00,156.312,156.316,156.305,156.312,99.0,24,0.0
2025-11-28 04:23:00,156.313,156.314,156.306,156.307,92.0,24,0.0
2025-11-28 04:24:00,156.308,156.314,156.303,156.309,74.0,23,0.0
2025-11-28 04:25:00,156.309,156.313,156.302,156.312,132.0,22,0.0
2025-11-28 04:26:00,156.311,156.311,156.271,156.28,101.0,21,0.0
2025-11-28 04:27:00,156.28,156.285,156.274,156.281,119.0,22,0.0
2025-11-28 04:28:00,156.28,156.285,156.272,156.276,158.0,21,0.0
2025-11-28 04:29:00,156.277,156.281,156.269,156.273,159.0,22,0.0
2025-11-28 04:30:00,156.275,156.279,156.269,156.271,170.0,21,0.0
2025-11-28 04:31:00,156.272,156.277,156.221,156.252,243.0,22,0.0
2025-11-28 04:32:00,156.253,156.253,156.079,156.146,235.0,21,0.0
2025-11-28 04:33:00,156.147,156.199,156.146,156.198,128.0,23,0.0
2025-11-28 04:34:00,156.197,156.227,156.197,156.224,105.0,21,0.0
2025-11-28 04:35:00,156.224,156.225,156.21,156.217,135.0,22,0.0
2025-11-28 04:36:00,156.218,156.233,156.215,156.233,132.0,24,0.0
2025-11-28 04:37:00,156.232,156.262,156.232,156.253,260.0,21,0.0
2025-11-28 04:38:00,156.253,156.264,156.246,156.248,157.0,22,0.0
2025-11-28 04:39:00,156.248,156.261,156.247,156.257,251.0,21,0.0
2025-11-28 04:40:00,156.258,156.262,156.252,156.257,249.0,21,0.0
2025-11-28 04:41:00,156.258,156.271,156.258,156.269,90.0,24,0.0
2025-11-28 04:42:00,156.269,156.269,156.253,156.264,209.0,23,0.0
2025-11-28 04:43:00,156.264,156.271,156.259,156.264,366.0,25,0.0
2025-11-28 04:44:00,156.265,156.27,156.24,156.259,389.0,23,0.0
2025-11-28 04:45:00,156.258,156.267,156.254,156.26,274.0,22,0.0
2025-11-28 04:46:00,156.26,156.264,156.253,156.254,335.0,24,0.0
2025-11-28 04:47:00,156.255,156.258,156.23,156.255,321.0,21,0.0
2025-11-28 04:48:00,156.253,156.266,156.214,156.233,339.0,21,0.0
2025-11-28 04:49:00,156.231,156.282,156.227,156.282,318.0,22,0.0
2025-11-28 04:50:00,156.282,156.321,156.264,156.274,145.0,27,0.0
2025-11-28 04:51:00,156.273,156.33,156.27,156.303,212.0,24,0.0
2025-11-28 04:52:00,156.301,156.301,156.224,156.255,279.0,28,0.0
2025-11-28 04:53:00,156.255,156.333,156.254,156.269,367.0,25,0.0
2025-11-28 04:54:00,156.269,156.319,156.246,156.285,384.0,29,0.0
2025-11-28 04:55:00,156.283,156.324,156.277,156.306,401.0,30,0.0
2025-11-28 04:56:00,156.308,156.312,156.283,156.287,350.0,29,0.0
2025-11-28 04:57:00,156.289,156.298,156.239,156.273,382.0,30,0.0
2025-11-28 04:58:00,156.272,156.274,156.235,156.258,342.0,32,0.0
2025-11-28 04:59:00,156.257,156.274,156.248,156.267,219.0,29,0.0
2025-11-28 05:00:00,156.267,156.269,156.212,156.26,344.0,31,0.0
2025-11-28 05:01:00,156.261,156.273,156.23,156.269,340.0,28,0.0
2025-11-28 05:02:00,156.27,156.291,156.256,156.283,216.0,24,0.0
2025-11-28 05:03:00,156.282,156.291,156.26,156.271,383.0,27,0.0
2025-11-28 05:04:00,156.269,156.288,156.242,156.269,266.0,27,0.0
2025-11-28 05:05:00,156.268,156.296,156.249,156.255,424.0,30,0.0
2025-11-28 05:06:00,156.255,156.272,156.245,156.257,362.0,28,0.0
2025-11-28 05:07:00,156.257,156.288,156.244,156.288,341.0,29,0.0
2025-11-28 05:08:00,156.28,156.284,156.25,156.258,128.0,34,0.0
2025-11-28 05:09:00,156.256,156.265,156.244,156.26,101.0,34,0.0
2025-11-28 05:10:00,156.259,156.259,156.096,156.194,337.0,36,0.0
2025-11-28 05:11:00,156.178,156.237,156.167,156.229,289.0,41,0.0
2025-11-28 05:12:00,156.23,156.233,156.174,156.184,331.0,53,0.0
2025-11-28 05:13:00,156.185,156.258,156.179,156.252,227.0,47,0.0
2025-11-28 05:14:00,156.251,156.274,156.242,156.255,339.0,34,0.0
2025-11-28 05:15:00,156.254,156.274,156.242,156.271,261.0,24,0.0
2025-11-28 05:16:00,156.273,156.282,156.261,156.262,286.0,28,0.0
2025-11-28 05:17:00,156.263,156.284,156.259,156.276,399.0,25,0.0
2025-11-28 05:18:00,156.275,156.287,156.257,156.278,398.0,25,0.0
2025-11-28 05:19:00,156.279,156.281,156.25,156.264,330.0,26,0.0
2025-11-28 05:20:00,156.263,156.294,156.241,156.241,317.0,25,0.0
2025-11-28 05:21:00,156.241,156.252,156.239,156.248,220.0,29,0.0
2025-11-28 05:22:00,156.249,156.276,156.245,156.264,333.0,28,0.0
2025-11-28 05:23:00,156.263,156.268,156.248,156.256,415.0,28,0.0
2025-11-28 05:24:00,156.253,156.279,156.252,156.267,412.0,27,0.0
2025-11-28 05:25:00,156.266,156.278,156.259,156.265,355.0,26,0.0
2025-11-28 05:26:00,156.265,156.28,156.256,156.273,372.0,23,0.0
2025-11-28 05:27:00,156.274,156.281,156.258,156.263,370.0,27,0.0
2025-11-28 05:28:00,156.264,156.279,156.257,156.26,333.0,26,0.0
2025-11-28 05:29:00,156.259,156.264,156.257,156.26,323.0,28,0.0
2025-11-28 05:30:00,156.261,156.272,156.239,156.239,354.0,27,0.0
2025-11-28 05:31:00,156.239,156.255,156.239,156.249,386.0,29,0.0
2025-11-28 05:32:00,156.248,156.253,156.239,156.248,164.0,26,0.0
2025-11-28 05:33:00,156.246,156.269,156.239,156.24,377.0,27,0.0
2025-11-28 05:34:00,156.241,156.253,156.239,156.246,415.0,28,0.0
2025-11-28 05:35:00,156.247,156.247,156.239,156.242,301.0,21,0.0
2025-11-28 05:36:00,156.244,156.258,156.239,156.25,448.0,27,0.0
2025-11-28 05:37:00,156.252,156.262,156.239,156.244,461.0,28,0.0
2025-11-28 05:38:00,156.245,156.253,156.214,156.246,362.0,25,0.0
2025-11-28 05:39:00,156.246,156.252,156.221,156.232,430.0,31,0.0
2025-11-28 05:40:00,156.23,156.233,156.194,156.195,439.0,31,0.0
2025-11-28 05:41:00,156.196,156.238,156.196,156.223,418.0,30,0.0
2025-11-28 05:42:00,156.223,156.24,156.217,156.235,419.0,30,0.0
2025-11-28 05:43:00,156.236,156.244,156.227,156.239,382.0,27,0.0
2025-11-28 05:44:00,156.24,156.257,156.229,156.245,416.0,29,0.0
2025-11-28 05:45:00,156.247,156.27,156.241,156.248,421.0,31,0.0
2025-11-28 05:46:00,156.247,156.253,156.221,156.23,335.0,28,0.0
2025-11-28 05:47:00,156.232,156.235,156.202,156.217,376.0,31,0.0
2025-11-28 05:48:00,156.218,156.25,156.175,156.202,276.0,35,0.0
2025-11-28 05:49:00,156.202,156.264,156.171,156.184,384.0,35,0.0
2025-11-28 05:50:00,156.183,156.209,156.179,156.197,235.0,35,0.0
2025-11-28 05:51:00,156.196,156.213,156.171,156.21,217.0,35,0.0
2025-11-28 05:52:00,156.209,156.231,156.197,156.223,312.0,29,0.0
2025-11-28 05:53:00,156.222,156.252,156.22,156.245,340.0,28,0.0
2025-11-28 05:54:00,156.232,156.236,156.204,156.218,139.0,27,0.0
2025-11-28 05:55:00,156.22,156.251,156.215,156.249,244.0,25,0.0
2025-11-28 05:56:00,156.249,156.258,156.243,156.249,212.0,25,0.0
2025-11-28 05:57:00,156.248,156.258,156.239,156.244,81.0,29,0.0
2025-11-28 05:58:00,156.244,156.261,156.242,156.256,86.0,25,0.0
2025-11-28 05:59:00,156.257,156.261,156.254,156.254,25.0,28,0.0
2025-11-28 06:00:00,156.255,156.256,156.189,156.189,253.0,26,0.0
2025-11-28 06:01:00,156.189,156.271,156.186,156.245,308.0,34,0.0
2025-11-28 06:02:00,156.245,156.269,156.237,156.259,370.0,36,0.0
2025-11-28 06:03:00,156.26,156.274,156.237,156.259,387.0,32,0.0
2025-11-28 06:04:00,156.258,156.265,156.229,156.24,460.0,30,0.0
2025-11-28 06:05:00,156.24,156.257,156.206,156.219,406.0,33,0.0
2025-11-28 06:06:00,156.22,156.235,156.216,156.225,269.0,30,0.0
2025-11-28 06:07:00,156.226,156.238,156.2,156.212,307.0,27,0.0
2025-11-28 06:08:00,156.212,156.229,156.207,156.218,318.0,30,0.0
2025-11-28 06:09:00,156.217,156.228,156.195,156.22,337.0,28,0.0
2025-11-28 06:10:00,156.22,156.225,156.2,156.225,360.0,30,0.0
2025-11-28 06:11:00,156.224,156.224,156.195,156.206,330.0,24,0.0
2025-11-28 06:12:00,156.204,156.214,156.194,156.204,343.0,29,0.0
2025-11-28 06:13:00,156.207,156.215,156.201,156.208,287.0,32,0.0
2025-11-28 06:14:00,156.208,156.213,156.178,156.182,325.0,27,0.0
2025-11-28 06:15:00,156.18,156.207,156.176,156.204,345.0,31,0.0
2025-11-28 06:16:00,156.204,156.224,156.194,156.223,261.0,28,0.0
2025-11-28 06:17:00,156.223,156.232,156.183,156.226,335.0,27,0.0
2025-11-28 06:18:00,156.227,156.235,156.206,156.212,348.0,31,0.0
2025-11-28 06:19:00,156.21,156.229,156.183,156.203,249.0,29,0.0
2025-11-28 06:20:00,156.201,156.224,156.2,156.216,276.0,30,0.0
2025-11-28 06:21:00,156.217,156.234,156.197,156.201,174.0,31,0.0
2025-11-28 06:22:00,156.201,156.203,156.19,156.195,67.0,24,0.0
2025-11-28 06:23:00,156.195,156.198,156.186,156.197,87.0,27,0.0
2025-11-28 06:24:00,156.197,156.228,156.186,156.205,237.0,32,0.0
2025-11-28 06:25:00,156.203,156.212,156.19,156.209,276.0,30,0.0
2025-11-28 06:26:00,156.21,156.227,156.175,156.177,240.0,29,0.0
2025-11-28 06:27:00,156.178,156.206,156.174,156.197,333.0,30,0.0
2025-11-28 06:28:00,156.195,156.22,156.176,156.215,267.0,28,0.0
2025-11-28 06:29:00,156.214,156.216,156.201,156.205,93.0,29,0.0
2025-11-28 06:30:00,156.207,156.232,156.203,156.209,306.0,27,0.0
2025-11-28 06:31:00,156.209,156.217,156.203,156.205,199.0,24,0.0
2025-11-28 06:32:00,156.205,156.214,156.201,156.209,307.0,28,0.0
2025-11-28 06:33:00,156.208,156.222,156.199,156.203,245.0,29,0.0
2025-11-28 06:34:00,156.203,156.222,156.2,156.221,255.0,29,0.0
2025-11-28 06:35:00,156.222,156.228,156.203,156.21,351.0,29,0.0
2025-11-28 06:36:00,156.209,156.228,156.206,156.211,307.0,33,0.0
2025-11-28 06:37:00,156.209,156.232,156.204,156.231,380.0,29,0.0
2025-11-28 06:38:00,156.227,156.232,156.204,156.225,402.0,27,0.0
2025-11-28 06:39:00,156.226,156.233,156.204,156.22,416.0,24,0.0
2025-11-28 06:40:00,156.223,156.223,156.201,156.222,388.0,24,0.0
2025-11-28 06:41:00,156.223,156.228,156.2,156.221,323.0,28,0.0
2025-11-28 06:42:00,156.219,156.222,156.197,156.207,233.0,26,0.0
2025-11-28 06:43:00,156.206,156.211,156.202,156.208,269.0,29,0.0
2025-11-28 06:44:00,156.209,156.216,156.202,156.209,295.0,26,0.0
2025-11-28 06:45:00,156.21,156.224,156.2,156.2,222.0,24,0.0
2025-11-28 06:46:00,156.201,156.209,156.197,156.203,283.0,26,0.0
2025-11-28 06:47:00,156.202,156.214,156.192,156.202,341.0,26,0.0
2025-11-28 06:48:00,156.203,156.21,156.177,156.19,312.0,26,0.0
2025-11-28 06:49:00,156.19,156.204,156.175,156.197,177.0,27,0.0
2025-11-28 06:50:00,156.197,156.209,156.181,156.193,314.0,26,0.0
2025-11-28 06:51:00,156.194,156.204,156.189,156.201,249.0,26,0.0
2025-11-28 06:52:00,156.2,156.208,156.188,156.195,289.0,24,0.0
2025-11-28 06:53:00,156.195,156.212,156.185,156.203,326.0,23,0.0
2025-11-28 06:54:00,156.205,156.217,156.196,156.207,238.0,24,0.0
2025-11-28 06:55:00,156.21,156.212,156.191,156.198,283.0,23,0.0
2025-11-28 06:56:00,156.198,156.216,156.192,156.201,316.0,25,0.0
2025-11-28 06:57:00,156.201,156.216,156.189,156.197,334.0,26,0.0
2025-11-28 06:58:00,156.199,156.206,156.192,156.202,249.0,26,0.0
2025-11-28 06:59:00,156.202,156.237,156.196,156.208,211.0,28,0.0
2025-11-28 07:00:00,156.207,156.242,156.197,156.226,391.0,27,0.0
2025-11-28 07:01:00,156.223,156.296,156.213,156.286,248.0,21,0.0
2025-11-28 07:02:00,156.286,156.286,156.211,156.247,408.0,21,0.0
2025-11-28 07:03:00,156.248,156.265,156.243,156.256,344.0,27,0.0
2025-11-28 07:04:00,156.254,156.273,156.239,156.272,380.0,25,0.0
2025-11-28 07:05:00,156.271,156.279,156.254,156.275,271.0,26,0.0
2025-11-28 07:06:00,156.276,156.283,156.271,156.277,335.0,25,0.0
2025-11-28 07:07:00,156.276,156.28,156.254,156.27,308.0,24,0.0
2025-11-28 07:08:00,156.271,156.276,156.227,156.234,306.0,26,0.0
2025-11-28 07:09:00,156.235,156.25,156.229,156.242,241.0,31,0.0
2025-11-28 07:10:00,156.242,156.258,156.235,156.235,248.0,33,0.0
2025-11-28 07:11:00,156.235,156.267,156.224,156.267,216.0,28,0.0
2025-11-28 07:12:00,156.267,156.28,156.26,156.267,124.0,26,0.0
2025-11-28 07:13:00,156.267,156.269,156.224,156.257,436.0,34,0.0
2025-11-28 07:14:00,156.258,156.279,156.245,156.275,349.0,28,0.0
2025-11-28 07:15:00,156.276,156.355,156.27,156.343,367.0,21,0.0
2025-11-28 07:16:00,156.343,156.355,156.258,156.293,431.0,24,0.0
2025-11-28 07:17:00,156.293,156.386,156.267,156.3,466.0,29,0.0
2025-11-28 07:18:00,156.299,156.302,156.256,156.291,386.0,31,0.0
2025-11-28 07:19:00,156.29,156.315,156.273,156.303,353.0,33,0.0
2025-11-28 07:20:00,156.303,156.324,156.294,156.308,313.0,32,0.0
2025-11-28 07:21:00,156.307,156.311,156.295,156.295,369.0,29,0.0
2025-11-28 07:22:00,156.295,156.339,156.262,156.304,393.0,29,0.0
2025-11-28 07:23:00,156.304,156.342,156.304,156.33,156.0,21,0.0
2025-11-28 07:24:00,156.327,156.368,156.314,156.318,299.0,21,0.0
2025-11-28 07:25:00,156.321,156.34,156.317,156.334,439.0,25,0.0
2025-11-28 07:26:00,156.335,156.338,156.295,156.314,439.0,26,0.0
2025-11-28 07:27:00,156.311,156.343,156.294,156.334,463.0,27,0.0
2025-11-28 07:28:00,156.336,156.347,156.293,156.333,333.0,23,0.0
2025-11-28 07:29:00,156.333,156.335,156.271,156.288,267.0,22,0.0
2025-11-28 07:30:00,156.288,156.299,156.274,156.283,311.0,24,0.0
2025-11-28 07:31:00,156.284,156.328,156.278,156.307,334.0,27,0.0
2025-11-28 07:32:00,156.307,156.322,156.294,156.311,369.0,24,0.0
2025-11-28 07:33:00,156.318,156.33,156.279,156.305,377.0,21,0.0
2025-11-28 07:34:00,156.304,156.32,156.274,156.298,428.0,22,0.0
2025-11-28 07:35:00,156.295,156.319,156.284,156.313,471.0,29,0.0
2025-11-28 07:36:00,156.311,156.349,156.281,156.346,386.0,26,0.0
2025-11-28 07:37:00,156.341,156.341,156.29,156.309,411.0,27,0.0
2025-11-28 07:38:00,156.307,156.321,156.291,156.321,384.0,27,0.0
2025-11-28 07:39:00,156.319,156.327,156.292,156.297,370.0,29,0.0
2025-11-28 07:40:00,156.296,156.347,156.293,156.335,364.0,21,0.0
2025-11-28 07:41:00,156.332,156.346,156.311,156.324,321.0,21,0.0
2025-11-28 07:42:00,156.323,156.341,156.293,156.317,355.0,30,0.0
2025-11-28 07:43:00,156.32,156.343,156.319,156.338,333.0,29,0.0
2025-11-28 07:44:00,156.34,156.352,156.333,156.34,427.0,27,0.0
2025-11-28 07:45:00,156.341,156.349,156.333,156.34,371.0,24,0.0
2025-11-28 07:46:00,156.339,156.342,156.333,156.342,332.0,25,0.0
2025-11-28 07:47:00,156.338,156.341,156.331,156.339,243.0,28,0.0
2025-11-28 07:48:00,156.338,156.34,156.328,156.335,230.0,27,0.0
2025-11-28 07:49:00,156.334,156.341,156.321,156.336,220.0,26,0.0
2025-11-28 07:50:00,156.338,156.359,156.322,156.348,475.0,27,0.0
2025-11-28 07:51:00,156.354,156.376,156.329,156.346,459.0,24,0.0
2025-11-28 07:52:00,156.343,156.384,156.334,156.371,376.0,30,0.0
2025-11-28 07:53:00,156.371,156.372,156.335,156.346,345.0,32,0.0
2025-11-28 07:54:00,156.345,156.378,156.342,156.359,230.0,32,0.0
2025-11-28 07:55:00,156.357,156.391,156.356,156.382,167.0,31,0.0
2025-11-28 07:56:00,156.382,156.384,156.337,156.359,283.0,29,0.0
2025-11-28 07:57:00,156.361,156.365,156.333,156.356,257.0,32,0.0
2025-11-28 07:58:00,156.353,156.382,156.33,156.374,196.0,30,0.0
2025-11-28 07:59:00,156.375,156.381,156.319,156.332,214.0,32,0.0
2025-11-28 08:00:00,156.332,156.385,156.32,156.374,246.0,30,0.0
2025-11-28 08:01:00,156.373,156.382,156.357,156.36,286.0,27,0.0
2025-11-28 08:02:00,156.358,156.369,156.357,156.366,299.0,23,0.0
2025-11-28 08:03:00,156.364,156.385,156.35,156.357,339.0,27,0.0
2025-11-28 08:04:00,156.356,156.37,156.336,156.367,390.0,31,0.0
2025-11-28 08:05:00,156.368,156.369,156.343,156.353,323.0,33,0.0
2025-11-28 08:06:00,156.353,156.373,156.342,156.362,292.0,29,0.0
2025-11-28 08:07:00,156.361,156.372,156.348,156.361,271.0,28,0.0
2025-11-28 08:08:00,156.362,156.384,156.342,156.362,401.0,27,0.0
2025-11-28 08:09:00,156.362,156.382,156.346,156.352,331.0,29,0.0
2025-11-28 08:10:00,156.351,156.379,156.35,156.36,340.0,29,0.0
2025-11-28 08:11:00,156.361,156.377,156.338,156.348,267.0,24,0.0
2025-11-28 08:12:00,156.348,156.365,156.34,156.361,289.0,23,0.0
2025-11-28 08:13:00,156.362,156.382,156.362,156.371,227.0,25,0.0
2025-11-28 08:14:00,156.372,156.377,156.345,156.368,288.0,25,0.0
2025-11-28 08:15:00,156.369,156.408,156.345,156.39,312.0,21,0.0
2025-11-28 08:16:00,156.39,156.41,156.362,156.402,213.0,30,0.0
2025-11-28 08:17:00,156.402,156.402,156.363,156.383,307.0,31,0.0
2025-11-28 08:18:00,156.383,156.426,156.378,156.403,325.0,23,0.0
2025-11-28 08:19:00,156.407,156.409,156.386,156.393,445.0,26,0.0
2025-11-28 08:20:00,156.395,156.396,156.386,156.387,291.0,21,0.0
2025-11-28 08:21:00,156.387,156.397,156.386,156.388,303.0,29,0.0
2025-11-28 08:22:00,156.386,156.4,156.384,156.386,247.0,26,0.0
2025-11-28 08:23:00,156.386,156.393,156.386,156.386,50.0,27,0.0
2025-11-28 08:24:00,156.386,156.39,156.356,156.374,272.0,21,0.0
2025-11-28 08:25:00,156.375,156.394,156.344,156.352,328.0,31,0.0
2025-11-28 08:26:00,156.354,156.396,156.354,156.362,169.0,29,0.0
2025-11-28 08:27:00,156.361,156.373,156.343,156.345,231.0,27,0.0
2025-11-28 08:28:00,156.347,156.377,156.344,156.361,201.0,29,0.0
2025-11-28 08:29:00,156.359,156.368,156.34,156.365,230.0,26,0.0
2025-11-28 08:30:00,156.367,156.389,156.347,156.352,292.0,23,0.0
2025-11-28 08:31:00,156.351,156.379,156.343,156.351,215.0,28,0.0
2025-11-28 08:32:00,156.353,156.38,156.342,156.371,340.0,26,0.0
2025-11-28 08:33:00,156.37,156.37,156.345,156.358,239.0,28,0.0
2025-11-28 08:34:00,156.359,156.377,156.345,156.36,220.0,29,0.0
2025-11-28 08:35:00,156.359,156.359,156.336,156.34,289.0,28,0.0
2025-11-28 08:36:00,156.34,156.343,156.335,156.337,325.0,25,0.0
2025-11-28 08:37:00,156.337,156.343,156.336,156.339,246.0,29,0.0
2025-11-28 08:38:00,156.34,156.344,156.336,156.339,298.0,30,0.0
2025-11-28 08:39:00,156.339,156.342,156.336,156.337,208.0,30,0.0
2025-11-28 08:40:00,156.338,156.345,156.336,156.343,180.0,26,0.0
2025-11-28 08:41:00,156.343,156.347,156.336,156.336,258.0,29,0.0
2025-11-28 08:42:00,156.339,156.353,156.335,156.338,390.0,28,0.0
2025-11-28 08:43:00,156.339,156.362,156.339,156.346,351.0,26,0.0
2025-11-28 08:44:00,156.347,156.359,156.339,156.341,356.0,24,0.0
2025-11-28 08:45:00,156.344,156.356,156.339,156.354,288.0,21,0.0
2025-11-28 08:46:00,156.352,156.361,156.344,156.355,212.0,21,0.0
2025-11-28 08:47:00,156.357,156.41,156.351,156.41,200.0,21,0.0
2025-11-28 08:48:00,156.409,156.416,156.38,156.402,376.0,26,0.0
2025-11-28 08:49:00,156.399,156.409,156.387,156.407,474.0,27,0.0
2025-11-28 08:50:00,156.405,156.415,156.371,156.408,373.0,28,0.0
2025-11-28 08:51:00,156.409,156.421,156.376,156.396,256.0,31,0.0
2025-11-28 08:52:00,156.395,156.399,156.379,156.392,272.0,34,0.0
2025-11-28 08:53:00,156.393,156.402,156.382,156.382,229.0,34,0.0
2025-11-28 08:54:00,156.381,156.392,156.355,156.39,246.0,32,0.0
2025-11-28 08:55:00,156.39,156.397,156.386,156.393,228.0,30,0.0
2025-11-28 08:56:00,156.394,156.398,156.362,156.371,315.0,21,0.0
2025-11-28 08:57:00,156.373,156.375,156.365,156.373,169.0,26,0.0
2025-11-28 08:58:00,156.373,156.376,156.368,156.37,125.0,29,0.0
2025-11-28 08:59:00,156.369,156.375,156.367,156.367,123.0,30,0.0
2025-11-28 09:00:00,156.367,156.378,156.336,156.376,305.0,23,0.0
2025-11-28 09:01:00,156.375,156.377,156.357,156.365,248.0,33,0.0
2025-11-28 09:02:00,156.365,156.382,156.361,156.38,54.0,26,0.0
2025-11-28 09:03:00,156.38,156.38,156.362,156.368,131.0,27,0.0
2025-11-28 09:04:00,156.368,156.385,156.363,156.376,280.0,23,0.0
2025-11-28 09:05:00,156.374,156.383,156.366,156.373,207.0,27,0.0
2025-11-28 09:06:00,156.37,156.385,156.358,156.379,257.0,25,0.0
2025-11-28 09:07:00,156.381,156.383,156.363,156.375,267.0,25,0.0
2025-11-28 09:08:00,156.373,156.377,156.35,156.376,236.0,28,0.0
2025-11-28 09:09:00,156.375,156.377,156.366,156.372,237.0,28,0.0
2025-11-28 09:10:00,156.372,156.382,156.364,156.376,289.0,26,0.0
2025-11-28 09:11:00,156.374,156.382,156.363,156.378,294.0,24,0.0
2025-11-28 09:12:00,156.379,156.381,156.358,156.362,295.0,25,0.0
2025-11-28 09:13:00,156.362,156.382,156.351,156.376,313.0,25,0.0
2025-11-28 09:14:00,156.377,156.381,156.363,156.366,305.0,25,0.0
2025-11-28 09:15:00,156.365,156.377,156.347,156.365,340.0,27,0.0
2025-11-28 09:16:00,156.364,156.371,156.358,156.364,278.0,24,0.0
2025-11-28 09:17:00,156.365,156.372,156.358,156.361,276.0,22,0.0
2025-11-28 09:18:00,156.363,156.364,156.334,156.358,330.0,25,0.0
2025-11-28 09:19:00,156.357,156.37,156.349,156.368,338.0,26,0.0
2025-11-28 09:20:00,156.367,156.372,156.352,156.367,365.0,26,0.0
2025-11-28 09:21:00,156.367,156.373,156.358,156.361,216.0,26,0.0
2025-11-28 09:22:00,156.36,156.363,156.337,156.352,372.0,25,0.0
2025-11-28 09:23:00,156.351,156.361,156.345,156.35,298.0,25,0.0
2025-11-28 09:24:00,156.351,156.364,156.339,156.34,258.0,23,0.0
2025-11-28 09:25:00,156.341,156.365,156.341,156.353,178.0,27,0.0
2025-11-28 09:26:00,156.351,156.386,156.347,156.365,164.0,22,0.0
2025-11-28 09:27:00,156.366,156.39,156.356,156.385,232.0,21,0.0
2025-11-28 09:28:00,156.385,156.388,156.368,156.38,267.0,22,0.0
2025-11-28 09:29:00,156.381,156.385,156.346,156.363,274.0,23,0.0
2025-11-28 09:30:00,156.364,156.367,156.336,156.356,266.0,25,0.0
2025-11-28 09:31:00,156.354,156.361,156.344,156.355,308.0,25,0.0
2025-11-28 09:32:00,156.356,156.372,156.348,156.368,270.0,26,0.0
2025-11-28 09:33:00,156.369,156.37,156.347,156.352,384.0,25,0.0
2025-11-28 09:34:00,156.352,156.378,156.348,156.363,264.0,21,0.0
2025-11-28 09:35:00,156.364,156.388,156.34,156.388,346.0,21,0.0
2025-11-28 09:36:00,156.387,156.389,156.34,156.371,291.0,21,0.0
2025-11-28 09:37:00,156.374,156.389,156.335,156.388,266.0,21,0.0
2025-11-28 09:38:00,156.387,156.388,156.371,156.373,38.0,21,0.0
2025-11-28 09:39:00,156.374,156.376,156.369,156.374,109.0,29,0.0
2025-11-28 09:40:00,156.374,156.376,156.371,156.374,128.0,29,0.0
2025-11-28 09:41:00,156.374,156.378,156.37,156.372,115.0,27,0.0
2025-11-28 09:42:00,156.372,156.374,156.308,156.36,224.0,29,0.0
2025-11-28 09:43:00,156.361,156.371,156.348,156.362,274.0,32,0.0
2025-11-28 09:44:00,156.362,156.368,156.339,156.34,251.0,30,0.0
2025-11-28 09:45:00,156.34,156.371,156.33,156.356,321.0,25,0.0
2025-11-28 09:46:00,156.358,156.367,156.355,156.355,221.0,29,0.0
2025-11-28 09:47:00,156.355,156.377,156.345,156.36,354.0,21,0.0
2025-11-28 09:48:00,156.359,156.387,156.359,156.373,278.0,21,0.0
2025-11-28 09:49:00,156.375,156.381,156.346,156.364,323.0,21,0.0
2025-11-28 09:50:00,156.366,156.372,156.348,156.36,328.0,21,0.0
2025-11-28 09:51:00,156.359,156.372,156.341,156.358,413.0,21,0.0
2025-11-28 09:52:00,156.361,156.363,156.329,156.343,448.0,21,0.0
2025-11-28 09:53:00,156.343,156.35,156.306,156.32,380.0,21,0.0
2025-11-28 09:54:00,156.306,156.355,156.3,156.342,352.0,21,0.0
2025-11-28 09:55:00,156.343,156.364,156.307,156.309,425.0,21,0.0
2025-11-28 09:56:00,156.31,156.332,156.289,156.297,386.0,27,0.0
2025-11-28 09:57:00,156.294,156.309,156.269,156.287,462.0,25,0.0
2025-11-28 09:58:00,156.286,156.3,156.271,156.296,369.0,23,0.0
2025-11-28 09:59:00,156.298,156.309,156.282,156.29,290.0,26,0.0
2025-11-28 10:00:00,156.285,156.329,156.27,156.3,435.0,24,0.0
2025-11-28 10:01:00,156.303,156.333,156.293,156.305,387.0,27,0.0
2025-11-28 10:02:00,156.306,156.317,156.272,156.311,398.0,23,0.0
2025-11-28 10:03:00,156.309,156.326,156.297,156.302,367.0,23,0.0
2025-11-28 10:04:00,156.301,156.308,156.285,156.3,316.0,26,0.0
2025-11-28 10:05:00,156.299,156.342,156.298,156.334,354.0,28,0.0
2025-11-28 10:06:00,156.335,156.351,156.315,156.323,364.0,26,0.0
2025-11-28 10:07:00,156.324,156.354,156.319,156.343,385.0,26,0.0
2025-11-28 10:08:00,156.343,156.354,156.335,156.342,446.0,25,0.0
2025-11-28 10:09:00,156.344,156.362,156.336,156.345,357.0,24,0.0
2025-11-28 10:10:00,156.342,156.372,156.339,156.345,383.0,21,0.0
2025-11-28 10:11:00,156.349,156.369,156.334,156.341,282.0,23,0.0
2025-11-28 10:12:00,156.341,156.352,156.339,156.346,262.0,25,0.0
2025-11-28 10:13:00,156.346,156.367,156.342,156.36,275.0,21,0.0
2025-11-28 10:14:00,156.362,156.365,156.351,156.352,141.0,21,0.0
2025-11-28 10:15:00,156.352,156.357,156.314,156.348,259.0,21,0.0
2025-11-28 10:16:00,156.348,156.355,156.343,156.351,191.0,24,0.0
2025-11-28 10:17:00,156.351,156.37,156.338,156.349,260.0,21,0.0
2025-11-28 10:18:00,156.349,156.353,156.34,156.352,173.0,23,0.0
2025-11-28 10:19:00,156.352,156.354,156.344,156.352,128.0,24,0.0
2025-11-28 10:20:00,156.351,156.353,156.334,156.349,342.0,25,0.0
2025-11-28 10:21:00,156.349,156.362,156.335,156.348,413.0,25,0.0
2025-11-28 10:22:00,156.351,156.357,156.34,156.345,302.0,33,0.0
2025-11-28 10:23:00,156.346,156.36,156.333,156.338,308.0,29,0.0
2025-11-28 10:24:00,156.34,156.343,156.331,156.334,299.0,29,0.0
2025-11-28 10:25:00,156.336,156.342,156.331,156.341,360.0,23,0.0
2025-11-28 10:26:00,156.337,156.344,156.325,156.34,297.0,26,0.0
2025-11-28 10:27:00,156.337,156.347,156.329,156.341,309.0,25,0.0
2025-11-28 10:28:00,156.341,156.345,156.334,156.341,235.0,25,0.0
2025-11-28 10:29:00,156.341,156.343,156.325,156.337,214.0,26,0.0
2025-11-28 10:30:00,156.34,156.357,156.318,156.318,436.0,23,0.0
2025-11-28 10:31:00,156.319,156.353,156.311,156.346,411.0,28,0.0
2025-11-28 10:32:00,156.341,156.355,156.33,156.35,361.0,26,0.0
2025-11-28 10:33:00,156.347,156.357,156.335,156.345,374.0,22,0.0
2025-11-28 10:34:00,156.344,156.35,156.278,156.29,362.0,25,0.0
2025-11-28 10:35:00,156.289,156.358,156.285,156.349,435.0,23,0.0
2025-11-28 10:36:00,156.345,156.353,156.332,156.34,406.0,26,0.0
2025-11-28 10:37:00,156.339,156.352,156.286,156.296,482.0,29,0.0
2025-11-28 10:38:00,156.295,156.325,156.282,156.324,293.0,33,0.0
2025-11-28 10:39:00,156.319,156.345,156.318,156.343,370.0,35,0.0
2025-11-28 10:40:00,156.343,156.349,156.333,156.334,428.0,29,0.0
2025-11-28 10:41:00,156.333,156.35,156.31,156.332,466.0,28,0.0
2025-11-28 10:42:00,156.327,156.348,156.327,156.34,371.0,28,0.0
2025-11-28 10:43:00,156.342,156.348,156.334,156.342,338.0,29,0.0
2025-11-28 10:44:00,156.342,156.35,156.329,156.341,384.0,21,0.0
2025-11-28 10:45:00,156.343,156.348,156.327,156.34,323.0,23,0.0
2025-11-28 10:46:00,156.339,156.353,156.332,156.342,395.0,24,0.0
2025-11-28 10:47:00,156.343,156.355,156.332,156.345,388.0,24,0.0
2025-11-28 10:48:00,156.351,156.351,156.276,156.293,429.0,25,0.0
2025-11-28 10:49:00,156.293,156.328,156.271,156.316,367.0,36,0.0
2025-11-28 10:50:00,156.318,156.323,156.272,156.28,329.0,36,0.0
2025-11-28 10:51:00,156.28,156.288,156.266,156.286,398.0,35,0.0
2025-11-28 10:52:00,156.288,156.347,156.28,156.34,458.0,33,0.0
2025-11-28 10:53:00,156.337,156.34,156.312,156.316,409.0,29,0.0
2025-11-28 10:54:00,156.317,156.334,156.316,156.321,421.0,35,0.0
2025-11-28 10:55:00,156.324,156.329,156.292,156.303,482.0,32,0.0
2025-11-28 10:56:00,156.301,156.32,156.286,156.317,164.0,25,0.0
2025-11-28 10:57:00,156.32,156.359,156.316,156.353,225.0,22,0.0
2025-11-28 10:58:00,156.355,156.356,156.342,156.349,336.0,22,0.0
2025-11-28 10:59:00,156.346,156.353,156.337,156.341,282.0,21,0.0
2025-11-28 11:00:00,156.341,156.355,156.333,156.333,320.0,23,0.0
2025-11-28 11:01:00,156.333,156.353,156.282,156.331,427.0,27,0.0
2025-11-28 11:02:00,156.328,156.359,156.319,156.333,369.0,21,0.0
2025-11-28 11:03:00,156.334,156.339,156.289,156.326,433.0,30,0.0
2025-11-28 11:04:00,156.325,156.336,156.269,156.33,367.0,37,0.0
2025-11-28 11:05:00,156.332,156.362,156.315,156.343,395.0,21,0.0
2025-11-28 11:06:00,156.34,156.357,156.335,156.354,264.0,23,0.0
2025-11-28 11:07:00,156.354,156.359,156.336,156.346,301.0,21,0.0
2025-11-28 11:08:00,156.346,156.346,156.278,156.285,353.0,23,0.0
2025-11-28 11:09:00,156.283,156.308,156.266,156.294,330.0,37,0.0
2025-11-28 11:10:00,156.294,156.32,156.289,156.301,282.0,38,0.0
2025-11-28 11:11:00,156.305,156.313,156.288,156.298,335.0,37,0.0
2025-11-28 11:12:00,156.298,156.313,156.279,156.298,420.0,40,0.0
2025-11-28 11:13:00,156.297,156.324,156.293,156.314,393.0,35,0.0
2025-11-28 11:14:00,156.312,156.318,156.268,156.286,353.0,36,0.0
2025-11-28 11:15:00,156.292,156.322,156.275,156.282,358.0,36,0.0
2025-11-28 11:16:00,156.279,156.314,156.275,156.294,349.0,39,0.0
2025-11-28 11:17:00,156.293,156.313,156.266,156.267,459.0,36,0.0
2025-11-28 11:18:00,156.267,156.299,156.248,156.258,244.0,21,0.0
2025-11-28 11:19:00,156.259,156.307,156.24,156.305,231.0,31,0.0
2025-11-28 11:20:00,156.311,156.339,156.275,156.282,506.0,38,0.0
2025-11-28 11:21:00,156.282,156.303,156.242,156.284,423.0,33,0.0
2025-11-28 11:22:00,156.285,156.289,156.244,156.247,460.0,42,0.0
2025-11-28 11:23:00,156.246,156.289,156.245,156.279,384.0,35,0.0
2025-11-28 11:24:00,156.279,156.295,156.257,156.271,189.0,31,0.0
2025-11-28 11:25:00,156.269,156.283,156.265,156.274,312.0,25,0.0
2025-11-28 11:26:00,156.273,156.283,156.266,156.276,290.0,24,0.0
2025-11-28 11:27:00,156.278,156.283,156.268,156.282,364.0,24,0.0
2025-11-28 11:28:00,156.282,156.333,156.274,156.327,379.0,21,0.0
2025-11-28 11:29:00,156.327,156.33,156.275,156.297,340.0,24,0.0
2025-11-28 11:30:00,156.298,156.307,156.272,156.295,318.0,26,0.0
2025-11-28 11:31:00,156.296,156.306,156.282,156.303,364.0,26,0.0
2025-11-28 11:32:00,156.303,156.31,156.287,156.302,318.0,26,0.0
2025-11-28 11:33:00,156.302,156.315,156.295,156.301,340.0,21,0.0
2025-11-28 11:34:00,156.298,156.329,156.266,156.269,400.0,27,0.0
2025-11-28 11:35:00,156.269,156.279,156.243,156.265,391.0,39,0.0
2025-11-28 11:36:00,156.265,156.307,156.256,156.299,285.0,37,0.0
2025-11-28 11:37:00,156.298,156.304,156.272,156.283,386.0,29,0.0
2025-11-28 11:38:00,156.284,156.29,156.267,156.287,349.0,29,0.0
2025-11-28 11:39:00,156.286,156.293,156.274,156.284,393.0,25,0.0
2025-11-28 11:40:00,156.286,156.288,156.25,156.263,347.0,28,0.0
2025-11-28 11:41:00,156.263,156.268,156.25,156.255,317.0,36,0.0
2025-11-28 11:42:00,156.25,156.256,156.219,156.251,367.0,37,0.0
2025-11-28 11:43:00,156.255,156.29,156.246,156.278,325.0,31,0.0
2025-11-28 11:44:00,156.281,156.289,156.249,156.259,306.0,27,0.0
2025-11-28 11:45:00,156.26,156.274,156.206,156.218,423.0,29,0.0
2025-11-28 11:46:00,156.218,156.26,156.21,156.258,379.0,33,0.0
2025-11-28 11:47:00,156.257,156.273,156.223,156.226,447.0,40,0.0
2025-11-28 11:48:00,156.225,156.291,156.222,156.283,424.0,32,0.0
2025-11-28 11:49:00,156.284,156.29,156.262,156.282,359.0,27,0.0
2025-11-28 11:50:00,156.283,156.327,156.265,156.287,420.0,34,0.0
2025-11-28 11:51:00,156.289,156.303,156.242,156.263,364.0,41,0.0
2025-11-28 11:52:00,156.262,156.321,156.258,156.318,338.0,37,0.0
2025-11-28 11:53:00,156.319,156.324,156.286,156.296,267.0,40,0.0
2025-11-28 11:54:00,156.293,156.352,156.286,156.295,304.0,30,0.0
2025-11-28 11:55:00,156.293,156.298,156.283,156.288,209.0,40,0.0
2025-11-28 11:56:00,156.287,156.346,156.277,156.296,250.0,29,0.0
2025-11-28 11:57:00,156.294,156.312,156.284,156.305,238.0,26,0.0
2025-11-28 11:58:00,156.303,156.338,156.285,156.324,164.0,26,0.0
2025-11-28 11:59:00,156.324,156.328,156.299,156.305,165.0,27,0.0
2025-11-28 12:00:00,156.305,156.306,156.292,156.296,123.0,28,0.0
2025-11-28 12:01:00,156.297,156.322,156.291,156.297,213.0,27,0.0
2025-11-28 12:02:00,156.297,156.327,156.294,156.319,245.0,30,0.0
2025-11-28 12:03:00,156.318,156.33,156.297,156.322,209.0,26,0.0
2025-11-28 12:04:00,156.319,156.326,156.305,156.319,202.0,29,0.0
2025-11-28 12:05:00,156.318,156.329,156.304,156.324,74.0,26,0.0
2025-11-28 12:06:00,156.324,156.333,156.306,156.327,195.0,27,0.0
2025-11-28 12:07:00,156.326,156.334,156.298,156.298,163.0,24,0.0
2025-11-28 12:08:00,156.297,156.329,156.295,156.315,333.0,21,0.0
2025-11-28 12:09:00,156.316,156.331,156.308,156.321,253.0,27,0.0
2025-11-28 12:10:00,156.319,156.319,156.266,156.278,303.0,26,0.0
2025-11-28 12:11:00,156.28,156.295,156.253,156.265,265.0,31,0.0
2025-11-28 12:12:00,156.266,156.306,156.259,156.301,326.0,26,0.0
2025-11-28 12:13:00,156.301,156.312,156.288,156.291,329.0,29,0.0
2025-11-28 12:14:00,156.292,156.368,156.264,156.336,361.0,23,0.0
2025-11-28 12:15:00,156.334,156.336,156.254,156.319,358.0,33,0.0
2025-11-28 12:16:00,156.323,156.343,156.253,156.287,350.0,34,0.0
2025-11-28 12:17:00,156.286,156.355,156.286,156.347,254.0,29,0.0
2025-11-28 12:18:00,156.349,156.352,156.256,156.303,310.0,24,0.0
2025-11-28 12:19:00,156.302,156.348,156.284,156.3,351.0,21,0.0
2025-11-28 12:20:00,156.301,156.339,156.282,156.339,215.0,32,0.0
2025-11-28 12:21:00,156.338,156.346,156.274,156.329,290.0,28,0.0
2025-11-28 12:22:00,156.33,156.343,156.288,156.328,331.0,25,0.0
2025-11-28 12:23:00,156.327,156.333,156.28,156.309,332.0,29,0.0
2025-11-28 12:24:00,156.313,156.345,156.273,156.303,310.0,28,0.0
2025-11-28 12:25:00,156.301,156.347,156.3,156.319,288.0,27,0.0
2025-11-28 12:26:00,156.324,156.333,156.244,156.317,423.0,21,0.0
2025-11-28 12:27:00,156.317,156.332,156.31,156.327,321.0,28,0.0
2025-11-28 12:28:00,156.328,156.33,156.285,156.286,272.0,25,0.0
2025-11-28 12:29:00,156.285,156.328,156.282,156.3,277.0,25,0.0
2025-11-28 12:30:00,156.298,156.328,156.278,156.327,308.0,29,0.0
2025-11-28 12:31:00,156.323,156.328,156.272,156.312,408.0,27,0.0
2025-11-28 12:32:00,156.312,156.317,156.267,156.314,314.0,28,0.0
2025-11-28 12:33:00,156.314,156.326,156.268,156.282,287.0,29,0.0
2025-11-28 12:34:00,156.282,156.309,156.257,156.308,189.0,31,0.0
2025-11-28 12:35:00,156.31,156.323,156.297,156.323,227.0,29,0.0
2025-11-28 12:36:00,156.322,156.326,156.262,156.293,318.0,26,0.0
2025-11-28 12:37:00,156.293,156.321,156.254,156.269,278.0,27,0.0
2025-11-28 12:38:00,156.27,156.31,156.27,156.308,227.0,32,0.0
2025-11-28 12:39:00,156.307,156.313,156.261,156.313,202.0,33,0.0
2025-11-28 12:40:00,156.313,156.314,156.274,156.277,246.0,35,0.0
2025-11-28 12:41:00,156.278,156.311,156.256,156.284,311.0,33,0.0
2025-11-28 12:42:00,156.283,156.314,156.282,156.305,268.0,34,0.0
2025-11-28 12:43:00,156.305,156.312,156.303,156.307,104.0,33,0.0
2025-11-28 12:44:00,156.308,156.311,156.246,156.29,219.0,31,0.0
2025-11-28 12:45:00,156.291,156.317,156.271,156.278,307.0,26,0.0
2025-11-28 12:46:00,156.278,156.31,156.271,156.291,308.0,36,0.0
2025-11-28 12:47:00,156.29,156.318,156.286,156.313,359.0,32,0.0
2025-11-28 12:48:00,156.316,156.32,156.297,156.304,280.0,25,0.0
2025-11-28 12:49:00,156.305,156.315,156.298,156.304,324.0,26,0.0
2025-11-28 12:50:00,156.303,156.316,156.281,156.281,309.0,27,0.0
2025-11-28 12:51:00,156.282,156.297,156.281,156.29,242.0,28,0.0
2025-11-28 12:52:00,156.291,156.31,156.272,156.285,242.0,29,0.0
2025-11-28 12:53:00,156.285,156.293,156.277,156.286,219.0,21,0.0
2025-11-28 12:54:00,156.286,156.29,156.276,156.279,146.0,22,0.0
2025-11-28 12:55:00,156.277,156.283,156.274,156.276,187.0,22,0.0
2025-11-28 12:56:00,156.276,156.278,156.254,156.266,281.0,23,0.0
2025-11-28 12:57:00,156.265,156.282,156.237,156.257,344.0,32,0.0
2025-11-28 12:58:00,156.255,156.267,156.246,156.258,205.0,34,0.0
2025-11-28 12:59:00,156.258,156.26,156.251,156.253,92.0,35,0.0
2025-11-28 13:00:00,156.252,156.267,156.238,156.246,309.0,38,0.0
2025-11-28 13:01:00,156.246,156.256,156.244,156.253,138.0,38,0.0
2025-11-28 13:02:00,156.253,156.256,156.247,156.247,157.0,40,0.0
2025-11-28 13:03:00,156.248,156.249,156.237,156.241,127.0,41,0.0
2025-11-28 13:04:00,156.242,156.259,156.24,156.258,111.0,39,0.0
2025-11-28 13:05:00,156.258,156.265,156.255,156.256,94.0,38,0.0
2025-11-28 13:06:00,156.255,156.281,156.244,156.275,219.0,37,0.0
2025-11-28 13:07:00,156.28,156.287,156.259,156.263,293.0,34,0.0
2025-11-28 13:08:00,156.264,156.28,156.232,156.263,395.0,36,0.0
2025-11-28 13:09:00,156.26,156.279,156.249,156.262,340.0,39,0.0
2025-11-28 13:10:00,156.261,156.279,156.248,156.248,343.0,34,0.0
2025-11-28 13:11:00,156.246,156.285,156.241,156.282,383.0,21,0.0
2025-11-28 13:12:00,156.281,156.281,156.257,156.27,247.0,29,0.0
2025-11-28 13:13:00,156.271,156.278,156.241,156.248,277.0,26,0.0
2025-11-28 13:14:00,156.247,156.284,156.246,156.273,279.0,29,0.0
2025-11-28 13:15:00,156.269,156.279,156.233,156.277,268.0,30,0.0
2025-11-28 13:16:00,156.278,156.279,156.239,156.243,356.0,27,0.0
2025-11-28 13:17:00,156.244,156.255,156.229,156.253,178.0,32,0.0
2025-11-28 13:18:00,156.253,156.267,156.253,156.263,97.0,30,0.0
2025-11-28 13:19:00,156.264,156.265,156.239,156.242,199.0,27,0.0
2025-11-28 13:20:00,156.242,156.255,156.242,156.255,158.0,31,0.0
2025-11-28 13:21:00,156.254,156.256,156.234,156.243,164.0,29,0.0
2025-11-28 13:22:00,156.245,156.245,156.219,156.229,159.0,27,0.0
2025-11-28 13:23:00,156.23,156.258,156.229,156.24,271.0,28,0.0
2025-11-28 13:24:00,156.241,156.248,156.223,156.226,257.0,26,0.0
2025-11-28 13:25:00,156.229,156.243,156.228,156.235,236.0,27,0.0
2025-11-28 13:26:00,156.235,156.25,156.228,156.232,243.0,23,0.0
2025-11-28 13:27:00,156.233,156.237,156.219,156.231,271.0,28,0.0
2025-11-28 13:28:00,156.232,156.239,156.217,156.229,246.0,25,0.0
2025-11-28 13:29:00,156.231,156.233,156.206,156.216,286.0,28,0.0
2025-11-28 13:30:00,156.215,156.216,156.198,156.199,205.0,31,0.0
2025-11-28 13:31:00,156.198,156.2,156.178,156.188,177.0,30,0.0
2025-11-28 13:32:00,156.187,156.22,156.181,156.218,276.0,28,0.0
2025-11-28 13:33:00,156.218,156.232,156.209,156.209,221.0,28,0.0
2025-11-28 13:34:00,156.208,156.21,156.186,156.197,198.0,29,0.0
2025-11-28 13:35:00,156.198,156.21,156.195,156.205,180.0,33,0.0
2025-11-28 13:36:00,156.206,156.234,156.203,156.218,215.0,28,0.0
2025-11-28 13:37:00,156.218,156.244,156.218,156.232,278.0,29,0.0
2025-11-28 13:38:00,156.231,156.239,156.192,156.196,350.0,25,0.0
2025-11-28 13:39:00,156.197,156.22,156.178,156.218,290.0,27,0.0
2025-11-28 13:40:00,156.218,156.233,156.198,156.231,335.0,24,0.0
2025-11-28 13:41:00,156.231,156.264,156.222,156.255,342.0,26,0.0
2025-11-28 13:42:00,156.26,156.26,156.226,156.237,295.0,26,0.0
2025-11-28 13:43:00,156.238,156.248,156.236,156.244,195.0,24,0.0
2025-11-28 13:44:00,156.244,156.248,156.232,156.244,289.0,21,0.0
2025-11-28 13:45:00,156.242,156.253,156.234,156.248,299.0,21,0.0
2025-11-28 13:46:00,156.248,156.255,156.243,156.251,198.0,25,0.0
2025-11-28 13:47:00,156.25,156.253,156.238,156.239,166.0,27,0.0
2025-11-28 13:48:00,156.24,156.25,156.239,156.25,170.0,27,0.0
2025-11-28 13:49:00,156.249,156.259,156.241,156.242,122.0,27,0.0
2025-11-28 13:50:00,156.243,156.243,156.224,156.235,232.0,25,0.0
2025-11-28 13:51:00,156.234,156.247,156.215,156.217,251.0,25,0.0
2025-11-28 13:52:00,156.216,156.216,156.187,156.188,183.0,28,0.0
2025-11-28 13:53:00,156.188,156.188,156.178,156.179,93.0,28,0.0
2025-11-28 13:54:00,156.178,156.201,156.178,156.186,138.0,29,0.0
2025-11-28 13:55:00,156.186,156.195,156.154,156.155,273.0,26,0.0
2025-11-28 13:56:00,156.159,156.166,156.149,156.161,286.0,25,0.0
2025-11-28 13:57:00,156.164,156.165,156.142,156.146,224.0,26,0.0
2025-11-28 13:58:00,156.147,156.155,156.141,156.153,136.0,24,0.0
2025-11-28 13:59:00,156.152,156.193,156.149,156.192,189.0,27,0.0
2025-11-28 14:00:00,156.193,156.239,156.158,156.239,424.0,21,0.0
2025-11-28 14:01:00,156.223,156.236,156.2,156.205,344.0,21,0.0
2025-11-28 14:02:00,156.204,156.23,156.198,156.21,313.0,21,0.0
2025-11-28 14:03:00,156.21,156.225,156.208,156.214,26.0,27,0.0
2025-11-28 14:04:00,156.218,156.248,156.217,156.221,134.0,23,0.0
2025-11-28 14:05:00,156.221,156.221,156.212,156.216,12.0,26,0.0
2025-11-28 14:06:00,156.216,156.218,156.204,156.208,121.0,25,0.0
2025-11-28 14:07:00,156.208,156.222,156.204,156.213,94.0,23,0.0
2025-11-28 14:08:00,156.209,156.226,156.203,156.216,70.0,21,0.0
2025-11-28 14:09:00,156.214,156.223,156.196,156.204,72.0,22,0.0
2025-11-28 14:10:00,156.204,156.223,156.165,156.171,246.0,21,0.0
2025-11-28 14:11:00,156.17,156.179,156.165,156.173,114.0,26,0.0
2025-11-28 14:12:00,156.172,156.181,156.172,156.18,142.0,27,0.0
2025-11-28 14:13:00,156.182,156.22,156.179,156.213,322.0,26,0.0
2025-11-28 14:14:00,156.209,156.226,156.205,156.217,275.0,27,0.0
2025-11-28 14:15:00,156.221,156.225,156.198,156.202,250.0,23,0.0
2025-11-28 14:16:00,156.202,156.204,156.194,156.198,111.0,22,0.0
2025-11-28 14:17:00,156.196,156.201,156.196,156.197,71.0,24,0.0
2025-11-28 14:18:00,156.196,156.204,156.193,156.196,153.0,23,0.0
2025-11-28 14:19:00,156.195,156.198,156.154,156.154,163.0,22,0.0
2025-11-28 14:20:00,156.154,156.167,156.153,156.158,97.0,21,0.0
2025-11-28 14:21:00,156.157,156.157,156.146,156.148,94.0,21,0.0
2025-11-28 14:22:00,156.148,156.17,156.146,156.166,171.0,21,0.0
2025-11-28 14:23:00,156.166,156.168,156.162,156.162,49.0,22,0.0
2025-11-28 14:24:00,156.163,156.164,156.161,156.163,33.0,22,0.0
2025-11-28 14:25:00,156.163,156.163,156.16,156.162,4.0,23,0.0
2025-11-28 14:26:00,156.161,156.161,156.15,156.158,52.0,21,0.0
2025-11-28 14:27:00,156.158,156.158,156.143,156.145,42.0,23,0.0
2025-11-28 14:28:00,156.145,156.152,156.145,156.147,42.0,22,0.0
2025-11-28 14:29:00,156.147,156.149,156.141,156.141,43.0,23,0.0
2025-11-28 14:30:00,156.142,156.143,156.136,156.138,33.0,22,0.0
2025-11-28 14:31:00,156.137,156.142,156.114,156.12,189.0,22,0.0
2025-11-28 14:32:00,156.12,156.143,156.116,156.13,203.0,21,0.0
2025-11-28 14:33:00,156.131,156.131,156.081,156.094,96.0,23,0.0
2025-11-28 14:34:00,156.094,156.101,156.091,156.095,162.0,22,0.0
2025-11-28 14:35:00,156.095,156.106,156.094,156.104,133.0,23,0.0
2025-11-28 14:36:00,156.102,156.102,156.089,156.093,170.0,21,0.0
2025-11-28 14:37:00,156.093,156.096,156.083,156.088,121.0,23,0.0
2025-11-28 14:38:00,156.089,156.094,156.086,156.087,111.0,22,0.0
2025-11-28 14:39:00,156.087,156.095,156.086,156.086,63.0,22,0.0
2025-11-28 14:40:00,156.087,156.131,156.086,156.125,173.0,22,0.0
2025-11-28 14:41:00,156.124,156.13,156.093,156.097,285.0,24,0.0
2025-11-28 14:42:00,156.099,156.101,156.093,156.094,231.0,24,0.0
2025-11-28 14:43:00,156.095,156.102,156.093,156.102,173.0,22,0.0
2025-11-28 14:44:00,156.101,156.107,156.098,156.102,180.0,23,0.0
2025-11-28 14:45:00,156.101,156.115,156.101,156.108,131.0,25,0.0
2025-11-28 14:46:00,156.106,156.12,156.106,156.116,234.0,25,0.0
2025-11-28 14:47:00,156.115,156.145,156.113,156.135,252.0,24,0.0
2025-11-28 14:48:00,156.134,156.146,156.1,156.1,259.0,24,0.0
2025-11-28 14:49:00,156.102,156.104,156.089,156.092,152.0,24,0.0
2025-11-28 14:50:00,156.093,156.11,156.084,156.103,185.0,21,0.0
2025-11-28 14:51:00,156.104,156.105,156.083,156.086,160.0,24,0.0
2025-11-28 14:52:00,156.086,156.111,156.085,156.098,141.0,22,0.0
2025-11-28 14:53:00,156.1,156.118,156.096,156.112,241.0,22,0.0
2025-11-28 14:54:00,156.111,156.127,156.092,156.106,312.0,21,0.0
2025-11-28 14:55:00,156.107,156.108,156.091,156.099,317.0,21,0.0
2025-11-28 14:56:00,156.099,156.112,156.092,156.107,357.0,21,0.0
2025-11-28 14:57:00,156.107,156.11,156.102,156.104,164.0,21,0.0
2025-11-28 14:58:00,156.103,156.108,156.097,156.097,181.0,21,0.0
2025-11-28 14:59:00,156.097,156.106,156.097,156.104,201.0,21,0.0
2025-11-28 15:00:00,156.103,156.109,156.102,156.108,155.0,21,0.0
2025-11-28 15:01:00,156.109,156.117,156.097,156.105,183.0,21,0.0
2025-11-28 15:02:00,156.107,156.111,156.103,156.108,239.0,21,0.0
2025-11-28 15:03:00,156.105,156.117,156.098,156.11,143.0,21,0.0
2025-11-28 15:04:00,156.109,156.112,156.105,156.108,60.0,21,0.0
2025-11-28 15:05:00,156.105,156.127,156.105,156.123,178.0,21,0.0
2025-11-28 15:06:00,156.124,156.129,156.104,156.104,138.0,22,0.0
2025-11-28 15:07:00,156.104,156.109,156.1,156.102,145.0,21,0.0
2025-11-28 15:08:00,156.102,156.109,156.1,156.105,179.0,22,0.0
2025-11-28 15:09:00,156.107,156.124,156.105,156.11,221.0,21,0.0
2025-11-28 15:10:00,156.11,156.12,156.104,156.113,255.0,22,0.0
2025-11-28 15:11:00,156.111,156.121,156.098,156.103,223.0,22,0.0
2025-11-28 15:12:00,156.104,156.12,156.102,156.105,237.0,21,0.0
2025-11-28 15:13:00,156.106,156.126,156.105,156.12,264.0,22,0.0
2025-11-28 15:14:00,156.119,156.121,156.11,156.114,200.0,23,0.0
2025-11-28 15:15:00,156.113,156.129,156.11,156.119,237.0,22,0.0
2025-11-28 15:16:00,156.118,156.126,156.116,156.123,254.0,21,0.0
2025-11-28 15:17:00,156.123,156.127,156.114,156.127,238.0,21,0.0
2025-11-28 15:18:00,156.127,156.138,156.126,156.132,197.0,21,0.0
2025-11-28 15:19:00,156.135,156.135,156.116,156.123,245.0,21,0.0
2025-11-28 15:20:00,156.126,156.137,156.123,156.127,252.0,21,0.0
2025-11-28 15:21:00,156.129,156.135,156.123,156.126,335.0,21,0.0
2025-11-28 15:22:00,156.127,156.132,156.119,156.124,281.0,21,0.0
2025-11-28 15:23:00,156.123,156.133,156.122,156.124,237.0,21,0.0
2025-11-28 15:24:00,156.125,156.127,156.115,156.116,97.0,21,0.0
2025-11-28 15:25:00,156.116,156.12,156.107,156.109,118.0,21,0.0
2025-11-28 15:26:00,156.107,156.127,156.107,156.114,251.0,21,0.0
2025-11-28 15:27:00,156.113,156.127,156.112,156.117,209.0,22,0.0
2025-11-28 15:28:00,156.114,156.121,156.113,156.116,115.0,21,0.0
2025-11-28 15:29:00,156.114,156.118,156.113,156.115,115.0,22,0.0
2025-11-28 15:30:00,156.12,156.129,156.092,156.126,335.0,21,0.0
2025-11-28 15:31:00,156.125,156.141,156.12,156.135,256.0,21,0.0
2025-11-28 15:32:00,156.134,156.135,156.119,156.125,221.0,22,0.0
2025-11-28 15:33:00,156.124,156.126,156.11,156.115,195.0,21,0.0
2025-11-28 15:34:00,156.115,156.125,156.095,156.118,223.0,21,0.0
2025-11-28 15:35:00,156.12,156.13,156.113,156.124,285.0,21,0.0
2025-11-28 15:36:00,156.125,156.13,156.12,156.121,234.0,21,0.0
2025-11-28 15:37:00,156.12,156.122,156.103,156.107,202.0,22,0.0
2025-11-28 15:38:00,156.106,156.123,156.106,156.107,87.0,23,0.0
2025-11-28 15:39:00,156.107,156.12,156.105,156.113,85.0,21,0.0
2025-11-28 15:40:00,156.113,156.12,156.108,156.108,141.0,21,0.0
2025-11-28 15:41:00,156.109,156.114,156.103,156.103,126.0,21,0.0
2025-11-28 15:42:00,156.102,156.129,156.1,156.114,156.0,21,0.0
2025-11-28 15:43:00,156.115,156.146,156.114,156.14,150.0,22,0.0
2025-11-28 15:44:00,156.141,156.144,156.12,156.122,200.0,21,0.0
2025-11-28 15:45:00,156.122,156.122,156.106,156.113,124.0,21,0.0
2025-11-28 15:46:00,156.112,156.113,156.107,156.108,106.0,23,0.0
2025-11-28 15:47:00,156.109,156.122,156.106,156.11,135.0,22,0.0
2025-11-28 15:48:00,156.11,156.111,156.1,156.105,140.0,21,0.0
2025-11-28 15:49:00,156.103,156.106,156.092,156.1,73.0,21,0.0
2025-11-28 15:50:00,156.099,156.108,156.079,156.084,120.0,21,0.0
2025-11-28 15:51:00,156.085,156.104,156.082,156.089,61.0,21,0.0
2025-11-28 15:52:00,156.089,156.09,156.063,156.065,115.0,21,0.0
2025-11-28 15:53:00,156.067,156.067,156.053,156.062,124.0,21,0.0
2025-11-28 15:54:00,156.063,156.067,156.052,156.059,65.0,23,0.0
2025-11-28 15:55:00,156.06,156.06,156.005,156.017,185.0,21,0.0
2025-11-28 15:56:00,156.018,156.031,156.012,156.02,197.0,21,0.0
2025-11-28 15:57:00,156.019,156.038,156.007,156.008,189.0,21,0.0
2025-11-28 15:58:00,156.006,156.011,155.993,155.996,123.0,21,0.0
2025-11-28 15:59:00,155.996,156.012,155.994,156.009,102.0,21,0.0
2025-11-28 16:00:00,156.009,156.021,155.999,156.019,101.0,21,0.0
2025-11-28 16:01:00,156.021,156.024,155.995,155.996,162.0,21,0.0
2025-11-28 16:02:00,155.997,156.0,155.979,155.991,146.0,21,0.0
2025-11-28 16:03:00,155.99,156.009,155.989,156.006,187.0,23,0.0
2025-11-28 16:04:00,156.007,156.028,156.004,156.025,147.0,21,0.0
2025-11-28 16:05:00,156.026,156.038,156.025,156.029,258.0,21,0.0
2025-11-28 16:06:00,156.027,156.03,156.002,156.007,243.0,22,0.0
2025-11-28 16:07:00,156.007,156.024,156.006,156.012,198.0,23,0.0
2025-11-28 16:08:00,156.011,156.012,155.994,155.997,49.0,22,0.0
2025-11-28 16:09:00,155.997,155.998,155.991,155.993,20.0,22,0.0
2025-11-28 16:10:00,155.993,155.993,155.97,155.986,32.0,22,0.0
2025-11-28 16:11:00,155.986,156.014,155.986,156.014,89.0,21,0.0
2025-11-28 16:12:00,156.013,156.023,156.008,156.022,82.0,22,0.0
2025-11-28 16:13:00,156.022,156.022,156.019,156.02,15.0,22,0.0
2025-11-28 16:14:00,156.02,156.032,156.016,156.03,14.0,21,0.0
2025-11-28 16:15:00,156.031,156.089,156.031,156.087,75.0,21,0.0
2025-11-28 16:16:00,156.088,156.095,156.081,156.084,92.0,23,0.0
2025-11-28 16:17:00,156.084,156.09,156.082,156.087,84.0,23,0.0
2025-11-28 16:18:00,156.085,156.088,156.077,156.078,82.0,22,0.0
2025-11-28 16:19:00,156.077,156.132,156.077,156.132,127.0,21,0.0
2025-11-28 16:20:00,156.132,156.133,156.126,156.132,69.0,23,0.0
2025-11-28 16:21:00,156.131,156.131,156.116,156.129,70.0,22,0.0
2025-11-28 16:22:00,156.129,156.165,156.128,156.165,67.0,22,0.0
2025-11-28 16:23:00,156.164,156.165,156.152,156.163,97.0,21,0.0
2025-11-28 16:24:00,156.163,156.2,156.162,156.199,56.0,22,0.0
2025-11-28 16:25:00,156.198,156.253,156.198,156.239,54.0,21,0.0
2025-11-28 16:26:00,156.24,156.283,156.24,156.275,92.0,22,0.0
2025-11-28 16:27:00,156.274,156.308,156.273,156.296,113.0,22,0.0
2025-11-28 16:28:00,156.297,156.339,156.295,156.311,113.0,21,0.0
2025-11-28 16:29:00,156.31,156.317,156.256,156.268,147.0,22,0.0
2025-11-28 16:30:00,156.269,156.356,156.247,156.348,182.0,22,0.0
2025-11-28 16:31:00,156.347,156.379,156.345,156.36,118.0,22,0.0
2025-11-28 16:32:00,156.361,156.372,156.318,156.326,116.0,21,0.0
2025-11-28 16:33:00,156.326,156.344,156.32,156.332,72.0,23,0.0
2025-11-28 16:34:00,156.333,156.341,156.287,156.293,69.0,25,0.0
2025-11-28 16:35:00,156.292,156.301,156.257,156.258,66.0,21,0.0
2025-11-28 16:36:00,156.259,156.268,156.247,156.256,78.0,23,0.0
2025-11-28 16:37:00,156.255,156.296,156.254,156.284,83.0,22,0.0
2025-11-28 16:38:00,156.284,156.287,156.271,156.273,95.0,23,0.0
2025-11-28 16:39:00,156.272,156.272,156.259,156.271,61.0,21,0.0
2025-11-28 16:40:00,156.27,156.284,156.225,156.225,88.0,23,0.0
2025-11-28 16:41:00,156.226,156.3,156.221,156.298,141.0,24,0.0
2025-11-28 16:42:00,156.298,156.341,156.296,156.321,114.0,22,0.0
2025-11-28 16:43:00,156.319,156.36,156.319,156.345,94.0,22,0.0
2025-11-28 16:44:00,156.346,156.346,156.329,156.34,130.0,24,0.0
2025-11-28 16:45:00,156.34,156.343,156.308,156.316,90.0,24,0.0
2025-11-28 16:46:00,156.312,156.36,156.312,156.35,118.0,22,0.0
2025-11-28 16:47:00,156.35,156.358,156.348,156.358,73.0,23,0.0
2025-11-28 16:48:00,156.358,156.377,156.356,156.359,107.0,21,0.0
2025-11-28 16:49:00,156.358,156.36,156.312,156.313,102.0,21,0.0
2025-11-28 16:50:00,156.315,156.325,156.296,156.323,83.0,22,0.0
2025-11-28 16:51:00,156.322,156.349,156.322,156.344,67.0,21,0.0
2025-11-28 16:52:00,156.344,156.344,156.296,156.298,144.0,23,0.0
2025-11-28 16:53:00,156.296,156.312,156.296,156.312,34.0,23,0.0
2025-11-28 16:54:00,156.311,156.325,156.285,156.291,48.0,23,0.0
2025-11-28 16:55:00,156.289,156.301,156.269,156.295,123.0,24,0.0
2025-11-28 16:56:00,156.295,156.296,156.282,156.283,72.0,23,0.0
2025-11-28 16:57:00,156.284,156.284,156.251,156.259,157.0,22,0.0
2025-11-28 16:58:00,156.259,156.259,156.244,156.252,119.0,23,0.0
2025-11-28 16:59:00,156.252,156.266,156.215,156.232,71.0,23,0.0
2025-11-28 17:00:00,156.232,156.252,156.232,156.245,74.0,23,0.0
2025-11-28 17:01:00,156.245,156.251,156.234,156.235,79.0,24,0.0
2025-11-28 17:02:00,156.235,156.244,156.211,156.211,57.0,23,0.0
2025-11-28 17:03:00,156.211,156.211,156.171,156.185,108.0,21,0.0
2025-11-28 17:04:00,156.185,156.187,156.137,156.163,94.0,22,0.0
2025-11-28 17:05:00,156.162,156.184,156.148,156.178,62.0,21,0.0
2025-11-28 17:06:00,156.18,156.18,156.163,156.174,52.0,23,0.0
2025-11-28 17:07:00,156.176,156.2,156.176,156.186,49.0,23,0.0
2025-11-28 17:08:00,156.187,156.213,156.187,156.213,32.0,22,0.0
2025-11-28 17:09:00,156.213,156.238,156.211,156.236,61.0,23,0.0
2025-11-28 17:10:00,156.237,156.254,156.235,156.248,70.0,24,0.0
2025-11-28 17:11:00,156.241,156.247,156.238,156.246,84.0,25,0.0
2025-11-28 17:12:00,156.247,156.27,156.24,156.269,39.0,25,0.0
2025-11-28 17:13:00,156.269,156.28,156.244,156.248,61.0,24,0.0
2025-11-28 17:14:00,156.249,156.255,156.244,156.251,48.0,24,0.0
2025-11-28 17:15:00,156.252,156.262,156.252,156.257,20.0,24,0.0
2025-11-28 17:16:00,156.257,156.261,156.257,156.258,8.0,23,0.0
2025-11-28 17:17:00,156.258,156.284,156.258,156.284,28.0,25,0.0
2025-11-28 17:18:00,156.284,156.299,156.284,156.294,83.0,24,0.0
2025-11-28 17:19:00,156.296,156.296,156.283,156.293,21.0,24,0.0
2025-11-28 17:20:00,156.292,156.295,156.257,156.258,62.0,25,0.0
2025-11-28 17:21:00,156.258,156.26,156.246,156.249,126.0,21,0.0
2025-11-28 17:22:00,156.251,156.269,156.245,156.261,96.0,24,0.0
2025-11-28 17:23:00,156.26,156.274,156.26,156.268,99.0,28,0.0
2025-11-28 17:24:00,156.268,156.293,156.268,156.284,159.0,25,0.0
2025-11-28 17:25:00,156.284,156.291,156.278,156.288,119.0,24,0.0
2025-11-28 17:26:00,156.288,156.29,156.255,156.257,114.0,24,0.0
2025-11-28 17:27:00,156.258,156.262,156.247,156.256,129.0,25,0.0
2025-11-28 17:28:00,156.256,156.256,156.24,156.245,99.0,27,0.0
2025-11-28 17:29:00,156.246,156.249,156.22,156.226,79.0,27,0.0
2025-11-28 17:30:00,156.225,156.246,156.219,156.243,153.0,27,0.0
2025-11-28 17:31:00,156.242,156.264,156.23,156.247,157.0,27,0.0
2025-11-28 17:32:00,156.247,156.269,156.241,156.263,236.0,27,0.0
2025-11-28 17:33:00,156.265,156.295,156.258,156.279,187.0,21,0.0
2025-11-28 17:34:00,156.279,156.29,156.265,156.265,133.0,24,0.0
2025-11-28 17:35:00,156.264,156.275,156.244,156.249,271.0,24,0.0
2025-11-28 17:36:00,156.249,156.259,156.238,156.243,233.0,24,0.0
2025-11-28 17:37:00,156.245,156.252,156.239,156.243,275.0,27,0.0
2025-11-28 17:38:00,156.241,156.251,156.234,156.236,200.0,28,0.0
2025-11-28 17:39:00,156.237,156.24,156.219,156.22,101.0,26,0.0
2025-11-28 17:40:00,156.22,156.236,156.209,156.23,82.0,24,0.0
2025-11-28 17:41:00,156.23,156.23,156.2,156.211,74.0,25,0.0
2025-11-28 17:42:00,156.21,156.234,156.21,156.223,47.0,27,0.0
2025-11-28 17:43:00,156.224,156.235,156.209,156.222,84.0,23,0.0
2025-11-28 17:44:00,156.222,156.238,156.22,156.234,74.0,24,0.0
2025-11-28 17:45:00,156.233,156.281,156.232,156.267,150.0,24,0.0
2025-11-28 17:46:00,156.262,156.326,156.259,156.319,127.0,21,0.0
2025-11-28 17:47:00,156.319,156.329,156.298,156.305,90.0,23,0.0
2025-11-28 17:48:00,156.306,156.321,156.306,156.319,84.0,25,0.0
2025-11-28 17:49:00,156.319,156.321,156.148,156.161,252.0,23,0.0
2025-11-28 17:50:00,156.162,156.211,156.162,156.211,248.0,22,0.0
2025-11-28 17:51:00,156.21,156.262,156.186,156.222,236.0,23,0.0
2025-11-28 17:52:00,156.224,156.236,156.162,156.174,201.0,24,0.0
2025-11-28 17:53:00,156.175,156.176,156.124,156.147,277.0,23,0.0
2025-11-28 17:54:00,156.146,156.173,156.121,156.124,187.0,24,0.0
2025-11-28 17:55:00,156.125,156.125,156.047,156.054,296.0,23,0.0
2025-11-28 17:56:00,156.055,156.101,156.044,156.055,216.0,23,0.0
2025-11-28 17:57:00,156.056,156.091,155.986,155.997,290.0,21,0.0
2025-11-28 17:58:00,155.996,156.012,155.992,156.003,301.0,21,0.0
2025-11-28 17:59:00,156.003,156.063,155.999,156.023,193.0,21,0.0
2025-11-28 18:00:00,156.022,156.068,156.009,156.021,325.0,21,0.0
2025-11-28 18:01:00,156.022,156.076,155.998,156.076,255.0,21,0.0
2025-11-28 18:02:00,156.08,156.136,156.08,156.09,199.0,21,0.0
2025-11-28 18:03:00,156.091,156.1,156.05,156.056,127.0,21,0.0
2025-11-28 18:04:00,156.055,156.067,156.012,156.065,93.0,22,0.0
2025-11-28 18:05:00,156.067,156.067,156.001,156.005,217.0,21,0.0
2025-11-28 18:06:00,156.005,156.027,155.983,156.011,159.0,23,0.0
2025-11-28 18:07:00,156.009,156.065,155.992,156.065,177.0,21,0.0
2025-11-28 18:08:00,156.064,156.087,156.064,156.077,99.0,25,0.0
2025-11-28 18:09:00,156.085,156.114,156.066,156.112,143.0,22,0.0
2025-11-28 18:10:00,156.112,156.113,156.092,156.113,90.0,22,0.0
2025-11-28 18:11:00,156.113,156.13,156.11,156.113,115.0,21,0.0
2025-11-28 18:12:00,156.112,156.142,156.11,156.137,99.0,21,0.0
2025-11-28 18:13:00,156.135,156.141,156.124,156.125,122.0,24,0.0
2025-11-28 18:14:00,156.124,156.145,156.11,156.143,172.0,25,0.0
2025-11-28 18:15:00,156.143,156.173,156.121,156.166,141.0,26,0.0
2025-11-28 18:16:00,156.166,156.179,156.149,156.17,143.0,23,0.0
2025-11-28 18:17:00,156.169,156.176,156.139,156.139,78.0,26,0.0
2025-11-28 18:18:00,156.142,156.165,156.134,156.165,139.0,26,0.0
2025-11-28 18:19:00,156.165,156.165,156.138,156.141,78.0,26,0.0
2025-11-28 18:20:00,156.141,156.153,156.113,156.126,109.0,23,0.0
2025-11-28 18:21:00,156.134,156.141,156.106,156.132,108.0,25,0.0
2025-11-28 18:22:00,156.131,156.151,156.13,156.151,84.0,22,0.0
2025-11-28 18:23:00,156.147,156.172,156.147,156.161,84.0,23,0.0
2025-11-28 18:24:00,156.162,156.169,156.14,156.162,104.0,27,0.0
2025-11-28 18:25:00,156.162,156.17,156.157,156.158,61.0,26,0.0
2025-11-28 18:26:00,156.158,156.162,156.131,156.146,94.0,23,0.0
2025-11-28 18:27:00,156.147,156.178,156.146,156.173,52.0,23,0.0
2025-11-28 18:28:00,156.172,156.182,156.171,156.177,81.0,22,0.0
2025-11-28 18:29:00,156.176,156.177,156.134,156.155,100.0,22,0.0
2025-11-28 18:30:00,156.155,156.184,156.154,156.183,99.0,21,0.0
2025-11-28 18:31:00,156.177,156.183,156.146,156.146,72.0,21,0.0
2025-11-28 18:32:00,156.145,156.161,156.138,156.158,87.0,21,0.0
2025-11-28 18:33:00,156.159,156.175,156.159,156.161,45.0,21,0.0
2025-11-28 18:34:00,156.161,156.17,156.138,156.169,51.0,21,0.0
2025-11-28 18:35:00,156.169,156.174,156.159,156.163,101.0,22,0.0
2025-11-28 18:36:00,156.164,156.167,156.147,156.167,105.0,23,0.0
2025-11-28 18:37:00,156.17,156.174,156.162,156.163,51.0,24,0.0
2025-11-28 18:38:00,156.164,156.172,156.154,156.159,70.0,21,0.0
2025-11-28 18:39:00,156.16,156.16,156.143,156.149,66.0,23,0.0
2025-11-28 18:40:00,156.148,156.149,156.133,156.149,45.0,24,0.0
2025-11-28 18:41:00,156.149,156.155,156.116,156.128,70.0,22,0.0
2025-11-28 18:42:00,156.127,156.15,156.127,156.145,56.0,22,0.0
2025-11-28 18:43:00,156.145,156.15,156.141,156.148,54.0,24,0.0
2025-11-28 18:44:00,156.148,156.149,156.123,156.123,38.0,23,0.0
2025-11-28 18:45:00,156.123,156.137,156.123,156.126,35.0,21,0.0
2025-11-28 18:46:00,156.126,156.147,156.125,156.147,47.0,23,0.0
2025-11-28 18:47:00,156.146,156.147,156.138,156.139,22.0,23,0.0
2025-11-28 18:48:00,156.14,156.141,156.136,156.139,63.0,23,0.0
2025-11-28 18:49:00,156.139,156.152,156.138,156.15,32.0,23,0.0
2025-11-28 18:50:00,156.15,156.153,156.146,156.153,45.0,24,0.0
2025-11-28 18:51:00,156.153,156.154,156.152,156.153,6.0,24,0.0
2025-11-28 18:52:00,156.152,156.152,156.143,156.15,40.0,23,0.0
2025-11-28 18:53:00,156.149,156.155,156.144,156.152,42.0,22,0.0
2025-11-28 18:54:00,156.151,156.165,156.15,156.164,31.0,22,0.0
2025-11-28 18:55:00,156.164,156.174,156.154,156.174,95.0,22,0.0
2025-11-28 18:56:00,156.173,156.184,156.171,156.181,56.0,23,0.0
2025-11-28 18:57:00,156.18,156.191,156.173,156.178,67.0,25,0.0
2025-11-28 18:58:00,156.175,156.179,156.162,156.169,61.0,24,0.0
2025-11-28 18:59:00,156.17,156.172,156.164,156.165,121.0,23,0.0
2025-11-28 19:00:00,156.164,156.165,156.162,156.164,47.0,24,0.0
2025-11-28 19:01:00,156.163,156.176,156.146,156.173,104.0,22,0.0
2025-11-28 19:02:00,156.172,156.199,156.172,156.199,128.0,24,0.0
2025-11-28 19:03:00,156.198,156.213,156.196,156.199,98.0,24,0.0
2025-11-28 19:04:00,156.198,156.22,156.192,156.211,86.0,21,0.0
2025-11-28 19:05:00,156.212,156.235,156.212,156.234,51.0,24,0.0
2025-11-28 19:06:00,156.235,156.248,156.233,156.243,101.0,24,0.0
2025-11-28 19:07:00,156.242,156.252,156.221,156.222,60.0,24,0.0
2025-11-28 19:08:00,156.222,156.227,156.206,156.21,51.0,24,0.0
2025-11-28 19:09:00,156.209,156.246,156.209,156.226,97.0,23,0.0
2025-11-28 19:10:00,156.225,156.225,156.2,156.2,48.0,24,0.0
2025-11-28 19:11:00,156.201,156.213,156.2,156.212,21.0,23,0.0
2025-11-28 19:12:00,156.213,156.225,156.211,156.221,43.0,24,0.0
2025-11-28 19:13:00,156.221,156.238,156.196,156.2,101.0,25,0.0
2025-11-28 19:14:00,156.206,156.225,156.205,156.22,64.0,25,0.0
2025-11-28 19:15:00,156.22,156.231,156.219,156.23,61.0,23,0.0
2025-11-28 19:16:00,156.231,156.239,156.224,156.237,54.0,24,0.0
2025-11-28 19:17:00,156.236,156.238,156.21,156.214,63.0,21,0.0
2025-11-28 19:18:00,156.212,156.217,156.2,156.216,57.0,21,0.0
2025-11-28 19:19:00,156.214,156.222,156.2,156.2,60.0,25,0.0
2025-11-28 19:20:00,156.201,156.248,156.199,156.225,65.0,21,0.0
2025-11-28 19:21:00,156.226,156.244,156.221,156.222,44.0,25,0.0
2025-11-28 19:22:00,156.219,156.226,156.207,156.209,45.0,23,0.0
2025-11-28 19:23:00,156.21,156.218,156.197,156.197,81.0,21,0.0
2025-11-28 19:24:00,156.197,156.226,156.197,156.224,70.0,25,0.0
2025-11-28 19:25:00,156.223,156.245,156.222,156.245,89.0,22,0.0
2025-11-28 19:26:00,156.244,156.256,156.236,156.245,132.0,21,0.0
2025-11-28 19:27:00,156.237,156.243,156.216,156.216,58.0,23,0.0
2025-11-28 19:28:00,156.215,156.221,156.213,156.215,74.0,22,0.0
2025-11-28 19:29:00,156.214,156.225,156.21,156.22,89.0,23,0.0
2025-11-28 19:30:00,156.22,156.229,156.209,156.226,198.0,24,0.0
2025-11-28 19:31:00,156.227,156.227,156.205,156.206,67.0,21,0.0
2025-11-28 19:32:00,156.206,156.208,156.194,156.196,53.0,23,0.0
2025-11-28 19:33:00,156.196,156.21,156.175,156.186,61.0,25,0.0
2025-11-28 19:34:00,156.185,156.186,156.17,156.174,67.0,24,0.0
2025-11-28 19:35:00,156.176,156.183,156.168,156.17,61.0,23,0.0
2025-11-28 19:36:00,156.169,156.172,156.146,156.151,75.0,23,0.0
2025-11-28 19:37:00,156.151,156.157,156.134,156.134,39.0,23,0.0
2025-11-28 19:38:00,156.134,156.149,156.122,156.135,91.0,21,0.0
2025-11-28 19:39:00,156.135,156.148,156.135,156.141,84.0,23,0.0
2025-11-28 19:40:00,156.141,156.165,156.139,156.149,76.0,23,0.0
2025-11-28 19:41:00,156.152,156.153,156.138,156.138,28.0,21,0.0
2025-11-28 19:42:00,156.139,156.146,156.124,156.137,64.0,22,0.0
2025-11-28 19:43:00,156.138,156.14,156.119,156.137,28.0,23,0.0
2025-11-28 19:44:00,156.138,156.139,156.136,156.136,4.0,25,0.0
2025-11-28 19:45:00,156.136,156.162,156.136,156.162,45.0,24,0.0
2025-11-28 19:46:00,156.16,156.177,156.16,156.177,21.0,24,0.0
2025-11-28 19:47:00,156.18,156.18,156.175,156.175,7.0,26,0.0
2025-11-28 19:48:00,156.175,156.189,156.153,156.176,57.0,22,0.0
2025-11-28 19:49:00,156.175,156.189,156.174,156.183,49.0,24,0.0
2025-11-28 19:50:00,156.184,156.184,156.163,156.17,93.0,24,0.0
2025-11-28 19:51:00,156.171,156.187,156.168,156.176,68.0,24,0.0
2025-11-28 19:52:00,156.176,156.178,156.159,156.159,24.0,24,0.0
2025-11-28 19:53:00,156.16,156.163,156.144,156.145,60.0,25,0.0
2025-11-28 19:54:00,156.146,156.151,156.141,156.151,62.0,25,0.0
2025-11-28 19:55:00,156.151,156.18,156.151,156.164,75.0,23,0.0
2025-11-28 19:56:00,156.166,156.194,156.164,156.192,99.0,23,0.0
2025-11-28 19:57:00,156.191,156.199,156.161,156.178,114.0,23,0.0
2025-11-28 19:58:00,156.177,156.18,156.148,156.148,120.0,24,0.0
2025-11-28 19:59:00,156.149,156.208,156.148,156.198,248.0,22,0.0
2025-11-28 20:00:00,156.202,156.226,156.199,156.221,206.0,22,0.0
2025-11-28 20:01:00,156.22,156.22,156.203,156.207,137.0,24,0.0
2025-11-28 20:02:00,156.208,156.226,156.205,156.211,137.0,23,0.0
2025-11-28 20:03:00,156.212,156.225,156.186,156.189,88.0,24,0.0
2025-11-28 20:04:00,156.189,156.189,156.189,156.189,1.0,26,0.0
2025-11-28 20:05:00,156.191,156.198,156.185,156.187,47.0,22,0.0
2025-11-28 20:06:00,156.186,156.188,156.172,156.186,34.0,25,0.0
2025-11-28 20:07:00,156.187,156.196,156.183,156.186,67.0,21,0.0
2025-11-28 20:08:00,156.185,156.186,156.157,156.163,42.0,26,0.0
2025-11-28 20:09:00,156.162,156.186,156.161,156.186,12.0,23,0.0
2025-11-28 20:10:00,156.186,156.203,156.185,156.198,20.0,24,0.0
2025-11-28 20:11:00,156.194,156.194,156.17,156.17,41.0,21,0.0
2025-11-28 20:12:00,156.17,156.172,156.156,156.157,36.0,23,0.0
2025-11-28 20:13:00,156.157,156.16,156.141,156.152,45.0,21,0.0
2025-11-28 20:14:00,156.152,156.156,156.145,156.155,52.0,23,0.0
2025-11-28 20:15:00,156.156,156.156,156.151,156.151,63.0,25,0.0
2025-11-28 20:16:00,156.152,156.165,156.151,156.164,27.0,24,0.0
2025-11-28 20:17:00,156.164,156.168,156.151,156.152,21.0,24,0.0
2025-11-28 20:18:00,156.152,156.152,156.143,156.143,56.0,22,0.0
2025-11-28 20:19:00,156.143,156.143,156.142,156.142,2.0,25,0.0
2025-11-28 20:20:00,156.143,156.148,156.142,156.143,51.0,24,0.0
2025-11-28 20:21:00,156.144,156.15,156.137,156.139,155.0,24,0.0
2025-11-28 20:22:00,156.138,156.14,156.135,156.138,72.0,25,0.0
2025-11-28 20:23:00,156.138,156.138,156.121,156.125,113.0,25,0.0
2025-11-28 20:24:00,156.125,156.126,156.109,156.114,53.0,25,0.0
2025-11-28 20:25:00,156.114,156.121,156.111,156.119,62.0,25,0.0
2025-11-28 20:26:00,156.119,156.125,156.118,156.122,87.0,26,0.0
2025-11-28 20:27:00,156.122,156.125,156.113,156.117,116.0,26,0.0
2025-11-28 20:28:00,156.117,156.131,156.117,156.126,69.0,25,0.0
2025-11-28 20:29:00,156.126,156.127,156.113,156.114,29.0,25,0.0
2025-11-28 20:30:00,156.114,156.119,156.113,156.117,82.0,25,0.0
2025-11-28 20:31:00,156.118,156.118,156.106,156.116,78.0,22,0.0
2025-11-28 20:32:00,156.114,156.115,156.103,156.105,104.0,22,0.0
2025-11-28 20:33:00,156.106,156.106,156.072,156.072,95.0,22,0.0
2025-11-28 20:34:00,156.072,156.106,156.072,156.105,104.0,23,0.0
2025-11-28 20:35:00,156.105,156.115,156.105,156.106,124.0,23,0.0
2025-11-28 20:36:00,156.105,156.12,156.105,156.115,56.0,24,0.0
2025-11-28 20:37:00,156.114,156.117,156.114,156.115,19.0,24,0.0
2025-11-28 20:38:00,156.116,156.138,156.116,156.135,95.0,25,0.0
2025-11-28 20:39:00,156.135,156.157,156.135,156.148,60.0,25,0.0
2025-11-28 20:40:00,156.146,156.146,156.137,156.137,14.0,24,0.0
2025-11-28 20:41:00,156.138,156.16,156.138,156.158,55.0,23,0.0
2025-11-28 20:42:00,156.159,156.18,156.158,156.177,55.0,25,0.0
2025-11-28 20:43:00,156.176,156.179,156.174,156.174,45.0,26,0.0
2025-11-28 20:44:00,156.173,156.175,156.172,156.173,21.0,26,0.0
2025-11-28 20:45:00,156.172,156.173,156.151,156.156,47.0,23,0.0
2025-11-28 20:46:00,156.155,156.157,156.148,156.149,47.0,24,0.0
2025-11-28 20:47:00,156.148,156.154,156.148,156.15,34.0,23,0.0
2025-11-28 20:48:00,156.149,156.149,156.116,156.138,51.0,22,0.0
2025-11-28 20:49:00,156.139,156.148,156.137,156.139,80.0,23,0.0
2025-11-28 20:50:00,156.139,156.139,156.137,156.139,34.0,26,0.0
2025-11-28 20:51:00,156.138,156.139,156.135,156.136,47.0,25,0.0
2025-11-28 20:52:00,156.135,156.136,156.122,156.122,29.0,24,0.0
2025-11-28 20:53:00,156.122,156.126,156.119,156.123,55.0,24,0.0
2025-11-28 20:54:00,156.122,156.128,156.121,156.124,42.0,23,0.0
2025-11-28 20:55:00,156.123,156.129,156.123,156.124,44.0,22,0.0
2025-11-28 20:56:00,156.123,156.124,156.119,156.119,36.0,25,0.0
2025-11-28 20:57:00,156.119,156.152,156.114,156.149,69.0,24,0.0
2025-11-28 20:58:00,156.149,156.149,156.127,156.127,46.0,24,0.0
2025-11-28 20:59:00,156.127,156.13,156.123,156.124,49.0,23,0.0
2025-11-28 21:00:00,156.123,156.152,156.117,156.147,156.0,24,0.0
2025-11-28 21:01:00,156.146,156.159,156.141,156.154,131.0,24,0.0
2025-11-28 21:02:00,156.155,156.155,156.127,156.128,102.0,24,0.0
2025-11-28 21:03:00,156.126,156.127,156.12,156.125,57.0,24,0.0
2025-11-28 21:04:00,156.125,156.139,156.119,156.139,99.0,22,0.0
2025-11-28 21:05:00,156.14,156.142,156.136,156.136,105.0,22,0.0
2025-11-28 21:06:00,156.137,156.142,156.117,156.124,107.0,23,0.0
2025-11-28 21:07:00,156.123,156.128,156.123,156.126,77.0,24,0.0
2025-11-28 21:08:00,156.127,156.129,156.123,156.127,55.0,23,0.0
2025-11-28 21:09:00,156.128,156.129,156.122,156.125,61.0,21,0.0
2025-11-28 21:10:00,156.124,156.13,156.121,156.123,86.0,22,0.0
2025-11-28 21:11:00,156.124,156.127,156.116,156.118,97.0,22,0.0
2025-11-28 21:12:00,156.116,156.122,156.114,156.114,48.0,21,0.0
2025-11-28 21:13:00,156.115,156.118,156.113,156.115,16.0,25,0.0
2025-11-28 21:14:00,156.115,156.124,156.115,156.12,60.0,24,0.0
2025-11-28 21:15:00,156.121,156.121,156.115,156.116,44.0,23,0.0
2025-11-28 21:16:00,156.117,156.138,156.117,156.138,49.0,24,0.0
2025-11-28 21:17:00,156.136,156.142,156.136,156.139,40.0,24,0.0
2025-11-28 21:18:00,156.14,156.146,156.116,156.118,62.0,21,0.0
2025-11-28 21:19:00,156.118,156.127,156.116,156.123,78.0,24,0.0
2025-11-28 21:20:00,156.124,156.125,156.114,156.115,38.0,25,0.0
2025-11-28 21:21:00,156.114,156.123,156.113,156.119,37.0,21,0.0
2025-11-28 21:22:00,156.119,156.123,156.109,156.112,33.0,22,0.0
2025-11-28 21:23:00,156.112,156.112,156.099,156.103,62.0,23,0.0
2025-11-28 21:24:00,156.102,156.11,156.099,156.109,53.0,24,0.0
2025-11-28 21:25:00,156.11,156.115,156.107,156.112,75.0,23,0.0
2025-11-28 21:26:00,156.111,156.116,156.108,156.108,28.0,24,0.0
2025-11-28 21:27:00,156.106,156.106,156.098,156.098,19.0,24,0.0
2025-11-28 21:28:00,156.1,156.1,156.098,156.098,14.0,24,0.0
2025-11-28 21:29:00,156.098,156.101,156.096,156.1,17.0,26,0.0
2025-11-28 21:30:00,156.099,156.104,156.063,156.07,77.0,21,0.0
2025-11-28 21:31:00,156.069,156.077,156.067,156.076,68.0,26,0.0
2025-11-28 21:32:00,156.076,156.085,156.076,156.084,26.0,26,0.0
2025-11-28 21:33:00,156.084,156.093,156.081,156.089,79.0,25,0.0
2025-11-28 21:34:00,156.089,156.091,156.08,156.08,20.0,26,0.0
2025-11-28 21:35:00,156.08,156.091,156.078,156.091,23.0,24,0.0
2025-11-28 21:36:00,156.091,156.096,156.091,156.095,37.0,24,0.0
2025-11-28 21:37:00,156.095,156.098,156.092,156.094,30.0,26,0.0
2025-11-28 21:38:00,156.094,156.095,156.088,156.094,20.0,26,0.0
2025-11-28 21:39:00,156.097,156.098,156.092,156.092,19.0,26,0.0
2025-11-28 21:40:00,156.091,156.091,156.09,156.091,7.0,25,0.0
2025-11-28 21:41:00,156.092,156.092,156.09,156.09,7.0,24,0.0
2025-11-28 21:42:00,156.084,156.084,156.07,156.075,24.0,22,0.0
2025-11-28 21:43:00,156.075,156.076,156.073,156.075,11.0,23,0.0
2025-11-28 21:44:00,156.074,156.082,156.074,156.076,36.0,21,0.0
2025-11-28 21:45:00,156.077,156.077,156.066,156.07,52.0,24,0.0
2025-11-28 21:46:00,156.069,156.07,156.063,156.065,72.0,24,0.0
2025-11-28 21:47:00,156.066,156.078,156.058,156.077,156.0,23,0.0
2025-11-28 21:48:00,156.077,156.08,156.076,156.079,85.0,23,0.0
2025-11-28 21:49:00,156.078,156.08,156.076,156.078,78.0,24,0.0
2025-11-28 21:50:00,156.079,156.08,156.076,156.078,79.0,24,0.0
2025-11-28 21:51:00,156.077,156.079,156.076,156.077,62.0,22,0.0
2025-11-28 21:52:00,156.079,156.079,156.072,156.075,44.0,25,0.0
2025-11-28 21:53:00,156.076,156.077,156.073,156.076,51.0,25,0.0
2025-11-28 21:54:00,156.075,156.078,156.074,156.076,31.0,25,0.0
2025-11-28 21:55:00,156.076,156.077,156.075,156.076,25.0,26,0.0
2025-11-28 21:56:00,156.075,156.078,156.074,156.076,31.0,25,0.0
2025-11-28 21:57:00,156.077,156.096,156.068,156.096,69.0,24,0.0
2025-11-28 21:58:00,156.095,156.111,156.095,156.106,69.0,22,0.0
2025-11-28 21:59:00,156.105,156.111,156.104,156.109,41.0,23,0.0
2025-11-28 22:00:00,156.108,156.111,156.082,156.085,134.0,23,0.0
2025-11-28 22:01:00,156.087,156.102,156.083,156.1,90.0,21,0.0
2025-11-28 22:02:00,156.102,156.102,156.078,156.08,84.0,21,0.0
2025-11-28 22:03:00,156.079,156.082,156.076,156.081,115.0,24,0.0
2025-11-28 22:04:00,156.08,156.085,156.077,156.078,54.0,24,0.0
2025-11-28 22:05:00,156.078,156.082,156.073,156.082,66.0,26,0.0
2025-11-28 22:06:00,156.083,156.084,156.081,156.081,11.0,27,0.0
2025-11-28 22:07:00,156.081,156.088,156.081,156.088,24.0,22,0.0
2025-11-28 22:08:00,156.089,156.089,156.079,156.081,57.0,23,0.0
2025-11-28 22:09:00,156.08,156.086,156.08,156.083,35.0,25,0.0
2025-11-28 22:10:00,156.082,156.09,156.081,156.082,19.0,21,0.0
2025-11-28 22:11:00,156.083,156.092,156.082,156.09,30.0,24,0.0
2025-11-28 22:12:00,156.092,156.096,156.086,156.091,65.0,23,0.0
2025-11-28 22:13:00,156.09,156.092,156.087,156.088,45.0,23,0.0
2025-11-28 22:14:00,156.087,156.089,156.076,156.078,36.0,24,0.0
2025-11-28 22:15:00,156.077,156.082,156.076,156.077,27.0,24,0.0
2025-11-28 22:16:00,156.077,156.077,156.051,156.076,105.0,21,0.0
2025-11-28 22:17:00,156.076,156.093,156.076,156.09,39.0,22,0.0
2025-11-28 22:18:00,156.087,156.087,156.077,156.078,64.0,24,0.0
2025-11-28 22:19:00,156.079,156.086,156.075,156.083,68.0,23,0.0
2025-11-28 22:20:00,156.083,156.088,156.081,156.082,60.0,25,0.0
2025-11-28 22:21:00,156.084,156.085,156.079,156.084,48.0,24,0.0
2025-11-28 22:22:00,156.082,156.102,156.08,156.101,90.0,21,0.0
2025-11-28 22:23:00,156.1,156.102,156.082,156.083,76.0,21,0.0
2025-11-28 22:24:00,156.083,156.087,156.082,156.083,38.0,25,0.0
2025-11-28 22:25:00,156.084,156.088,156.08,156.081,58.0,25,0.0
2025-11-28 22:26:00,156.08,156.086,156.08,156.084,41.0,25,0.0
2025-11-28 22:27:00,156.083,156.089,156.082,156.083,83.0,24,0.0
2025-11-28 22:28:00,156.084,156.099,156.083,156.091,87.0,21,0.0
2025-11-28 22:29:00,156.092,156.096,156.09,156.092,53.0,23,0.0
2025-11-28 22:30:00,156.092,156.096,156.089,156.092,63.0,24,0.0
2025-11-28 22:31:00,156.091,156.092,156.083,156.083,45.0,23,0.0
2025-11-28 22:32:00,156.082,156.082,156.067,156.074,32.0,21,0.0
2025-11-28 22:33:00,156.074,156.093,156.073,156.093,51.0,23,0.0
2025-11-28 22:34:00,156.092,156.095,156.089,156.091,54.0,23,0.0
2025-11-28 22:35:00,156.092,156.1,156.089,156.098,67.0,24,0.0
2025-11-28 22:36:00,156.096,156.101,156.096,156.097,39.0,24,0.0
2025-11-28 22:37:00,156.095,156.097,156.087,156.089,33.0,22,0.0
2025-11-28 22:38:00,156.089,156.091,156.083,156.086,41.0,22,0.0
2025-11-28 22:39:00,156.085,156.087,156.077,156.086,47.0,24,0.0
2025-11-28 22:40:00,156.087,156.1,156.086,156.093,23.0,22,0.0
2025-11-28 22:41:00,156.094,156.096,156.084,156.084,51.0,25,0.0
2025-11-28 22:42:00,156.083,156.084,156.077,156.079,44.0,24,0.0
2025-11-28 22:43:00,156.08,156.081,156.077,156.08,42.0,25,0.0
2025-11-28 22:44:00,156.08,156.085,156.078,156.084,28.0,25,0.0
2025-11-28 22:45:00,156.084,156.084,156.074,156.076,32.0,25,0.0
2025-11-28 22:46:00,156.075,156.08,156.075,156.076,15.0,24,0.0
2025-11-28 22:47:00,156.079,156.08,156.072,156.072,33.0,24,0.0
2025-11-28 22:48:00,156.072,156.08,156.072,156.075,14.0,22,0.0
2025-11-28 22:49:00,156.075,156.077,156.075,156.077,3.0,27,0.0
2025-11-28 22:50:00,156.078,156.08,156.077,156.079,10.0,25,0.0
2025-11-28 22:51:00,156.078,156.082,156.075,156.079,21.0,25,0.0
2025-11-28 22:52:00,156.08,156.088,156.075,156.08,25.0,21,0.0
2025-11-28 22:53:00,156.081,156.084,156.08,156.081,13.0,27,0.0
2025-11-28 22:54:00,156.081,156.087,156.08,156.081,17.0,23,0.0
2025-11-28 22:55:00,156.082,156.086,156.08,156.082,27.0,24,0.0
2025-11-28 22:56:00,156.082,156.089,156.081,156.085,29.0,22,0.0
2025-11-28 22:57:00,156.085,156.112,156.085,156.112,71.0,23,0.0
2025-11-28 22:58:00,156.112,156.136,156.092,156.098,104.0,24,0.0
2025-11-28 22:59:00,156.098,156.139,156.096,156.133,132.0,21,0.0
2025-11-28 23:00:00,156.135,156.137,156.123,156.135,162.0,21,0.0
2025-11-28 23:01:00,156.135,156.154,156.135,156.151,246.0,25,0.0
2025-11-28 23:02:00,156.15,156.151,156.137,156.137,54.0,25,0.0
2025-11-28 23:03:00,156.137,156.149,156.135,156.147,49.0,26,0.0
2025-11-28 23:04:00,156.147,156.148,156.142,156.142,27.0,27,0.0
2025-11-28 23:05:00,156.141,156.143,156.14,156.14,11.0,31,0.0
2025-11-28 23:06:00,156.139,156.139,156.136,156.137,6.0,31,0.0
2025-11-28 23:07:00,156.137,156.137,156.112,156.125,59.0,31,0.0
2025-11-28 23:08:00,156.125,156.13,156.113,156.113,63.0,25,0.0
2025-11-28 23:09:00,156.114,156.114,156.11,156.112,10.0,32,0.0
2025-11-28 23:10:00,156.112,156.113,156.11,156.111,15.0,31,0.0
2025-11-28 23:11:00,156.112,156.12,156.111,156.114,34.0,25,0.0
2025-11-28 23:12:00,156.113,156.12,156.111,156.114,39.0,24,0.0
2025-11-28 23:13:00,156.118,156.118,156.112,156.115,28.0,25,0.0
2025-11-28 23:14:00,156.114,156.122,156.114,156.121,39.0,23,0.0
2025-11-28 23:15:00,156.121,156.123,156.115,156.117,49.0,23,0.0
2025-11-28 23:16:00,156.122,156.125,156.115,156.118,71.0,23,0.0
2025-11-28 23:17:00,156.12,156.121,156.118,156.118,5.0,28,0.0
2025-11-28 23:18:00,156.12,156.123,156.116,156.118,42.0,24,0.0
2025-11-28 23:19:00,156.122,156.124,156.116,156.118,46.0,24,0.0
2025-11-28 23:20:00,156.119,156.124,156.115,156.115,50.0,24,0.0
2025-11-28 23:21:00,156.121,156.122,156.116,156.116,27.0,24,0.0
2025-11-28 23:22:00,156.122,156.122,156.112,156.116,27.0,24,0.0
2025-11-28 23:23:00,156.121,156.123,156.113,156.117,64.0,22,0.0
2025-11-28 23:24:00,156.122,156.125,156.114,156.118,102.0,22,0.0
2025-11-28 23:25:00,156.118,156.125,156.116,156.12,34.0,24,0.0
2025-11-28 23:26:00,156.116,156.12,156.116,156.116,52.0,24,0.0
2025-11-28 23:27:00,156.115,156.12,156.115,156.12,32.0,27,0.0
2025-11-28 23:28:00,156.116,156.12,156.115,156.115,52.0,24,0.0
2025-11-28 23:29:00,156.122,156.126,156.113,156.119,78.0,21,0.0
2025-11-28 23:30:00,156.119,156.127,156.113,156.118,84.0,23,0.0
2025-11-28 23:31:00,156.118,156.12,156.115,156.115,35.0,30,0.0
2025-11-28 23:32:00,156.114,156.119,156.113,156.114,44.0,29,0.0
2025-11-28 23:33:00,156.114,156.119,156.112,156.114,65.0,32,0.0
2025-11-28 23:34:00,156.115,156.118,156.112,156.113,12.0,34,0.0
2025-11-28 23:35:00,156.116,156.117,156.112,156.113,41.0,33,0.0
2025-11-28 23:36:00,156.117,156.123,156.113,156.116,56.0,32,0.0
2025-11-28 23:37:00,156.118,156.119,156.118,156.119,2.0,36,0.0
2025-11-28 23:38:00,156.12,156.122,156.118,156.12,12.0,31,0.0
2025-11-28 23:39:00,156.118,156.12,156.118,156.119,6.0,31,0.0
2025-11-28 23:40:00,156.118,156.119,156.117,156.119,4.0,31,0.0
2025-11-28 23:41:00,156.117,156.119,156.112,156.114,11.0,31,0.0
2025-11-28 23:42:00,156.11,156.116,156.098,156.098,8.0,39,0.0
2025-11-28 23:43:00,156.097,156.097,156.096,156.096,2.0,40,0.0
2025-11-28 23:44:00,156.097,156.097,156.097,156.097,1.0,40,0.0
2025-11-28 23:45:00,156.094,156.094,156.087,156.087,9.0,40,0.0
2025-11-28 23:46:00,156.09,156.098,156.087,156.097,19.0,45,0.0
2025-11-28 23:47:00,156.097,156.109,156.093,156.097,12.0,44,0.0
2025-11-28 23:48:00,156.098,156.162,156.085,156.131,44.0,30,0.0
2025-11-28 23:49:00,156.131,156.162,156.129,156.15,42.0,25,0.0
2025-11-28 23:50:00,156.149,156.165,156.143,156.159,66.0,31,0.0
2025-11-28 23:51:00,156.159,156.161,156.139,156.154,81.0,23,0.0
2025-11-28 23:52:00,156.152,156.162,156.138,156.156,81.0,22,0.0
2025-11-28 23:53:00,156.148,156.163,156.141,156.154,102.0,21,0.0
2025-11-28 23:54:00,156.148,156.157,156.141,156.141,61.0,28,0.0
2025-11-28 23:55:00,156.141,156.141,156.141,156.141,1.0,39,0.0
2025-11-28 23:56:00,156.145,156.159,156.145,156.157,38.0,33,0.0
2025-11-28 23:57:00,156.154,156.158,156.127,156.158,13.0,27,0.0
