time,open,high,low,close,tick_volume,spread,real_volume
2025-10-31 15:00:00,154.125,154.188,154.121,154.146,796.0,20,0.0
2025-10-31 15:05:00,154.147,154.193,154.144,154.165,648.0,20,0.0
2025-10-31 15:10:00,154.165,154.178,154.135,154.161,540.0,20,0.0
2025-10-31 15:15:00,154.16,154.187,154.145,154.157,345.0,20,0.0
2025-10-31 15:20:00,154.156,154.16,154.099,154.106,340.0,20,0.0
2025-10-31 15:25:00,154.109,154.132,154.061,154.098,377.0,20,0.0
2025-10-31 15:30:00,154.097,154.132,154.068,154.118,572.0,20,0.0
2025-10-31 15:35:00,154.119,154.167,154.101,154.132,449.0,20,0.0
2025-10-31 15:40:00,154.131,154.206,154.13,154.191,474.0,20,0.0
2025-10-31 15:45:00,154.193,154.222,154.074,154.089,638.0,20,0.0
2025-10-31 15:50:00,154.085,154.123,154.06,154.097,578.0,20,0.0
2025-10-31 15:55:00,154.096,154.097,154.036,154.067,430.0,20,0.0
2025-10-31 16:00:00,154.068,154.075,153.915,153.923,706.0,20,0.0
2025-10-31 16:05:00,153.928,154.039,153.925,154.017,602.0,20,0.0
2025-10-31 16:10:00,154.022,154.025,153.963,153.968,426.0,20,0.0
2025-10-31 16:15:00,153.968,154.033,153.968,154.011,441.0,20,0.0
2025-10-31 16:20:00,154.01,154.048,153.96,154.047,734.0,20,0.0
2025-10-31 16:25:00,154.046,154.077,154.025,154.067,586.0,20,0.0
2025-10-31 16:30:00,154.067,154.085,153.99,153.993,441.0,20,0.0
2025-10-31 16:35:00,153.994,154.006,153.956,153.96,365.0,20,0.0
2025-10-31 16:40:00,153.961,153.987,153.932,153.967,426.0,20,0.0
2025-10-31 16:45:00,153.968,154.004,153.942,153.958,325.0,20,0.0
2025-10-31 16:50:00,153.958,153.972,153.881,153.923,356.0,20,0.0
2025-10-31 16:55:00,153.923,153.972,153.923,153.936,362.0,20,0.0
2025-10-31 17:00:00,153.935,153.99,153.904,153.976,574.0,20,0.0
2025-10-31 17:05:00,153.974,153.996,153.948,153.964,529.0,20,0.0
2025-10-31 17:10:00,153.965,153.999,153.944,153.949,410.0,20,0.0
2025-10-31 17:15:00,153.95,153.971,153.916,153.971,394.0,20,0.0
2025-10-31 17:20:00,153.973,153.973,153.929,153.93,335.0,20,0.0
2025-10-31 17:25:00,153.929,153.956,153.921,153.939,300.0,20,0.0
2025-10-31 17:30:00,153.939,154.037,153.938,154.026,356.0,20,0.0
2025-10-31 17:35:00,154.026,154.032,153.965,153.976,280.0,20,0.0
2025-10-31 17:40:00,153.975,154.051,153.942,154.043,479.0,20,0.0
2025-10-31 17:45:00,154.043,154.085,153.957,153.968,793.0,20,0.0
2025-10-31 17:50:00,153.967,153.985,153.919,153.962,590.0,20,0.0
2025-10-31 17:55:00,153.96,154.071,153.96,154.031,815.0,20,0.0
2025-10-31 18:00:00,154.032,154.051,153.957,154.014,888.0,20,0.0
2025-10-31 18:05:00,154.013,154.088,153.99,154.071,407.0,20,0.0
2025-10-31 18:10:00,154.07,154.139,154.051,154.105,628.0,20,0.0
2025-10-31 18:15:00,154.104,154.144,154.089,154.124,714.0,20,0.0
2025-10-31 18:20:00,154.124,154.155,154.101,154.154,312.0,20,0.0
2025-10-31 18:25:00,154.153,154.163,154.117,154.122,237.0,20,0.0
2025-10-31 18:30:00,154.122,154.123,154.058,154.063,288.0,20,0.0
2025-10-31 18:35:00,154.063,154.07,154.035,154.046,210.0,20,0.0
2025-10-31 18:40:00,154.053,154.089,154.034,154.078,220.0,20,0.0
2025-10-31 18:45:00,154.078,154.084,154.046,154.055,218.0,20,0.0
2025-10-31 18:50:00,154.056,154.072,154.043,154.071,193.0,20,0.0
2025-10-31 18:55:00,154.071,154.113,154.052,154.104,288.0,20,0.0
2025-10-31 19:00:00,154.102,154.143,154.095,154.11,285.0,20,0.0
2025-10-31 19:05:00,154.11,154.135,154.09,154.103,299.0,20,0.0
2025-10-31 19:10:00,154.102,154.14,154.099,154.136,289.0,20,0.0
2025-10-31 19:15:00,154.137,154.167,154.13,154.15,192.0,20,0.0
2025-10-31 19:20:00,154.149,154.157,154.119,154.142,216.0,21,0.0
2025-10-31 19:25:00,154.141,154.142,154.096,154.099,228.0,22,0.0
2025-10-31 19:30:00,154.1,154.104,154.069,154.072,354.0,20,0.0
2025-10-31 19:35:00,154.073,154.097,154.071,154.084,290.0,20,0.0
2025-10-31 19:40:00,154.085,154.105,154.071,154.09,246.0,20,0.0
2025-10-31 19:45:00,154.089,154.128,154.072,154.126,238.0,20,0.0
2025-10-31 19:50:00,154.127,154.131,154.081,154.085,285.0,20,0.0
2025-10-31 19:55:00,154.084,154.092,154.07,154.084,209.0,21,0.0
2025-10-31 20:00:00,154.086,154.098,154.059,154.066,252.0,20,0.0
2025-10-31 20:05:00,154.065,154.097,154.036,154.091,206.0,20,0.0
2025-10-31 20:10:00,154.092,154.095,154.052,154.06,210.0,21,0.0
2025-10-31 20:15:00,154.06,154.075,154.051,154.071,155.0,20,0.0
2025-10-31 20:20:00,154.072,154.075,154.055,154.075,161.0,20,0.0
2025-10-31 20:25:00,154.074,154.098,154.074,154.082,182.0,20,0.0
2025-10-31 20:30:00,154.083,154.112,154.079,154.11,246.0,21,0.0
2025-10-31 20:35:00,154.114,154.123,154.099,154.108,107.0,20,0.0
2025-10-31 20:40:00,154.107,154.11,154.096,154.098,131.0,20,0.0
2025-10-31 20:45:00,154.096,154.098,154.052,154.06,170.0,20,0.0
2025-10-31 20:50:00,154.062,154.069,154.025,154.04,193.0,21,0.0
2025-10-31 20:55:00,154.041,154.099,154.033,154.076,229.0,20,0.0
2025-10-31 21:00:00,154.076,154.114,154.052,154.064,291.0,20,0.0
2025-10-31 21:05:00,154.066,154.077,154.061,154.072,110.0,20,0.0
2025-10-31 21:10:00,154.073,154.077,154.052,154.067,111.0,20,0.0
2025-10-31 21:15:00,154.068,154.09,154.056,154.086,156.0,20,0.0
2025-10-31 21:20:00,154.084,154.087,154.06,154.073,175.0,20,0.0
2025-10-31 21:25:00,154.073,154.075,154.051,154.059,127.0,20,0.0
2025-10-31 21:30:00,154.059,154.079,154.059,154.072,137.0,20,0.0
2025-10-31 21:35:00,154.072,154.091,154.072,154.081,194.0,22,0.0
2025-10-31 21:40:00,154.084,154.098,154.074,154.097,181.0,22,0.0
2025-10-31 21:45:00,154.096,154.108,154.084,154.097,169.0,21,0.0
2025-10-31 21:50:00,154.098,154.124,154.096,154.11,240.0,21,0.0
2025-10-31 21:55:00,154.109,154.117,154.091,154.095,497.0,20,0.0
2025-10-31 22:00:00,154.098,154.105,154.07,154.071,235.0,23,0.0
2025-10-31 22:05:00,154.069,154.108,154.063,154.105,110.0,20,0.0
2025-10-31 22:10:00,154.105,154.109,154.083,154.093,75.0,21,0.0
2025-10-31 22:15:00,154.092,154.1,154.073,154.099,132.0,21,0.0
2025-10-31 22:20:00,154.096,154.096,154.021,154.024,132.0,21,0.0
2025-10-31 22:25:00,154.034,154.07,154.034,154.06,116.0,23,0.0
2025-10-31 22:30:00,154.06,154.074,154.043,154.074,76.0,24,0.0
2025-10-31 22:35:00,154.073,154.08,154.056,154.057,49.0,26,0.0
2025-10-31 22:40:00,154.057,154.083,154.052,154.081,64.0,21,0.0
2025-10-31 22:45:00,154.08,154.08,154.037,154.055,129.0,23,0.0
2025-10-31 22:50:00,154.051,154.069,154.032,154.044,315.0,23,0.0
2025-10-31 22:55:00,154.044,154.05,153.956,153.99,339.0,23,0.0
2025-11-03 00:00:00,153.948,153.955,153.933,153.955,7.0,167,0.0
2025-11-03 00:05:00,153.955,153.996,153.955,153.996,6.0,140,0.0
2025-11-03 00:10:00,153.996,154.011,153.976,154.011,10.0,75,0.0
2025-11-03 00:15:00,154.011,154.011,154.011,154.011,5.0,69,0.0
2025-11-03 00:20:00,154.011,154.059,154.011,154.058,17.0,37,0.0
2025-11-03 00:25:00,154.051,154.058,154.03,154.031,16.0,33,0.0
2025-11-03 00:30:00,154.031,154.056,154.014,154.056,42.0,40,0.0
2025-11-03 00:35:00,154.056,154.056,154.044,154.054,38.0,31,0.0
2025-11-03 00:40:00,154.046,154.056,154.046,154.056,22.0,44,0.0
2025-11-03 00:45:00,154.056,154.069,154.038,154.039,29.0,45,0.0
2025-11-03 00:50:00,154.039,154.057,154.039,154.047,20.0,55,0.0
2025-11-03 00:55:00,154.047,154.051,154.041,154.041,10.0,56,0.0
2025-11-03 01:00:00,154.041,154.127,154.002,154.011,214.0,34,0.0
2025-11-03 01:05:00,154.01,154.089,154.009,154.089,132.0,29,0.0
2025-11-03 01:10:00,154.093,154.122,154.064,154.114,118.0,20,0.0
2025-11-03 01:15:00,154.119,154.156,154.108,154.135,284.0,20,0.0
2025-11-03 01:20:00,154.133,154.198,154.132,154.195,250.0,23,0.0
2025-11-03 01:25:00,154.194,154.2,154.134,154.14,277.0,24,0.0
2025-11-03 01:30:00,154.144,154.228,154.121,154.22,560.0,20,0.0
2025-11-03 01:35:00,154.217,154.237,154.184,154.212,307.0,20,0.0
2025-11-03 01:40:00,154.213,154.23,154.202,154.211,174.0,22,0.0
2025-11-03 01:45:00,154.211,154.227,154.142,154.197,312.0,21,0.0
2025-11-03 01:50:00,154.197,154.238,154.197,154.222,557.0,23,0.0
2025-11-03 01:55:00,154.221,154.225,154.188,154.188,392.0,20,0.0
2025-11-03 02:00:00,154.188,154.198,154.158,154.167,377.0,20,0.0
2025-11-03 02:05:00,154.169,154.19,154.156,154.168,337.0,22,0.0
2025-11-03 02:10:00,154.168,154.196,154.162,154.181,160.0,22,0.0
2025-11-03 02:15:00,154.182,154.198,154.178,154.195,179.0,20,0.0
2025-11-03 02:20:00,154.195,154.202,154.122,154.133,246.0,20,0.0
2025-11-03 02:25:00,154.133,154.15,154.108,154.146,111.0,21,0.0
2025-11-03 02:30:00,154.149,154.191,154.148,154.171,137.0,20,0.0
2025-11-03 02:35:00,154.172,154.18,154.137,154.162,198.0,22,0.0
2025-11-03 02:40:00,154.162,154.162,154.132,154.148,211.0,21,0.0
2025-11-03 02:45:00,154.147,154.187,154.145,154.171,212.0,20,0.0
2025-11-03 02:50:00,154.17,154.172,154.137,154.163,260.0,23,0.0
2025-11-03 02:55:00,154.173,154.179,154.144,154.164,240.0,20,0.0
2025-11-03 03:00:00,154.163,154.177,154.141,154.158,279.0,21,0.0
2025-11-03 03:05:00,154.158,154.159,154.12,154.134,244.0,20,0.0
2025-11-03 03:10:00,154.134,154.145,154.114,154.122,219.0,20,0.0
2025-11-03 03:15:00,154.122,154.126,154.11,154.114,158.0,21,0.0
2025-11-03 03:20:00,154.115,154.115,154.067,154.085,191.0,20,0.0
2025-11-03 03:25:00,154.087,154.102,154.076,154.093,104.0,21,0.0
2025-11-03 03:30:00,154.094,154.101,154.078,154.084,142.0,20,0.0
2025-11-03 03:35:00,154.083,154.099,154.078,154.093,131.0,20,0.0
2025-11-03 03:40:00,154.093,154.116,154.093,154.113,73.0,21,0.0
2025-11-03 03:45:00,154.114,154.12,154.094,154.113,78.0,22,0.0
2025-11-03 03:50:00,154.113,154.122,154.09,154.115,109.0,22,0.0
2025-11-03 03:55:00,154.112,154.112,154.099,154.105,73.0,22,0.0
2025-11-03 04:00:00,154.106,154.115,154.091,154.097,156.0,20,0.0
2025-11-03 04:05:00,154.098,154.101,154.03,154.04,204.0,20,0.0
2025-11-03 04:10:00,154.039,154.07,154.03,154.067,120.0,20,0.0
2025-11-03 04:15:00,154.066,154.078,154.054,154.056,203.0,22,0.0
2025-11-03 04:20:00,154.056,154.063,154.041,154.054,158.0,20,0.0
2025-11-03 04:25:00,154.055,154.058,154.033,154.045,155.0,20,0.0
2025-11-03 04:30:00,154.044,154.052,154.025,154.031,120.0,20,0.0
2025-11-03 04:35:00,154.032,154.058,154.028,154.056,119.0,21,0.0
2025-11-03 04:40:00,154.056,154.081,154.05,154.081,48.0,20,0.0
2025-11-03 04:45:00,154.081,154.091,154.059,154.062,81.0,20,0.0
2025-11-03 04:50:00,154.065,154.085,154.065,154.078,94.0,20,0.0
2025-11-03 04:55:00,154.077,154.082,154.056,154.074,124.0,20,0.0
2025-11-03 05:00:00,154.075,154.085,154.063,154.07,147.0,20,0.0
2025-11-03 05:05:00,154.069,154.076,154.051,154.053,72.0,20,0.0
2025-11-03 05:10:00,154.055,154.057,154.051,154.055,51.0,21,0.0
2025-11-03 05:15:00,154.055,154.055,154.038,154.042,82.0,20,0.0
2025-11-03 05:20:00,154.04,154.044,154.03,154.032,136.0,20,0.0
2025-11-03 05:25:00,154.033,154.046,154.032,154.045,64.0,22,0.0
2025-11-03 05:30:00,154.044,154.056,154.041,154.051,116.0,20,0.0
2025-11-03 05:35:00,154.05,154.056,154.047,154.052,68.0,20,0.0
2025-11-03 05:40:00,154.053,154.064,154.051,154.056,99.0,20,0.0
2025-11-03 05:45:00,154.057,154.064,154.042,154.05,139.0,21,0.0
2025-11-03 05:50:00,154.053,154.066,154.042,154.055,142.0,20,0.0
2025-11-03 05:55:00,154.055,154.061,154.038,154.055,115.0,20,0.0
2025-11-03 06:00:00,154.056,154.06,154.034,154.04,244.0,20,0.0
2025-11-03 06:05:00,154.039,154.042,153.992,153.998,225.0,20,0.0
2025-11-03 06:10:00,153.999,154.003,153.979,153.989,175.0,20,0.0
2025-11-03 06:15:00,153.99,154.007,153.99,154.003,94.0,20,0.0
2025-11-03 06:20:00,154.001,154.02,153.992,154.016,94.0,20,0.0
2025-11-03 06:25:00,154.017,154.033,154.015,154.027,85.0,20,0.0
2025-11-03 06:30:00,154.026,154.053,154.026,154.041,91.0,20,0.0
2025-11-03 06:35:00,154.041,154.057,154.038,154.047,48.0,20,0.0
2025-11-03 06:40:00,154.046,154.057,154.043,154.046,42.0,20,0.0
2025-11-03 06:45:00,154.048,154.05,154.027,154.041,69.0,20,0.0
2025-11-03 06:50:00,154.043,154.061,154.039,154.057,60.0,20,0.0
2025-11-03 06:55:00,154.057,154.076,154.057,154.063,72.0,20,0.0
2025-11-03 07:00:00,154.073,154.085,154.065,154.08,74.0,20,0.0
2025-11-03 07:05:00,154.084,154.122,154.084,154.121,95.0,20,0.0
2025-11-03 07:10:00,154.122,154.124,154.102,154.102,97.0,20,0.0
2025-11-03 07:15:00,154.105,154.105,154.085,154.086,131.0,20,0.0
2025-11-03 07:20:00,154.087,154.098,154.082,154.096,60.0,22,0.0
2025-11-03 07:25:00,154.097,154.11,154.085,154.096,119.0,20,0.0
2025-11-03 07:30:00,154.097,154.114,154.097,154.101,127.0,21,0.0
2025-11-03 07:35:00,154.099,154.099,154.062,154.075,153.0,20,0.0
2025-11-03 07:40:00,154.076,154.089,154.067,154.089,120.0,22,0.0
2025-11-03 07:45:00,154.089,154.089,154.048,154.06,117.0,22,0.0
2025-11-03 07:50:00,154.059,154.082,154.056,154.066,183.0,20,0.0
2025-11-03 07:55:00,154.065,154.118,154.061,154.112,193.0,20,0.0
2025-11-03 08:00:00,154.112,154.121,154.093,154.105,166.0,21,0.0
2025-11-03 08:05:00,154.105,154.135,154.105,154.129,89.0,20,0.0
2025-11-03 08:10:00,154.129,154.179,154.121,154.174,176.0,20,0.0
2025-11-03 08:15:00,154.175,154.205,154.175,154.192,160.0,20,0.0
2025-11-03 08:20:00,154.198,154.203,154.156,154.202,175.0,20,0.0
2025-11-03 08:25:00,154.203,154.215,154.196,154.215,184.0,20,0.0
2025-11-03 08:30:00,154.216,154.233,154.17,154.174,184.0,20,0.0
2025-11-03 08:35:00,154.173,154.186,154.157,154.175,218.0,20,0.0
2025-11-03 08:40:00,154.18,154.18,154.159,154.166,80.0,21,0.0
2025-11-03 08:45:00,154.165,154.166,154.14,154.154,139.0,20,0.0
2025-11-03 08:50:00,154.156,154.201,154.156,154.184,123.0,20,0.0
2025-11-03 08:55:00,154.185,154.189,154.168,154.178,84.0,20,0.0
2025-11-03 09:00:00,154.177,154.201,154.159,154.161,327.0,20,0.0
2025-11-03 09:05:00,154.16,154.197,154.154,154.172,270.0,20,0.0
2025-11-03 09:10:00,154.173,154.246,154.166,154.245,218.0,20,0.0
2025-11-03 09:15:00,154.247,154.252,154.198,154.202,269.0,20,0.0
2025-11-03 09:20:00,154.201,154.275,154.196,154.237,354.0,20,0.0
2025-11-03 09:25:00,154.238,154.252,154.2,154.204,251.0,20,0.0
2025-11-03 09:30:00,154.209,154.237,154.17,154.17,348.0,20,0.0
2025-11-03 09:35:00,154.17,154.17,154.129,154.134,296.0,20,0.0
2025-11-03 09:40:00,154.134,154.144,154.115,154.125,194.0,21,0.0
2025-11-03 09:45:00,154.125,154.166,154.125,154.156,258.0,20,0.0
2025-11-03 09:50:00,154.156,154.166,154.139,154.16,198.0,20,0.0
2025-11-03 09:55:00,154.161,154.181,154.097,154.1,299.0,20,0.0
2025-11-03 10:00:00,154.1,154.173,154.094,154.157,547.0,20,0.0
2025-11-03 10:05:00,154.158,154.196,154.151,154.156,346.0,20,0.0
2025-11-03 10:10:00,154.157,154.193,154.141,154.17,337.0,20,0.0
2025-11-03 10:15:00,154.171,154.184,154.125,154.133,294.0,20,0.0
2025-11-03 10:20:00,154.132,154.178,154.115,154.164,389.0,20,0.0
2025-11-03 10:25:00,154.164,154.164,154.12,154.147,319.0,20,0.0
2025-11-03 10:30:00,154.147,154.156,154.096,154.112,376.0,20,0.0
2025-11-03 10:35:00,154.111,154.113,154.073,154.09,328.0,20,0.0
2025-11-03 10:40:00,154.088,154.116,154.073,154.078,138.0,20,0.0
2025-11-03 10:45:00,154.076,154.124,154.04,154.122,264.0,20,0.0
2025-11-03 10:50:00,154.121,154.151,154.105,154.111,254.0,20,0.0
2025-11-03 10:55:00,154.112,154.123,154.082,154.098,295.0,20,0.0
2025-11-03 11:00:00,154.099,154.122,154.075,154.115,333.0,20,0.0
2025-11-03 11:05:00,154.115,154.116,154.098,154.114,142.0,20,0.0
2025-11-03 11:10:00,154.115,154.135,154.112,154.135,343.0,21,0.0
2025-11-03 11:15:00,154.134,154.15,154.116,154.139,343.0,20,0.0
2025-11-03 11:20:00,154.138,154.144,154.119,154.132,323.0,20,0.0
2025-11-03 11:25:00,154.131,154.139,154.103,154.11,201.0,20,0.0
2025-11-03 11:30:00,154.109,154.135,154.107,154.11,281.0,20,0.0
2025-11-03 11:35:00,154.108,154.13,154.094,154.109,247.0,20,0.0
2025-11-03 11:40:00,154.109,154.121,154.095,154.101,218.0,20,0.0
2025-11-03 11:45:00,154.104,154.137,154.103,154.121,177.0,20,0.0
2025-11-03 11:50:00,154.121,154.155,154.114,154.143,107.0,20,0.0
2025-11-03 11:55:00,154.147,154.159,154.141,154.155,171.0,22,0.0
2025-11-03 12:00:00,154.155,154.166,154.135,154.135,246.0,20,0.0
2025-11-03 12:05:00,154.135,154.18,154.135,154.151,278.0,20,0.0
2025-11-03 12:10:00,154.15,154.161,154.144,154.156,307.0,20,0.0
2025-11-03 12:15:00,154.155,154.166,154.143,154.163,296.0,21,0.0
2025-11-03 12:20:00,154.162,154.163,154.142,154.143,194.0,21,0.0
2025-11-03 12:25:00,154.142,154.146,154.127,154.136,160.0,20,0.0
2025-11-03 12:30:00,154.135,154.142,154.12,154.141,263.0,21,0.0
2025-11-03 12:35:00,154.141,154.147,154.135,154.139,157.0,20,0.0
2025-11-03 12:40:00,154.139,154.164,154.133,154.148,240.0,20,0.0
2025-11-03 12:45:00,154.147,154.161,154.139,154.159,175.0,22,0.0
2025-11-03 12:50:00,154.157,154.172,154.151,154.156,125.0,21,0.0
2025-11-03 12:55:00,154.157,154.161,154.148,154.159,129.0,20,0.0
2025-11-03 13:00:00,154.158,154.175,154.151,154.161,227.0,20,0.0
2025-11-03 13:05:00,154.161,154.167,154.14,154.144,114.0,20,0.0
2025-11-03 13:10:00,154.144,154.151,154.134,154.142,100.0,20,0.0
2025-11-03 13:15:00,154.144,154.155,154.135,154.154,123.0,21,0.0
2025-11-03 13:20:00,154.155,154.158,154.12,154.134,218.0,22,0.0
2025-11-03 13:25:00,154.133,154.133,154.105,154.109,193.0,21,0.0
2025-11-03 13:30:00,154.109,154.112,154.086,154.105,204.0,21,0.0
2025-11-03 13:35:00,154.105,154.119,154.097,154.117,93.0,20,0.0
2025-11-03 13:40:00,154.12,154.134,154.111,154.125,176.0,22,0.0
2025-11-03 13:45:00,154.126,154.136,154.123,154.135,152.0,20,0.0
2025-11-03 13:50:00,154.135,154.145,154.124,154.143,172.0,20,0.0
2025-11-03 13:55:00,154.144,154.155,154.135,154.141,121.0,21,0.0
2025-11-03 14:00:00,154.14,154.171,154.14,154.158,169.0,21,0.0
2025-11-03 14:05:00,154.157,154.159,154.139,154.139,120.0,21,0.0
2025-11-03 14:10:00,154.14,154.166,154.134,154.157,123.0,22,0.0
2025-11-03 14:15:00,154.156,154.158,154.147,154.154,127.0,22,0.0
2025-11-03 14:20:00,154.154,154.157,154.132,154.143,125.0,21,0.0
2025-11-03 14:25:00,154.14,154.155,154.131,154.144,147.0,20,0.0
2025-11-03 14:30:00,154.144,154.165,154.141,154.143,166.0,20,0.0
2025-11-03 14:35:00,154.142,154.157,154.131,154.138,145.0,20,0.0
2025-11-03 14:40:00,154.14,154.15,154.131,154.146,87.0,22,0.0
2025-11-03 14:45:00,154.146,154.16,154.14,154.149,94.0,20,0.0
2025-11-03 14:50:00,154.149,154.158,154.139,154.155,166.0,20,0.0
2025-11-03 14:55:00,154.154,154.178,154.149,154.171,293.0,20,0.0
2025-11-03 15:00:00,154.173,154.192,154.165,154.178,609.0,20,0.0
2025-11-03 15:05:00,154.178,154.218,154.178,154.211,333.0,20,0.0
2025-11-03 15:10:00,154.21,154.225,154.178,154.215,351.0,20,0.0
2025-11-03 15:15:00,154.215,154.234,154.202,154.224,346.0,21,0.0
2025-11-03 15:20:00,154.228,154.248,154.225,154.24,359.0,20,0.0
2025-11-03 15:25:00,154.24,154.271,154.237,154.262,381.0,20,0.0
2025-11-03 15:30:00,154.263,154.266,154.236,154.237,144.0,20,0.0
2025-11-03 15:35:00,154.236,154.257,154.218,154.257,167.0,21,0.0
2025-11-03 15:40:00,154.258,154.286,154.236,154.248,263.0,20,0.0
2025-11-03 15:45:00,154.249,154.285,154.247,154.262,283.0,20,0.0
2025-11-03 15:50:00,154.268,154.281,154.252,154.26,267.0,20,0.0
2025-11-03 15:55:00,154.263,154.264,154.226,154.238,260.0,20,0.0
2025-11-03 16:00:00,154.239,154.246,154.203,154.238,340.0,20,0.0
2025-11-03 16:05:00,154.246,154.251,154.216,154.237,169.0,20,0.0
2025-11-03 16:10:00,154.238,154.253,154.226,154.226,193.0,21,0.0
2025-11-03 16:15:00,154.227,154.261,154.226,154.26,218.0,20,0.0
2025-11-03 16:20:00,154.261,154.261,154.219,154.224,285.0,20,0.0
2025-11-03 16:25:00,154.223,154.242,154.182,154.239,307.0,20,0.0
2025-11-03 16:30:00,154.238,154.252,154.21,154.219,368.0,20,0.0
2025-11-03 16:35:00,154.22,154.229,154.185,154.204,236.0,20,0.0
2025-11-03 16:40:00,154.204,154.209,154.17,154.19,265.0,20,0.0
2025-11-03 16:45:00,154.183,154.212,154.181,154.193,350.0,20,0.0
2025-11-03 16:50:00,154.192,154.198,154.093,154.112,539.0,20,0.0
2025-11-03 16:55:00,154.111,154.112,154.064,154.085,272.0,20,0.0
2025-11-03 17:00:00,154.001,154.074,153.903,154.03,921.0,20,0.0
2025-11-03 17:05:00,154.031,154.075,153.931,154.01,968.0,20,0.0
2025-11-03 17:10:00,154.009,154.082,153.993,154.006,593.0,20,0.0
2025-11-03 17:15:00,154.007,154.029,153.98,153.995,442.0,20,0.0
2025-11-03 17:20:00,153.994,154.099,153.971,154.091,526.0,20,0.0
2025-11-03 17:25:00,154.09,154.104,154.015,154.021,732.0,20,0.0
2025-11-03 17:30:00,154.018,154.044,153.999,154.03,429.0,20,0.0
2025-11-03 17:35:00,154.031,154.136,154.031,154.135,495.0,20,0.0
2025-11-03 17:40:00,154.136,154.149,154.108,154.135,511.0,20,0.0
2025-11-03 17:45:00,154.136,154.148,154.108,154.118,543.0,20,0.0
2025-11-03 17:50:00,154.117,154.146,154.111,154.124,441.0,20,0.0
2025-11-03 17:55:00,154.128,154.138,154.083,154.088,525.0,20,0.0
2025-11-03 18:00:00,154.087,154.132,154.073,154.123,630.0,20,0.0
2025-11-03 18:05:00,154.122,154.123,154.071,154.097,345.0,20,0.0
2025-11-03 18:10:00,154.096,154.121,154.083,154.083,321.0,20,0.0
2025-11-03 18:15:00,154.084,154.148,154.082,154.134,293.0,21,0.0
2025-11-03 18:20:00,154.134,154.154,154.106,154.126,396.0,20,0.0
2025-11-03 18:25:00,154.127,154.144,154.117,154.132,384.0,20,0.0
2025-11-03 18:30:00,154.129,154.139,154.109,154.11,370.0,20,0.0
2025-11-03 18:35:00,154.11,154.131,154.105,154.107,251.0,20,0.0
2025-11-03 18:40:00,154.106,154.126,154.089,154.089,144.0,20,0.0
2025-11-03 18:45:00,154.089,154.09,154.057,154.06,143.0,20,0.0
2025-11-03 18:50:00,154.06,154.103,154.06,154.099,143.0,20,0.0
2025-11-03 18:55:00,154.097,154.143,154.09,154.121,219.0,20,0.0
2025-11-03 19:00:00,154.12,154.13,154.095,154.096,199.0,20,0.0
2025-11-03 19:05:00,154.096,154.136,154.09,154.131,217.0,20,0.0
2025-11-03 19:10:00,154.131,154.133,154.095,154.099,270.0,20,0.0
2025-11-03 19:15:00,154.099,154.106,154.049,154.086,306.0,20,0.0
2025-11-03 19:20:00,154.084,154.087,154.064,154.072,275.0,20,0.0
2025-11-03 19:25:00,154.071,154.085,154.059,154.08,352.0,20,0.0
2025-11-03 19:30:00,154.079,154.118,154.074,154.116,295.0,20,0.0
2025-11-03 19:35:00,154.117,154.129,154.105,154.129,168.0,20,0.0
2025-11-03 19:40:00,154.125,154.133,154.109,154.117,216.0,20,0.0
2025-11-03 19:45:00,154.117,154.163,154.117,154.152,211.0,21,0.0
2025-11-03 19:50:00,154.152,154.164,154.15,154.153,123.0,21,0.0
2025-11-03 19:55:00,154.152,154.164,154.138,154.143,172.0,20,0.0
2025-11-03 20:00:00,154.144,154.145,154.106,154.13,197.0,20,0.0
2025-11-03 20:05:00,154.13,154.145,154.119,154.145,133.0,21,0.0
2025-11-03 20:10:00,154.146,154.163,154.144,154.163,114.0,21,0.0
2025-11-03 20:15:00,154.164,154.177,154.158,154.167,82.0,20,0.0
2025-11-03 20:20:00,154.168,154.185,154.166,154.178,155.0,20,0.0
2025-11-03 20:25:00,154.178,154.189,154.169,154.189,101.0,20,0.0
2025-11-03 20:30:00,154.187,154.228,154.187,154.201,197.0,20,0.0
2025-11-03 20:35:00,154.202,154.21,154.19,154.191,156.0,20,0.0
2025-11-03 20:40:00,154.191,154.193,154.163,154.166,114.0,20,0.0
2025-11-03 20:45:00,154.167,154.194,154.165,154.192,194.0,20,0.0
2025-11-03 20:50:00,154.191,154.194,154.148,154.154,170.0,20,0.0
2025-11-03 20:55:00,154.154,154.175,154.152,154.157,165.0,20,0.0
2025-11-03 21:00:00,154.158,154.169,154.128,154.161,337.0,20,0.0
2025-11-03 21:05:00,154.161,154.204,154.159,154.196,223.0,20,0.0
2025-11-03 21:10:00,154.196,154.208,154.175,154.205,160.0,20,0.0
2025-11-03 21:15:00,154.205,154.21,154.192,154.201,136.0,21,0.0
2025-11-03 21:20:00,154.202,154.224,154.2,154.201,181.0,20,0.0
2025-11-03 21:25:00,154.202,154.214,154.2,154.214,69.0,22,0.0
2025-11-03 21:30:00,154.214,154.227,154.214,154.215,43.0,20,0.0
2025-11-03 21:35:00,154.213,154.242,154.205,154.216,151.0,21,0.0
2025-11-03 21:40:00,154.216,154.217,154.191,154.205,146.0,20,0.0
2025-11-03 21:45:00,154.205,154.21,154.177,154.181,113.0,20,0.0
2025-11-03 21:50:00,154.182,154.184,154.159,154.171,309.0,20,0.0
2025-11-03 21:55:00,154.173,154.192,154.169,154.181,340.0,20,0.0
2025-11-03 22:00:00,154.18,154.188,154.164,154.181,246.0,20,0.0
2025-11-03 22:05:00,154.183,154.195,154.164,154.167,183.0,21,0.0
2025-11-03 22:10:00,154.166,154.179,154.165,154.17,106.0,20,0.0
2025-11-03 22:15:00,154.169,154.183,154.165,154.18,235.0,20,0.0
2025-11-03 22:20:00,154.179,154.182,154.165,154.182,152.0,20,0.0
2025-11-03 22:25:00,154.181,154.207,154.178,154.204,145.0,21,0.0
2025-11-03 22:30:00,154.205,154.208,154.191,154.194,152.0,21,0.0
2025-11-03 22:35:00,154.194,154.2,154.187,154.189,180.0,21,0.0
2025-11-03 22:40:00,154.189,154.193,154.179,154.181,176.0,20,0.0
2025-11-03 22:45:00,154.18,154.194,154.18,154.19,150.0,20,0.0
2025-11-03 22:50:00,154.19,154.19,154.165,154.166,163.0,21,0.0
2025-11-03 22:55:00,154.166,154.192,154.166,154.184,235.0,22,0.0
2025-11-03 23:00:00,154.185,154.207,154.179,154.187,224.0,22,0.0
2025-11-03 23:05:00,154.186,154.2,154.186,154.191,83.0,22,0.0
2025-11-03 23:10:00,154.186,154.197,154.184,154.192,40.0,24,0.0
2025-11-03 23:15:00,154.192,154.196,154.181,154.181,36.0,23,0.0
2025-11-03 23:20:00,154.178,154.183,154.169,154.183,41.0,21,0.0
2025-11-03 23:25:00,154.183,154.196,154.181,154.192,53.0,22,0.0
2025-11-03 23:30:00,154.194,154.199,154.192,154.196,43.0,23,0.0
2025-11-03 23:35:00,154.197,154.197,154.182,154.183,41.0,23,0.0
2025-11-03 23:40:00,154.184,154.193,154.183,154.185,41.0,23,0.0
2025-11-03 23:45:00,154.186,154.197,154.183,154.195,82.0,23,0.0
2025-11-03 23:50:00,154.194,154.2,154.185,154.197,149.0,24,0.0
2025-11-03 23:55:00,154.195,154.204,154.188,154.197,363.0,25,0.0
2025-11-04 00:00:00,154.198,154.199,154.187,154.194,10.0,34,0.0
2025-11-04 00:05:00,154.196,154.218,154.189,154.211,51.0,51,0.0
2025-11-04 00:10:00,154.211,154.231,154.192,154.224,18.0,41,0.0
2025-11-04 00:15:00,154.224,154.224,154.191,154.192,20.0,38,0.0
2025-11-04 00:20:00,154.192,154.219,154.19,154.213,42.0,47,0.0
2025-11-04 00:25:00,154.213,154.213,154.202,154.202,16.0,47,0.0
2025-11-04 00:30:00,154.202,154.203,154.199,154.202,30.0,49,0.0
2025-11-04 00:35:00,154.201,154.202,154.199,154.199,20.0,46,0.0
2025-11-04 00:40:00,154.2,154.202,154.197,154.201,58.0,45,0.0
2025-11-04 00:45:00,154.2,154.205,154.19,154.192,105.0,40,0.0
2025-11-04 00:50:00,154.191,154.198,154.18,154.193,46.0,42,0.0
2025-11-04 00:55:00,154.194,154.196,154.187,154.195,43.0,42,0.0
2025-11-04 01:00:00,154.195,154.203,154.178,154.198,52.0,28,0.0
2025-11-04 01:05:00,154.198,154.214,154.19,154.197,55.0,23,0.0
2025-11-04 01:10:00,154.193,154.201,154.189,154.201,15.0,26,0.0
2025-11-04 01:15:00,154.201,154.201,154.16,154.171,27.0,26,0.0
2025-11-04 01:20:00,154.17,154.175,154.16,154.169,19.0,27,0.0
2025-11-04 01:25:00,154.169,154.169,154.167,154.167,6.0,29,0.0
2025-11-04 01:30:00,154.171,154.203,154.166,154.2,86.0,22,0.0
2025-11-04 01:35:00,154.201,154.211,154.194,154.208,95.0,23,0.0
2025-11-04 01:40:00,154.207,154.207,154.178,154.179,161.0,20,0.0
2025-11-04 01:45:00,154.181,154.205,154.178,154.189,115.0,21,0.0
2025-11-04 01:50:00,154.19,154.199,154.171,154.193,116.0,22,0.0
2025-11-04 01:55:00,154.197,154.201,154.184,154.199,107.0,21,0.0
2025-11-04 02:00:00,154.2,154.3,154.188,154.297,463.0,20,0.0
2025-11-04 02:05:00,154.298,154.39,154.298,154.332,688.0,20,0.0
2025-11-04 02:10:00,154.33,154.375,154.312,154.344,418.0,20,0.0
2025-11-04 02:15:00,154.342,154.346,154.301,154.32,314.0,20,0.0
2025-11-04 02:20:00,154.319,154.33,154.25,154.273,256.0,20,0.0
2025-11-04 02:25:00,154.272,154.312,154.27,154.293,339.0,20,0.0
2025-11-04 02:30:00,154.292,154.296,154.221,154.243,320.0,20,0.0
2025-11-04 02:35:00,154.244,154.277,154.233,154.275,274.0,20,0.0
2025-11-04 02:40:00,154.276,154.312,154.26,154.298,258.0,20,0.0
2025-11-04 02:45:00,154.297,154.314,154.28,154.295,242.0,20,0.0
2025-11-04 02:50:00,154.296,154.322,154.267,154.314,629.0,20,0.0
2025-11-04 02:55:00,154.309,154.352,154.3,154.327,476.0,20,0.0
2025-11-04 03:00:00,154.33,154.343,154.301,154.316,451.0,20,0.0
2025-11-04 03:05:00,154.316,154.394,154.313,154.365,383.0,20,0.0
2025-11-04 03:10:00,154.365,154.402,154.347,154.365,475.0,20,0.0
2025-11-04 03:15:00,154.364,154.396,154.314,154.351,401.0,20,0.0
2025-11-04 03:20:00,154.351,154.401,154.347,154.392,279.0,20,0.0
2025-11-04 03:25:00,154.399,154.472,154.379,154.45,601.0,20,0.0
2025-11-04 03:30:00,154.452,154.453,154.422,154.43,352.0,20,0.0
2025-11-04 03:35:00,154.431,154.435,154.353,154.365,354.0,20,0.0
2025-11-04 03:40:00,154.364,154.364,154.29,154.312,331.0,20,0.0
2025-11-04 03:45:00,154.312,154.34,154.293,154.307,313.0,20,0.0
2025-11-04 03:50:00,154.307,154.335,154.294,154.321,203.0,20,0.0
2025-11-04 03:55:00,154.321,154.348,154.317,154.319,198.0,20,0.0
2025-11-04 04:00:00,154.32,154.347,154.313,154.317,429.0,20,0.0
2025-11-04 04:05:00,154.317,154.344,154.285,154.332,280.0,20,0.0
2025-11-04 04:10:00,154.333,154.333,154.28,154.294,201.0,21,0.0
2025-11-04 04:15:00,154.292,154.298,154.254,154.285,188.0,20,0.0
2025-11-04 04:20:00,154.285,154.308,154.258,154.273,144.0,20,0.0
2025-11-04 04:25:00,154.273,154.274,154.247,154.251,158.0,20,0.0
2025-11-04 04:30:00,154.252,154.261,154.149,154.15,267.0,20,0.0
2025-11-04 04:35:00,154.149,154.213,154.146,154.195,303.0,20,0.0
2025-11-04 04:40:00,154.191,154.221,154.178,154.187,193.0,21,0.0
2025-11-04 04:45:00,154.186,154.216,154.184,154.211,182.0,21,0.0
2025-11-04 04:50:00,154.211,154.211,154.175,154.201,174.0,20,0.0
2025-11-04 04:55:00,154.2,154.2,154.095,154.098,247.0,20,0.0
2025-11-04 05:00:00,154.097,154.138,154.063,154.131,263.0,20,0.0
2025-11-04 05:05:00,154.131,154.137,154.118,154.122,109.0,20,0.0
2025-11-04 05:10:00,154.121,154.128,154.093,154.11,144.0,20,0.0
2025-11-04 05:15:00,154.11,154.111,154.083,154.109,136.0,21,0.0
2025-11-04 05:20:00,154.108,154.121,154.098,154.111,105.0,20,0.0
2025-11-04 05:25:00,154.111,154.136,154.109,154.133,132.0,20,0.0
2025-11-04 05:30:00,154.133,154.147,154.085,154.098,308.0,20,0.0
2025-11-04 05:35:00,154.098,154.098,154.045,154.058,285.0,20,0.0
2025-11-04 05:40:00,154.057,154.085,154.054,154.075,223.0,20,0.0
2025-11-04 05:45:00,154.074,154.085,154.043,154.084,125.0,20,0.0
2025-11-04 05:50:00,154.083,154.097,154.071,154.089,218.0,20,0.0
2025-11-04 05:55:00,154.09,154.102,154.063,154.074,218.0,20,0.0
2025-11-04 06:00:00,154.075,154.091,154.058,154.085,151.0,20,0.0
2025-11-04 06:05:00,154.083,154.086,154.06,154.081,121.0,20,0.0
2025-11-04 06:10:00,154.082,154.088,154.06,154.071,100.0,20,0.0
2025-11-04 06:15:00,154.08,154.081,154.063,154.067,111.0,21,0.0
2025-11-04 06:20:00,154.067,154.077,154.056,154.074,151.0,20,0.0
2025-11-04 06:25:00,154.073,154.075,153.962,153.974,320.0,20,0.0
2025-11-04 06:30:00,153.973,153.99,153.865,153.88,276.0,22,0.0
2025-11-04 06:35:00,153.88,153.893,153.842,153.86,340.0,20,0.0
2025-11-04 06:40:00,153.861,153.874,153.798,153.854,298.0,20,0.0
2025-11-04 06:45:00,153.855,153.949,153.854,153.943,355.0,21,0.0
2025-11-04 06:50:00,153.943,153.983,153.934,153.973,174.0,20,0.0
2025-11-04 06:55:00,153.972,154.055,153.972,154.051,309.0,20,0.0
2025-11-04 07:00:00,154.052,154.073,153.969,153.97,364.0,20,0.0
2025-11-04 07:05:00,153.976,153.997,153.949,153.985,264.0,20,0.0
2025-11-04 07:10:00,153.985,153.985,153.895,153.897,222.0,20,0.0
2025-11-04 07:15:00,153.897,153.908,153.881,153.903,187.0,20,0.0
2025-11-04 07:20:00,153.901,153.936,153.877,153.911,188.0,20,0.0
2025-11-04 07:25:00,153.91,153.91,153.811,153.811,311.0,20,0.0
2025-11-04 07:30:00,153.811,153.811,153.743,153.744,278.0,20,0.0
2025-11-04 07:35:00,153.744,153.803,153.726,153.773,306.0,20,0.0
2025-11-04 07:40:00,153.773,153.773,153.702,153.753,326.0,20,0.0
2025-11-04 07:45:00,153.752,153.779,153.734,153.746,404.0,20,0.0
2025-11-04 07:50:00,153.746,153.777,153.695,153.695,285.0,20,0.0
2025-11-04 07:55:00,153.696,153.754,153.677,153.721,376.0,20,0.0
2025-11-04 08:00:00,153.721,153.768,153.704,153.745,366.0,20,0.0
2025-11-04 08:05:00,153.747,153.78,153.698,153.708,328.0,20,0.0
2025-11-04 08:10:00,153.707,153.71,153.59,153.634,437.0,20,0.0
2025-11-04 08:15:00,153.632,153.691,153.623,153.652,379.0,20,0.0
2025-11-04 08:20:00,153.652,153.658,153.483,153.52,602.0,20,0.0
2025-11-04 08:25:00,153.524,153.561,153.501,153.544,498.0,21,0.0
2025-11-04 08:30:00,153.544,153.579,153.492,153.561,462.0,20,0.0
2025-11-04 08:35:00,153.562,153.578,153.532,153.554,217.0,20,0.0
2025-11-04 08:40:00,153.552,153.608,153.532,153.554,274.0,20,0.0
2025-11-04 08:45:00,153.552,153.584,153.527,153.556,276.0,20,0.0
2025-11-04 08:50:00,153.556,153.65,153.554,153.613,357.0,20,0.0
2025-11-04 08:55:00,153.613,153.664,153.612,153.614,266.0,20,0.0
2025-11-04 09:00:00,153.615,153.622,153.559,153.567,415.0,20,0.0
2025-11-04 09:05:00,153.566,153.57,153.525,153.552,329.0,20,0.0
2025-11-04 09:10:00,153.551,153.551,153.461,153.519,357.0,20,0.0
2025-11-04 09:15:00,153.519,153.524,153.447,153.451,326.0,20,0.0
2025-11-04 09:20:00,153.451,153.484,153.361,153.382,462.0,20,0.0
2025-11-04 09:25:00,153.381,153.443,153.381,153.398,447.0,20,0.0
2025-11-04 09:30:00,153.391,153.404,153.322,153.334,375.0,20,0.0
2025-11-04 09:35:00,153.332,153.387,153.321,153.362,223.0,20,0.0
2025-11-04 09:40:00,153.358,153.394,153.338,153.392,216.0,20,0.0
2025-11-04 09:45:00,153.393,153.415,153.355,153.407,250.0,20,0.0
2025-11-04 09:50:00,153.406,153.542,153.405,153.532,366.0,20,0.0
2025-11-04 09:55:00,153.53,153.594,153.521,153.569,273.0,20,0.0
2025-11-04 10:00:00,153.577,153.591,153.493,153.495,665.0,20,0.0
2025-11-04 10:05:00,153.494,153.573,153.46,153.519,681.0,20,0.0
2025-11-04 10:10:00,153.517,153.535,153.462,153.463,522.0,20,0.0
2025-11-04 10:15:00,153.464,153.466,153.375,153.405,513.0,20,0.0
2025-11-04 10:20:00,153.395,153.464,153.385,153.45,564.0,20,0.0
2025-11-04 10:25:00,153.45,153.572,153.448,153.566,408.0,20,0.0
2025-11-04 10:30:00,153.566,153.667,153.56,153.581,571.0,20,0.0
2025-11-04 10:35:00,153.581,153.684,153.575,153.678,378.0,20,0.0
2025-11-04 10:40:00,153.677,153.684,153.614,153.646,367.0,20,0.0
2025-11-04 10:45:00,153.644,153.672,153.613,153.626,277.0,20,0.0
2025-11-04 10:50:00,153.626,153.677,153.609,153.671,412.0,20,0.0
2025-11-04 10:55:00,153.676,153.687,153.632,153.638,371.0,20,0.0
2025-11-04 11:00:00,153.639,153.688,153.62,153.687,356.0,20,0.0
2025-11-04 11:05:00,153.685,153.686,153.614,153.636,201.0,20,0.0
2025-11-04 11:10:00,153.635,153.665,153.612,153.659,222.0,21,0.0
2025-11-04 11:15:00,153.657,153.709,153.644,153.696,296.0,20,0.0
2025-11-04 11:20:00,153.697,153.745,153.691,153.692,427.0,20,0.0
2025-11-04 11:25:00,153.692,153.692,153.557,153.557,540.0,20,0.0
2025-11-04 11:30:00,153.556,153.603,153.525,153.527,469.0,20,0.0
2025-11-04 11:35:00,153.527,153.528,153.471,153.495,393.0,20,0.0
2025-11-04 11:40:00,153.495,153.572,153.49,153.495,284.0,20,0.0
2025-11-04 11:45:00,153.496,153.556,153.479,153.506,378.0,20,0.0
2025-11-04 11:50:00,153.506,153.507,153.393,153.47,432.0,20,0.0
2025-11-04 11:55:00,153.468,153.488,153.413,153.473,342.0,20,0.0
2025-11-04 12:00:00,153.473,153.475,153.33,153.332,593.0,20,0.0
2025-11-04 12:05:00,153.331,153.367,153.305,153.356,587.0,20,0.0
2025-11-04 12:10:00,153.356,153.393,153.355,153.39,259.0,21,0.0
2025-11-04 12:15:00,153.389,153.461,153.379,153.45,243.0,20,0.0
2025-11-04 12:20:00,153.452,153.486,153.447,153.477,250.0,22,0.0
2025-11-04 12:25:00,153.478,153.478,153.437,153.47,255.0,20,0.0
2025-11-04 12:30:00,153.469,153.533,153.458,153.523,237.0,20,0.0
2025-11-04 12:35:00,153.524,153.529,153.482,153.516,319.0,20,0.0
2025-11-04 12:40:00,153.517,153.541,153.482,153.504,252.0,20,0.0
2025-11-04 12:45:00,153.502,153.557,153.502,153.551,179.0,20,0.0
2025-11-04 12:50:00,153.553,153.565,153.535,153.539,151.0,20,0.0
2025-11-04 12:55:00,153.54,153.59,153.54,153.567,307.0,20,0.0
2025-11-04 13:00:00,153.566,153.581,153.537,153.562,274.0,20,0.0
2025-11-04 13:05:00,153.566,153.567,153.516,153.52,223.0,21,0.0
2025-11-04 13:10:00,153.52,153.52,153.449,153.449,274.0,20,0.0
2025-11-04 13:15:00,153.445,153.473,153.435,153.468,191.0,20,0.0
2025-11-04 13:20:00,153.467,153.486,153.44,153.456,144.0,20,0.0
2025-11-04 13:25:00,153.461,153.484,153.444,153.445,149.0,20,0.0
2025-11-04 13:30:00,153.444,153.448,153.361,153.37,277.0,20,0.0
2025-11-04 13:35:00,153.37,153.477,153.37,153.472,275.0,20,0.0
2025-11-04 13:40:00,153.473,153.483,153.448,153.453,251.0,20,0.0
2025-11-04 13:45:00,153.452,153.478,153.444,153.465,187.0,20,0.0
2025-11-04 13:50:00,153.462,153.538,153.448,153.537,242.0,20,0.0
2025-11-04 13:55:00,153.542,153.574,153.518,153.561,251.0,21,0.0
2025-11-04 14:00:00,153.559,153.583,153.507,153.522,322.0,20,0.0
2025-11-04 14:05:00,153.518,153.556,153.503,153.522,192.0,20,0.0
2025-11-04 14:10:00,153.522,153.545,153.498,153.523,224.0,20,0.0
2025-11-04 14:15:00,153.522,153.551,153.517,153.534,116.0,20,0.0
2025-11-04 14:20:00,153.526,153.558,153.494,153.517,270.0,20,0.0
2025-11-04 14:25:00,153.517,153.543,153.508,153.534,203.0,20,0.0
2025-11-04 14:30:00,153.534,153.593,153.52,153.582,201.0,20,0.0
2025-11-04 14:35:00,153.583,153.616,153.568,153.58,289.0,20,0.0
2025-11-04 14:40:00,153.58,153.58,153.518,153.534,223.0,20,0.0
2025-11-04 14:45:00,153.537,153.557,153.511,153.535,184.0,20,0.0
2025-11-04 14:50:00,153.535,153.543,153.506,153.528,259.0,20,0.0
2025-11-04 14:55:00,153.529,153.54,153.508,153.518,237.0,20,0.0
2025-11-04 15:00:00,153.516,153.531,153.423,153.427,328.0,20,0.0
2025-11-04 15:05:00,153.426,153.492,153.415,153.485,298.0,20,0.0
2025-11-04 15:10:00,153.484,153.486,153.434,153.47,340.0,20,0.0
2025-11-04 15:15:00,153.469,153.472,153.423,153.438,262.0,20,0.0
2025-11-04 15:20:00,153.439,153.481,153.425,153.425,254.0,20,0.0
2025-11-04 15:25:00,153.424,153.425,153.388,153.414,235.0,21,0.0
2025-11-04 15:30:00,153.414,153.416,153.377,153.405,267.0,20,0.0
2025-11-04 15:35:00,153.404,153.412,153.361,153.363,306.0,20,0.0
2025-11-04 15:40:00,153.364,153.399,153.36,153.369,185.0,20,0.0
2025-11-04 15:45:00,153.369,153.38,153.344,153.344,155.0,22,0.0
2025-11-04 15:50:00,153.345,153.356,153.307,153.329,258.0,20,0.0
2025-11-04 15:55:00,153.329,153.427,153.324,153.377,357.0,20,0.0
2025-11-04 16:00:00,153.376,153.437,153.362,153.436,328.0,20,0.0
2025-11-04 16:05:00,153.437,153.441,153.385,153.386,391.0,20,0.0
2025-11-04 16:10:00,153.38,153.475,153.359,153.441,491.0,20,0.0
2025-11-04 16:15:00,153.446,153.536,153.434,153.512,416.0,20,0.0
2025-11-04 16:20:00,153.509,153.51,153.451,153.471,273.0,20,0.0
2025-11-04 16:25:00,153.469,153.48,153.439,153.463,329.0,20,0.0
2025-11-04 16:30:00,153.461,153.497,153.432,153.432,492.0,20,0.0
2025-11-04 16:35:00,153.433,153.515,153.433,153.457,542.0,20,0.0
2025-11-04 16:40:00,153.454,153.514,153.421,153.424,565.0,20,0.0
2025-11-04 16:45:00,153.422,153.436,153.38,153.425,444.0,20,0.0
2025-11-04 16:50:00,153.423,153.423,153.385,153.413,298.0,20,0.0
2025-11-04 16:55:00,153.414,153.481,153.413,153.467,353.0,20,0.0
2025-11-04 17:00:00,153.466,153.585,153.466,153.573,586.0,20,0.0
2025-11-04 17:05:00,153.573,153.586,153.429,153.47,576.0,20,0.0
2025-11-04 17:10:00,153.471,153.487,153.424,153.456,364.0,20,0.0
2025-11-04 17:15:00,153.456,153.509,153.456,153.494,417.0,20,0.0
2025-11-04 17:20:00,153.495,153.496,153.454,153.483,400.0,20,0.0
2025-11-04 17:25:00,153.483,153.495,153.457,153.463,423.0,21,0.0
2025-11-04 17:30:00,153.464,153.466,153.381,153.391,372.0,20,0.0
2025-11-04 17:35:00,153.393,153.402,153.358,153.378,343.0,20,0.0
2025-11-04 17:40:00,153.378,153.426,153.375,153.42,379.0,20,0.0
2025-11-04 17:45:00,153.419,153.435,153.387,153.387,350.0,20,0.0
2025-11-04 17:50:00,153.387,153.401,153.341,153.36,405.0,20,0.0
2025-11-04 17:55:00,153.36,153.402,153.329,153.373,444.0,20,0.0
2025-11-04 18:00:00,153.372,153.424,153.37,153.405,560.0,20,0.0
2025-11-04 18:05:00,153.404,153.412,153.375,153.403,424.0,20,0.0
2025-11-04 18:10:00,153.403,153.403,153.355,153.361,372.0,21,0.0
2025-11-04 18:15:00,153.36,153.36,153.328,153.348,352.0,20,0.0
2025-11-04 18:20:00,153.35,153.402,153.348,153.39,262.0,20,0.0
2025-11-04 18:25:00,153.391,153.417,153.39,153.416,373.0,21,0.0
2025-11-04 18:30:00,153.417,153.484,153.403,153.473,403.0,20,0.0
2025-11-04 18:35:00,153.474,153.49,153.444,153.489,240.0,20,0.0
2025-11-04 18:40:00,153.489,153.508,153.473,153.493,307.0,21,0.0
2025-11-04 18:45:00,153.494,153.51,153.492,153.509,194.0,20,0.0
2025-11-04 18:50:00,153.509,153.531,153.509,153.526,182.0,21,0.0
2025-11-04 18:55:00,153.526,153.542,153.505,153.54,250.0,21,0.0
2025-11-04 19:00:00,153.54,153.566,153.523,153.526,322.0,20,0.0
2025-11-04 19:05:00,153.526,153.555,153.519,153.542,270.0,20,0.0
2025-11-04 19:10:00,153.533,153.564,153.52,153.563,259.0,20,0.0
2025-11-04 19:15:00,153.563,153.567,153.529,153.537,212.0,20,0.0
2025-11-04 19:20:00,153.53,153.548,153.512,153.53,330.0,21,0.0
2025-11-04 19:25:00,153.529,153.563,153.528,153.55,251.0,20,0.0
2025-11-04 19:30:00,153.549,153.567,153.548,153.554,267.0,20,0.0
2025-11-04 19:35:00,153.555,153.566,153.545,153.557,242.0,20,0.0
2025-11-04 19:40:00,153.558,153.579,153.54,153.577,214.0,20,0.0
2025-11-04 19:45:00,153.576,153.61,153.564,153.603,226.0,20,0.0
2025-11-04 19:50:00,153.603,153.631,153.602,153.603,190.0,20,0.0
2025-11-04 19:55:00,153.603,153.605,153.566,153.58,158.0,20,0.0
2025-11-04 20:00:00,153.58,153.584,153.563,153.58,138.0,20,0.0
2025-11-04 20:05:00,153.578,153.607,153.578,153.579,144.0,20,0.0
2025-11-04 20:10:00,153.579,153.614,153.578,153.611,146.0,20,0.0
2025-11-04 20:15:00,153.613,153.631,153.567,153.574,114.0,20,0.0
2025-11-04 20:20:00,153.574,153.591,153.548,153.591,238.0,20,0.0
2025-11-04 20:25:00,153.591,153.616,153.589,153.615,132.0,20,0.0
2025-11-04 20:30:00,153.615,153.65,153.615,153.626,78.0,20,0.0
2025-11-04 20:35:00,153.625,153.625,153.577,153.589,114.0,20,0.0
2025-11-04 20:40:00,153.59,153.592,153.555,153.567,235.0,20,0.0
2025-11-04 20:45:00,153.567,153.568,153.537,153.544,201.0,20,0.0
2025-11-04 20:50:00,153.544,153.576,153.539,153.569,200.0,20,0.0
2025-11-04 20:55:00,153.57,153.571,153.545,153.553,242.0,21,0.0
2025-11-04 21:00:00,153.554,153.591,153.554,153.577,282.0,20,0.0
2025-11-04 21:05:00,153.578,153.58,153.555,153.556,211.0,20,0.0
2025-11-04 21:10:00,153.557,153.579,153.552,153.557,255.0,20,0.0
2025-11-04 21:15:00,153.558,153.603,153.552,153.595,262.0,20,0.0
2025-11-04 21:20:00,153.595,153.624,153.571,153.623,227.0,20,0.0
2025-11-04 21:25:00,153.623,153.632,153.612,153.631,177.0,21,0.0
2025-11-04 21:30:00,153.63,153.632,153.597,153.609,243.0,20,0.0
2025-11-04 21:35:00,153.61,153.611,153.574,153.587,180.0,20,0.0
2025-11-04 21:40:00,153.582,153.609,153.574,153.598,167.0,22,0.0
2025-11-04 21:45:00,153.598,153.605,153.585,153.59,234.0,20,0.0
2025-11-04 21:50:00,153.589,153.591,153.562,153.576,240.0,20,0.0
2025-11-04 21:55:00,153.577,153.626,153.576,153.623,361.0,20,0.0
2025-11-04 22:00:00,153.622,153.659,153.621,153.655,180.0,20,0.0
2025-11-04 22:05:00,153.654,153.667,153.633,153.636,191.0,21,0.0
2025-11-04 22:10:00,153.637,153.661,153.631,153.66,96.0,21,0.0
2025-11-04 22:15:00,153.659,153.676,153.64,153.641,142.0,21,0.0
2025-11-04 22:20:00,153.642,153.659,153.637,153.658,164.0,20,0.0
2025-11-04 22:25:00,153.658,153.681,153.657,153.664,228.0,20,0.0
2025-11-04 22:30:00,153.661,153.665,153.63,153.635,231.0,22,0.0
2025-11-04 22:35:00,153.636,153.663,153.635,153.652,172.0,21,0.0
2025-11-04 22:40:00,153.651,153.669,153.642,153.654,191.0,21,0.0
2025-11-04 22:45:00,153.654,153.667,153.649,153.652,86.0,20,0.0
2025-11-04 22:50:00,153.654,153.667,153.643,153.657,133.0,20,0.0
2025-11-04 22:55:00,153.655,153.659,153.611,153.618,313.0,20,0.0
2025-11-04 23:00:00,153.617,153.646,153.616,153.641,239.0,20,0.0
2025-11-04 23:05:00,153.641,153.651,153.609,153.635,98.0,22,0.0
2025-11-04 23:10:00,153.635,153.656,153.625,153.633,67.0,22,0.0
2025-11-04 23:15:00,153.635,153.648,153.624,153.633,118.0,22,0.0
2025-11-04 23:20:00,153.634,153.65,153.63,153.631,91.0,22,0.0
2025-11-04 23:25:00,153.631,153.634,153.61,153.624,90.0,20,0.0
2025-11-04 23:30:00,153.624,153.636,153.618,153.628,95.0,20,0.0
2025-11-04 23:35:00,153.628,153.629,153.589,153.602,112.0,23,0.0
2025-11-04 23:40:00,153.601,153.65,153.596,153.645,78.0,20,0.0
2025-11-04 23:45:00,153.646,153.662,153.638,153.658,357.0,23,0.0
2025-11-04 23:50:00,153.658,153.67,153.653,153.665,186.0,23,0.0
2025-11-04 23:55:00,153.663,153.663,153.641,153.65,377.0,24,0.0
2025-11-05 00:00:00,153.649,153.649,153.628,153.628,13.0,38,0.0
2025-11-05 00:05:00,153.626,153.643,153.626,153.637,17.0,51,0.0
2025-11-05 00:10:00,153.642,153.644,153.626,153.626,25.0,48,0.0
2025-11-05 00:15:00,153.626,153.628,153.621,153.628,12.0,61,0.0
2025-11-05 00:20:00,153.626,153.63,153.625,153.627,13.0,58,0.0
2025-11-05 00:25:00,153.628,153.628,153.615,153.616,16.0,58,0.0
2025-11-05 00:30:00,153.616,153.618,153.611,153.612,20.0,51,0.0
2025-11-05 00:35:00,153.613,153.617,153.612,153.617,7.0,49,0.0
2025-11-05 00:40:00,153.617,153.631,153.614,153.615,13.0,41,0.0
2025-11-05 00:45:00,153.615,153.632,153.615,153.621,16.0,40,0.0
2025-11-05 00:50:00,153.624,153.65,153.618,153.631,35.0,30,0.0
2025-11-05 00:55:00,153.63,153.637,153.625,153.635,39.0,43,0.0
2025-11-05 01:00:00,153.628,153.663,153.618,153.64,176.0,23,0.0
2025-11-05 01:05:00,153.641,153.652,153.641,153.649,49.0,23,0.0
2025-11-05 01:10:00,153.651,153.676,153.651,153.676,51.0,25,0.0
2025-11-05 01:15:00,153.677,153.682,153.666,153.667,100.0,25,0.0
2025-11-05 01:20:00,153.666,153.667,153.654,153.655,81.0,23,0.0
2025-11-05 01:25:00,153.654,153.661,153.641,153.652,92.0,25,0.0
2025-11-05 01:30:00,153.652,153.667,153.641,153.644,93.0,24,0.0
2025-11-05 01:35:00,153.644,153.644,153.624,153.627,82.0,22,0.0
2025-11-05 01:40:00,153.63,153.643,153.624,153.624,89.0,24,0.0
2025-11-05 01:45:00,153.624,153.624,153.565,153.567,285.0,21,0.0
2025-11-05 01:50:00,153.567,153.567,153.496,153.515,371.0,20,0.0
2025-11-05 01:55:00,153.514,153.576,153.513,153.54,241.0,21,0.0
2025-11-05 02:00:00,153.54,153.702,153.488,153.63,759.0,20,0.0
2025-11-05 02:05:00,153.629,153.74,153.606,153.619,614.0,20,0.0
2025-11-05 02:10:00,153.619,153.645,153.543,153.579,588.0,20,0.0
2025-11-05 02:15:00,153.579,153.634,153.561,153.561,391.0,20,0.0
2025-11-05 02:20:00,153.561,153.606,153.54,153.59,362.0,20,0.0
2025-11-05 02:25:00,153.591,153.6,153.476,153.489,340.0,20,0.0
2025-11-05 02:30:00,153.488,153.49,153.409,153.455,511.0,20,0.0
2025-11-05 02:35:00,153.455,153.516,153.452,153.454,454.0,20,0.0
2025-11-05 02:40:00,153.454,153.464,153.365,153.372,565.0,20,0.0
2025-11-05 02:45:00,153.373,153.419,153.367,153.405,494.0,20,0.0
2025-11-05 02:50:00,153.406,153.45,153.336,153.424,825.0,20,0.0
2025-11-05 02:55:00,153.423,153.428,153.219,153.227,897.0,20,0.0
2025-11-05 03:00:00,153.228,153.284,153.153,153.154,778.0,20,0.0
2025-11-05 03:05:00,153.153,153.175,153.112,153.161,631.0,20,0.0
2025-11-05 03:10:00,153.156,153.205,153.112,153.114,563.0,20,0.0
2025-11-05 03:15:00,153.112,153.112,153.014,153.057,853.0,20,0.0
2025-11-05 03:20:00,153.056,153.077,152.996,153.022,623.0,20,0.0
2025-11-05 03:25:00,153.021,153.105,152.994,153.069,533.0,20,0.0
2025-11-05 03:30:00,153.068,153.124,153.039,153.124,555.0,21,0.0
2025-11-05 03:35:00,153.125,153.173,153.031,153.031,641.0,20,0.0
2025-11-05 03:40:00,153.03,153.03,152.948,152.988,854.0,20,0.0
2025-11-05 03:45:00,152.989,153.106,152.962,153.059,647.0,20,0.0
2025-11-05 03:50:00,153.058,153.128,153.024,153.123,470.0,20,0.0
2025-11-05 03:55:00,153.122,153.171,153.099,153.153,404.0,20,0.0
2025-11-05 04:00:00,153.15,153.164,153.054,153.076,693.0,22,0.0
2025-11-05 04:05:00,153.078,153.126,153.057,153.106,472.0,20,0.0
2025-11-05 04:10:00,153.108,153.222,153.108,153.205,334.0,20,0.0
2025-11-05 04:15:00,153.204,153.207,153.137,153.186,364.0,20,0.0
2025-11-05 04:20:00,153.191,153.193,153.118,153.191,384.0,20,0.0
2025-11-05 04:25:00,153.196,153.2,153.107,153.118,454.0,20,0.0
2025-11-05 04:30:00,153.12,153.15,153.089,153.149,292.0,20,0.0
2025-11-05 04:35:00,153.148,153.231,153.146,153.194,335.0,20,0.0
2025-11-05 04:40:00,153.193,153.245,153.189,153.245,229.0,20,0.0
2025-11-05 04:45:00,153.246,153.296,153.233,153.25,428.0,20,0.0
2025-11-05 04:50:00,153.25,153.277,153.242,153.27,197.0,20,0.0
2025-11-05 04:55:00,153.278,153.314,153.27,153.308,287.0,20,0.0
2025-11-05 05:00:00,153.309,153.329,153.29,153.304,211.0,20,0.0
2025-11-05 05:05:00,153.305,153.357,153.302,153.339,320.0,20,0.0
2025-11-05 05:10:00,153.338,153.355,153.325,153.354,239.0,22,0.0
2025-11-05 05:15:00,153.354,153.354,153.3,153.342,306.0,21,0.0
2025-11-05 05:20:00,153.341,153.341,153.301,153.316,232.0,20,0.0
2025-11-05 05:25:00,153.316,153.36,153.303,153.359,306.0,20,0.0
2025-11-05 05:30:00,153.36,153.433,153.36,153.421,424.0,20,0.0
2025-11-05 05:35:00,153.419,153.429,153.344,153.349,429.0,21,0.0
2025-11-05 05:40:00,153.351,153.443,153.343,153.443,458.0,20,0.0
2025-11-05 05:45:00,153.449,153.548,153.432,153.527,791.0,20,0.0
2025-11-05 05:50:00,153.529,153.557,153.48,153.489,695.0,20,0.0
2025-11-05 05:55:00,153.488,153.514,153.468,153.502,371.0,22,0.0
2025-11-05 06:00:00,153.501,153.518,153.455,153.466,530.0,20,0.0
2025-11-05 06:05:00,153.465,153.466,153.426,153.443,308.0,20,0.0
2025-11-05 06:10:00,153.444,153.504,153.431,153.445,427.0,20,0.0
2025-11-05 06:15:00,153.444,153.449,153.382,153.384,390.0,20,0.0
2025-11-05 06:20:00,153.383,153.459,153.38,153.454,315.0,20,0.0
2025-11-05 06:25:00,153.454,153.469,153.44,153.455,211.0,20,0.0
2025-11-05 06:30:00,153.454,153.455,153.417,153.433,216.0,20,0.0
2025-11-05 06:35:00,153.432,153.467,153.421,153.451,235.0,20,0.0
2025-11-05 06:40:00,153.451,153.463,153.425,153.43,146.0,20,0.0
2025-11-05 06:45:00,153.43,153.478,153.425,153.478,206.0,20,0.0
2025-11-05 06:50:00,153.477,153.485,153.462,153.472,281.0,21,0.0
2025-11-05 06:55:00,153.473,153.483,153.458,153.474,304.0,20,0.0
2025-11-05 07:00:00,153.471,153.497,153.469,153.49,234.0,20,0.0
2025-11-05 07:05:00,153.489,153.515,153.464,153.509,257.0,20,0.0
2025-11-05 07:10:00,153.508,153.53,153.507,153.524,176.0,20,0.0
2025-11-05 07:15:00,153.523,153.541,153.486,153.538,280.0,20,0.0
2025-11-05 07:20:00,153.538,153.556,153.524,153.538,215.0,20,0.0
2025-11-05 07:25:00,153.537,153.537,153.489,153.513,254.0,20,0.0
2025-11-05 07:30:00,153.515,153.55,153.514,153.536,304.0,20,0.0
2025-11-05 07:35:00,153.536,153.536,153.509,153.523,149.0,20,0.0
2025-11-05 07:40:00,153.53,153.543,153.507,153.507,215.0,20,0.0
2025-11-05 07:45:00,153.508,153.511,153.427,153.435,312.0,20,0.0
2025-11-05 07:50:00,153.436,153.445,153.397,153.419,330.0,20,0.0
2025-11-05 07:55:00,153.421,153.524,153.42,153.51,358.0,20,0.0
2025-11-05 08:00:00,153.51,153.513,153.448,153.469,419.0,20,0.0
2025-11-05 08:05:00,153.474,153.5,153.442,153.465,287.0,21,0.0
2025-11-05 08:10:00,153.464,153.5,153.462,153.475,164.0,20,0.0
2025-11-05 08:15:00,153.476,153.599,153.476,153.594,372.0,20,0.0
2025-11-05 08:20:00,153.594,153.66,153.593,153.593,390.0,20,0.0
2025-11-05 08:25:00,153.591,153.64,153.585,153.631,275.0,20,0.0
2025-11-05 08:30:00,153.63,153.679,153.605,153.665,408.0,20,0.0
2025-11-05 08:35:00,153.666,153.674,153.625,153.66,318.0,20,0.0
2025-11-05 08:40:00,153.66,153.732,153.65,153.72,241.0,20,0.0
2025-11-05 08:45:00,153.72,153.72,153.653,153.686,223.0,21,0.0
2025-11-05 08:50:00,153.685,153.69,153.668,153.685,153.0,20,0.0
2025-11-05 08:55:00,153.685,153.695,153.651,153.656,150.0,21,0.0
2025-11-05 09:00:00,153.657,153.679,153.612,153.613,242.0,20,0.0
2025-11-05 09:05:00,153.614,153.63,153.473,153.545,621.0,20,0.0
2025-11-05 09:10:00,153.545,153.584,153.495,153.532,412.0,20,0.0
2025-11-05 09:15:00,153.533,153.654,153.53,153.627,352.0,20,0.0
2025-11-05 09:20:00,153.628,153.673,153.619,153.635,297.0,20,0.0
2025-11-05 09:25:00,153.635,153.635,153.539,153.543,259.0,20,0.0
2025-11-05 09:30:00,153.544,153.553,153.476,153.515,413.0,20,0.0
2025-11-05 09:35:00,153.519,153.529,153.438,153.464,393.0,20,0.0
2025-11-05 09:40:00,153.464,153.532,153.462,153.516,242.0,20,0.0
2025-11-05 09:45:00,153.518,153.551,153.502,153.502,213.0,21,0.0
2025-11-05 09:50:00,153.502,153.549,153.5,153.549,227.0,21,0.0
2025-11-05 09:55:00,153.547,153.587,153.547,153.55,344.0,21,0.0
2025-11-05 10:00:00,153.549,153.551,153.502,153.513,713.0,20,0.0
2025-11-05 10:05:00,153.514,153.621,153.511,153.619,549.0,20,0.0
2025-11-05 10:10:00,153.618,153.653,153.602,153.627,358.0,21,0.0
2025-11-05 10:15:00,153.626,153.631,153.578,153.595,375.0,21,0.0
2025-11-05 10:20:00,153.596,153.596,153.544,153.573,271.0,20,0.0
2025-11-05 10:25:00,153.572,153.598,153.553,153.566,349.0,20,0.0
2025-11-05 10:30:00,153.567,153.593,153.525,153.556,260.0,20,0.0
2025-11-05 10:35:00,153.556,153.569,153.484,153.509,269.0,20,0.0
2025-11-05 10:40:00,153.509,153.528,153.495,153.509,217.0,20,0.0
2025-11-05 10:45:00,153.51,153.524,153.471,153.478,275.0,20,0.0
2025-11-05 10:50:00,153.477,153.483,153.406,153.408,268.0,20,0.0
2025-11-05 10:55:00,153.409,153.491,153.408,153.487,396.0,20,0.0
2025-11-05 11:00:00,153.488,153.54,153.488,153.515,359.0,20,0.0
2025-11-05 11:05:00,153.516,153.542,153.476,153.531,313.0,20,0.0
2025-11-05 11:10:00,153.532,153.565,153.52,153.536,282.0,20,0.0
2025-11-05 11:15:00,153.537,153.541,153.512,153.514,262.0,20,0.0
2025-11-05 11:20:00,153.517,153.54,153.509,153.512,208.0,20,0.0
2025-11-05 11:25:00,153.513,153.532,153.509,153.512,162.0,20,0.0
2025-11-05 11:30:00,153.513,153.55,153.498,153.523,239.0,20,0.0
2025-11-05 11:35:00,153.522,153.578,153.511,153.56,188.0,20,0.0
2025-11-05 11:40:00,153.56,153.635,153.547,153.608,286.0,21,0.0
2025-11-05 11:45:00,153.609,153.659,153.604,153.654,252.0,21,0.0
2025-11-05 11:50:00,153.655,153.657,153.613,153.654,218.0,20,0.0
2025-11-05 11:55:00,153.654,153.696,153.654,153.677,212.0,20,0.0
2025-11-05 12:00:00,153.678,153.832,153.677,153.791,480.0,20,0.0
2025-11-05 12:05:00,153.791,153.821,153.759,153.774,458.0,20,0.0
2025-11-05 12:10:00,153.776,153.787,153.739,153.744,376.0,20,0.0
2025-11-05 12:15:00,153.743,153.774,153.727,153.731,298.0,21,0.0
2025-11-05 12:20:00,153.73,153.74,153.699,153.735,265.0,20,0.0
2025-11-05 12:25:00,153.735,153.749,153.721,153.722,149.0,20,0.0
2025-11-05 12:30:00,153.723,153.732,153.673,153.683,270.0,21,0.0
2025-11-05 12:35:00,153.68,153.702,153.674,153.684,171.0,20,0.0
2025-11-05 12:40:00,153.684,153.688,153.667,153.667,133.0,21,0.0
2025-11-05 12:45:00,153.666,153.707,153.639,153.697,195.0,21,0.0
2025-11-05 12:50:00,153.697,153.697,153.641,153.641,179.0,21,0.0
2025-11-05 12:55:00,153.639,153.643,153.609,153.616,182.0,20,0.0
2025-11-05 13:00:00,153.615,153.646,153.596,153.646,174.0,20,0.0
2025-11-05 13:05:00,153.646,153.692,153.646,153.691,98.0,20,0.0
2025-11-05 13:10:00,153.693,153.699,153.682,153.689,90.0,20,0.0
2025-11-05 13:15:00,153.691,153.694,153.639,153.646,226.0,20,0.0
2025-11-05 13:20:00,153.645,153.65,153.601,153.607,187.0,20,0.0
2025-11-05 13:25:00,153.607,153.633,153.607,153.621,133.0,21,0.0
2025-11-05 13:30:00,153.621,153.661,153.615,153.615,215.0,20,0.0
2025-11-05 13:35:00,153.615,153.635,153.604,153.617,151.0,21,0.0
2025-11-05 13:40:00,153.616,153.632,153.61,153.628,142.0,21,0.0
2025-11-05 13:45:00,153.627,153.643,153.62,153.631,77.0,20,0.0
2025-11-05 13:50:00,153.631,153.633,153.592,153.595,106.0,21,0.0
2025-11-05 13:55:00,153.595,153.607,153.563,153.606,201.0,20,0.0
2025-11-05 14:00:00,153.606,153.619,153.583,153.609,207.0,20,0.0
2025-11-05 14:05:00,153.609,153.61,153.553,153.61,199.0,20,0.0
2025-11-05 14:10:00,153.61,153.617,153.597,153.607,135.0,20,0.0
2025-11-05 14:15:00,153.606,153.663,153.594,153.655,207.0,20,0.0
2025-11-05 14:20:00,153.654,153.667,153.636,153.643,167.0,20,0.0
2025-11-05 14:25:00,153.643,153.68,153.64,153.66,222.0,22,0.0
2025-11-05 14:30:00,153.662,153.686,153.655,153.678,153.0,22,0.0
2025-11-05 14:35:00,153.678,153.713,153.671,153.702,184.0,20,0.0
2025-11-05 14:40:00,153.7,153.716,153.692,153.7,157.0,21,0.0
2025-11-05 14:45:00,153.699,153.719,153.664,153.719,192.0,21,0.0
2025-11-05 14:50:00,153.718,153.738,153.71,153.734,165.0,20,0.0
2025-11-05 14:55:00,153.734,153.738,153.694,153.699,265.0,21,0.0
2025-11-05 15:00:00,153.698,153.717,153.687,153.713,267.0,21,0.0
2025-11-05 15:05:00,153.715,153.733,153.679,153.723,217.0,20,0.0
2025-11-05 15:10:00,153.725,153.746,153.688,153.724,264.0,20,0.0
2025-11-05 15:15:00,153.738,153.87,153.707,153.82,748.0,20,0.0
2025-11-05 15:20:00,153.821,153.834,153.758,153.79,451.0,20,0.0
2025-11-05 15:25:00,153.788,153.837,153.788,153.802,368.0,20,0.0
2025-11-05 15:30:00,153.805,153.886,153.805,153.872,535.0,20,0.0
2025-11-05 15:35:00,153.871,153.935,153.859,153.909,437.0,20,0.0
2025-11-05 15:40:00,153.91,153.97,153.91,153.963,484.0,20,0.0
2025-11-05 15:45:00,153.964,153.97,153.934,153.967,318.0,20,0.0
2025-11-05 15:50:00,153.967,153.976,153.938,153.963,209.0,20,0.0
2025-11-05 15:55:00,153.964,153.98,153.954,153.97,277.0,20,0.0
2025-11-05 16:00:00,153.97,154.024,153.937,153.993,462.0,20,0.0
2025-11-05 16:05:00,153.992,154.006,153.957,153.967,309.0,20,0.0
2025-11-05 16:10:00,153.968,153.994,153.936,153.976,285.0,20,0.0
2025-11-05 16:15:00,153.973,153.995,153.946,153.978,396.0,20,0.0
2025-11-05 16:20:00,153.978,153.99,153.962,153.966,293.0,20,0.0
2025-11-05 16:25:00,153.963,153.976,153.933,153.963,289.0,20,0.0
2025-11-05 16:30:00,153.962,153.988,153.944,153.955,464.0,20,0.0
2025-11-05 16:35:00,153.954,153.955,153.904,153.944,471.0,21,0.0
2025-11-05 16:40:00,153.943,153.976,153.928,153.935,333.0,20,0.0
2025-11-05 16:45:00,153.936,153.952,153.915,153.943,411.0,20,0.0
2025-11-05 16:50:00,153.943,153.964,153.893,153.894,457.0,20,0.0
2025-11-05 16:55:00,153.893,153.955,153.886,153.922,379.0,20,0.0
2025-11-05 17:00:00,153.957,154.302,153.957,154.172,1429.0,20,0.0
2025-11-05 17:05:00,154.179,154.248,154.17,154.221,1088.0,20,0.0
2025-11-05 17:10:00,154.224,154.26,154.174,154.188,707.0,20,0.0
2025-11-05 17:15:00,154.186,154.237,154.163,154.214,867.0,20,0.0
2025-11-05 17:20:00,154.214,154.231,154.179,154.209,627.0,20,0.0
2025-11-05 17:25:00,154.21,154.215,154.166,154.178,669.0,20,0.0
2025-11-05 17:30:00,154.18,154.186,154.13,154.168,603.0,20,0.0
2025-11-05 17:35:00,154.168,154.224,154.152,154.214,478.0,21,0.0
2025-11-05 17:40:00,154.218,154.294,154.218,154.283,448.0,20,0.0
2025-11-05 17:45:00,154.284,154.295,154.249,154.268,483.0,20,0.0
2025-11-05 17:50:00,154.267,154.276,154.224,154.249,507.0,20,0.0
2025-11-05 17:55:00,154.246,154.296,154.225,154.295,677.0,20,0.0
2025-11-05 18:00:00,154.297,154.321,154.236,154.3,590.0,20,0.0
2025-11-05 18:05:00,154.299,154.345,154.263,154.268,457.0,20,0.0
2025-11-05 18:10:00,154.267,154.282,154.242,154.253,408.0,20,0.0
2025-11-05 18:15:00,154.253,154.256,154.204,154.207,400.0,20,0.0
2025-11-05 18:20:00,154.206,154.245,154.194,154.218,254.0,20,0.0
2025-11-05 18:25:00,154.218,154.241,154.205,154.226,265.0,20,0.0
2025-11-05 18:30:00,154.227,154.286,154.227,154.245,337.0,20,0.0
2025-11-05 18:35:00,154.244,154.252,154.225,154.237,250.0,20,0.0
2025-11-05 18:40:00,154.238,154.273,154.204,154.225,286.0,20,0.0
2025-11-05 18:45:00,154.225,154.227,154.194,154.203,330.0,20,0.0
2025-11-05 18:50:00,154.203,154.203,154.12,154.134,365.0,20,0.0
2025-11-05 18:55:00,154.136,154.136,154.095,154.111,275.0,20,0.0
2025-11-05 19:00:00,154.111,154.111,154.051,154.075,326.0,20,0.0
2025-11-05 19:05:00,154.076,154.107,154.073,154.073,256.0,20,0.0
2025-11-05 19:10:00,154.073,154.111,154.065,154.095,228.0,20,0.0
2025-11-05 19:15:00,154.095,154.108,154.073,154.082,195.0,20,0.0
2025-11-05 19:20:00,154.085,154.087,154.05,154.075,142.0,20,0.0
2025-11-05 19:25:00,154.075,154.082,154.06,154.07,113.0,21,0.0
2025-11-05 19:30:00,154.071,154.099,154.071,154.097,133.0,20,0.0
2025-11-05 19:35:00,154.098,154.103,154.09,154.099,72.0,20,0.0
2025-11-05 19:40:00,154.098,154.1,154.075,154.097,98.0,20,0.0
2025-11-05 19:45:00,154.096,154.127,154.077,154.081,173.0,20,0.0
2025-11-05 19:50:00,154.079,154.082,154.053,154.054,156.0,20,0.0
2025-11-05 19:55:00,154.053,154.068,154.045,154.066,215.0,20,0.0
2025-11-05 20:00:00,154.066,154.066,154.007,154.008,215.0,20,0.0
2025-11-05 20:05:00,154.008,154.033,154.007,154.021,136.0,20,0.0
2025-11-05 20:10:00,154.022,154.055,154.007,154.016,142.0,20,0.0
2025-11-05 20:15:00,154.016,154.026,153.996,154.005,121.0,20,0.0
2025-11-05 20:20:00,154.004,154.022,153.996,154.021,159.0,20,0.0
2025-11-05 20:25:00,154.021,154.061,154.021,154.054,160.0,20,0.0
2025-11-05 20:30:00,154.054,154.09,154.054,154.065,135.0,20,0.0
2025-11-05 20:35:00,154.064,154.086,154.054,154.085,102.0,20,0.0
2025-11-05 20:40:00,154.087,154.105,154.078,154.097,118.0,20,0.0
2025-11-05 20:45:00,154.097,154.097,154.054,154.088,156.0,20,0.0
2025-11-05 20:50:00,154.088,154.113,154.08,154.112,96.0,20,0.0
2025-11-05 20:55:00,154.113,154.132,154.112,154.116,170.0,20,0.0
2025-11-05 21:00:00,154.116,154.117,154.075,154.076,128.0,21,0.0
2025-11-05 21:05:00,154.077,154.081,154.048,154.08,153.0,20,0.0
2025-11-05 21:10:00,154.08,154.11,154.08,154.11,159.0,20,0.0
2025-11-05 21:15:00,154.112,154.119,154.1,154.11,135.0,20,0.0
2025-11-05 21:20:00,154.111,154.116,154.1,154.1,147.0,20,0.0
2025-11-05 21:25:00,154.101,154.103,154.082,154.089,146.0,20,0.0
2025-11-05 21:30:00,154.088,154.1,154.085,154.1,124.0,20,0.0
2025-11-05 21:35:00,154.101,154.114,154.085,154.085,105.0,21,0.0
2025-11-05 21:40:00,154.085,154.1,154.081,154.09,169.0,20,0.0
2025-11-05 21:45:00,154.089,154.103,154.082,154.088,175.0,20,0.0
2025-11-05 21:50:00,154.087,154.099,154.082,154.087,136.0,21,0.0
2025-11-05 21:55:00,154.087,154.112,154.078,154.098,185.0,20,0.0
2025-11-05 22:00:00,154.099,154.124,154.09,154.111,150.0,20,0.0
2025-11-05 22:05:00,154.111,154.122,154.087,154.09,151.0,21,0.0
2025-11-05 22:10:00,154.088,154.095,154.075,154.076,68.0,22,0.0
2025-11-05 22:15:00,154.076,154.089,154.075,154.089,96.0,21,0.0
2025-11-05 22:20:00,154.088,154.114,154.081,154.087,111.0,21,0.0
2025-11-05 22:25:00,154.087,154.124,154.081,154.111,126.0,20,0.0
2025-11-05 22:30:00,154.11,154.117,154.086,154.094,183.0,21,0.0
2025-11-05 22:35:00,154.095,154.102,154.086,154.099,114.0,21,0.0
2025-11-05 22:40:00,154.099,154.111,154.088,154.099,132.0,21,0.0
2025-11-05 22:45:00,154.101,154.109,154.083,154.084,102.0,20,0.0
2025-11-05 22:50:00,154.085,154.109,154.075,154.106,118.0,20,0.0
2025-11-05 22:55:00,154.105,154.125,154.072,154.112,152.0,20,0.0
2025-11-05 23:00:00,154.112,154.131,154.1,154.131,159.0,20,0.0
2025-11-05 23:05:00,154.13,154.133,154.09,154.102,161.0,22,0.0
2025-11-05 23:10:00,154.106,154.131,154.106,154.11,68.0,22,0.0
2025-11-05 23:15:00,154.112,154.113,154.098,154.109,104.0,20,0.0
2025-11-05 23:20:00,154.11,154.113,154.093,154.096,82.0,22,0.0
2025-11-05 23:25:00,154.097,154.102,154.09,154.1,124.0,22,0.0
2025-11-05 23:30:00,154.099,154.11,154.091,154.1,70.0,21,0.0
2025-11-05 23:35:00,154.1,154.1,154.08,154.08,66.0,23,0.0
2025-11-05 23:40:00,154.081,154.1,154.08,154.085,68.0,20,0.0
2025-11-05 23:45:00,154.084,154.109,154.081,154.102,117.0,24,0.0
2025-11-05 23:50:00,154.103,154.108,154.091,154.099,219.0,24,0.0
2025-11-05 23:55:00,154.099,154.106,154.089,154.102,304.0,24,0.0
2025-11-06 00:00:00,154.105,154.105,154.077,154.08,9.0,41,0.0
2025-11-06 00:05:00,154.078,154.087,154.076,154.084,10.0,57,0.0
2025-11-06 00:10:00,154.086,154.087,154.084,154.085,9.0,36,0.0
2025-11-06 00:15:00,154.085,154.09,154.084,154.089,24.0,47,0.0
2025-11-06 00:20:00,154.088,154.091,154.087,154.091,16.0,42,0.0
2025-11-06 00:25:00,154.091,154.092,154.09,154.091,12.0,40,0.0
2025-11-06 00:30:00,154.086,154.088,154.015,154.055,139.0,33,0.0
2025-11-06 00:35:00,154.058,154.06,154.055,154.057,46.0,42,0.0
2025-11-06 00:40:00,154.056,154.064,154.051,154.056,55.0,43,0.0
2025-11-06 00:45:00,154.056,154.065,154.054,154.055,38.0,47,0.0
2025-11-06 00:50:00,154.056,154.058,154.053,154.056,49.0,45,0.0
2025-11-06 00:55:00,154.057,154.059,154.053,154.056,35.0,40,0.0
2025-11-06 01:00:00,154.056,154.059,154.023,154.027,187.0,27,0.0
2025-11-06 01:05:00,154.027,154.027,154.002,154.011,97.0,25,0.0
2025-11-06 01:10:00,154.014,154.014,154.0,154.002,88.0,26,0.0
2025-11-06 01:15:00,154.002,154.009,153.991,153.995,75.0,21,0.0
2025-11-06 01:20:00,153.995,154.007,153.969,154.006,78.0,22,0.0
2025-11-06 01:25:00,154.005,154.009,153.996,154.008,63.0,23,0.0
2025-11-06 01:30:00,154.008,154.035,153.981,153.988,171.0,23,0.0
2025-11-06 01:35:00,153.988,154.032,153.984,154.03,89.0,23,0.0
2025-11-06 01:40:00,154.027,154.062,154.024,154.056,89.0,22,0.0
2025-11-06 01:45:00,154.056,154.068,154.038,154.042,127.0,21,0.0
2025-11-06 01:50:00,154.043,154.057,154.03,154.055,205.0,22,0.0
2025-11-06 01:55:00,154.054,154.082,154.053,154.078,161.0,22,0.0
2025-11-06 02:00:00,154.079,154.131,154.064,154.129,417.0,20,0.0
2025-11-06 02:05:00,154.13,154.131,154.035,154.066,312.0,20,0.0
2025-11-06 02:10:00,154.052,154.055,153.919,153.933,440.0,20,0.0
2025-11-06 02:15:00,153.933,153.947,153.901,153.921,333.0,20,0.0
2025-11-06 02:20:00,153.924,153.935,153.85,153.851,382.0,20,0.0
2025-11-06 02:25:00,153.85,153.885,153.846,153.867,354.0,20,0.0
2025-11-06 02:30:00,153.866,153.962,153.84,153.958,325.0,20,0.0
2025-11-06 02:35:00,153.958,153.964,153.908,153.922,340.0,20,0.0
2025-11-06 02:40:00,153.923,153.965,153.899,153.954,386.0,20,0.0
2025-11-06 02:45:00,153.954,153.955,153.864,153.895,277.0,20,0.0
2025-11-06 02:50:00,153.898,153.953,153.887,153.935,425.0,20,0.0
2025-11-06 02:55:00,153.934,153.957,153.876,153.879,451.0,20,0.0
2025-11-06 03:00:00,153.879,153.879,153.829,153.878,567.0,20,0.0
2025-11-06 03:05:00,153.878,153.878,153.801,153.807,365.0,20,0.0
2025-11-06 03:10:00,153.808,153.861,153.792,153.856,323.0,20,0.0
2025-11-06 03:15:00,153.855,153.879,153.826,153.831,321.0,20,0.0
2025-11-06 03:20:00,153.83,153.924,153.822,153.922,246.0,20,0.0
2025-11-06 03:25:00,153.923,153.923,153.845,153.856,285.0,20,0.0
2025-11-06 03:30:00,153.857,153.904,153.842,153.888,223.0,20,0.0
2025-11-06 03:35:00,153.889,153.931,153.874,153.89,247.0,20,0.0
2025-11-06 03:40:00,153.891,153.922,153.891,153.921,200.0,20,0.0
2025-11-06 03:45:00,153.932,153.932,153.874,153.885,149.0,20,0.0
2025-11-06 03:50:00,153.887,153.914,153.875,153.876,212.0,20,0.0
2025-11-06 03:55:00,153.875,153.876,153.851,153.861,141.0,20,0.0
2025-11-06 04:00:00,153.861,153.861,153.793,153.81,250.0,20,0.0
2025-11-06 04:05:00,153.811,153.827,153.795,153.806,147.0,20,0.0
2025-11-06 04:10:00,153.806,153.827,153.783,153.826,179.0,20,0.0
2025-11-06 04:15:00,153.825,153.877,153.825,153.877,69.0,21,0.0
2025-11-06 04:20:00,153.878,153.889,153.876,153.88,78.0,20,0.0
2025-11-06 04:25:00,153.879,153.883,153.842,153.881,169.0,20,0.0
2025-11-06 04:30:00,153.882,153.926,153.877,153.888,241.0,20,0.0
2025-11-06 04:35:00,153.889,153.946,153.889,153.941,183.0,20,0.0
2025-11-06 04:40:00,153.942,153.991,153.942,153.978,207.0,20,0.0
2025-11-06 04:45:00,153.977,153.981,153.943,153.956,119.0,20,0.0
2025-11-06 04:50:00,153.956,153.98,153.956,153.958,124.0,21,0.0
2025-11-06 04:55:00,153.948,153.948,153.923,153.937,165.0,20,0.0
2025-11-06 05:00:00,153.937,153.966,153.934,153.958,160.0,20,0.0
2025-11-06 05:05:00,153.957,153.983,153.923,153.923,100.0,20,0.0
2025-11-06 05:10:00,153.924,153.932,153.882,153.885,113.0,20,0.0
2025-11-06 05:15:00,153.887,153.897,153.872,153.888,103.0,20,0.0
2025-11-06 05:20:00,153.888,153.901,153.882,153.892,141.0,21,0.0
2025-11-06 05:25:00,153.896,153.922,153.884,153.887,126.0,20,0.0
2025-11-06 05:30:00,153.885,153.897,153.823,153.833,194.0,20,0.0
2025-11-06 05:35:00,153.833,153.852,153.831,153.85,117.0,21,0.0
2025-11-06 05:40:00,153.851,153.875,153.85,153.869,100.0,21,0.0
2025-11-06 05:45:00,153.87,153.889,153.86,153.875,118.0,21,0.0
2025-11-06 05:50:00,153.876,153.88,153.866,153.875,95.0,21,0.0
2025-11-06 05:55:00,153.876,153.878,153.851,153.859,172.0,20,0.0
2025-11-06 06:00:00,153.858,153.872,153.85,153.867,209.0,20,0.0
2025-11-06 06:05:00,153.868,153.892,153.864,153.888,86.0,21,0.0
2025-11-06 06:10:00,153.887,153.889,153.861,153.874,82.0,20,0.0
2025-11-06 06:15:00,153.874,153.907,153.874,153.903,76.0,20,0.0
2025-11-06 06:20:00,153.904,153.941,153.898,153.937,105.0,21,0.0
2025-11-06 06:25:00,153.937,153.961,153.922,153.954,93.0,21,0.0
2025-11-06 06:30:00,153.954,153.964,153.946,153.961,80.0,20,0.0
2025-11-06 06:35:00,153.961,153.989,153.95,153.972,146.0,20,0.0
2025-11-06 06:40:00,153.971,153.993,153.96,153.992,128.0,20,0.0
2025-11-06 06:45:00,154.002,154.016,153.978,153.98,122.0,21,0.0
2025-11-06 06:50:00,153.981,153.981,153.94,153.955,189.0,20,0.0
2025-11-06 06:55:00,153.957,153.957,153.929,153.942,231.0,20,0.0
2025-11-06 07:00:00,153.945,153.996,153.944,153.961,212.0,20,0.0
2025-11-06 07:05:00,153.96,153.967,153.895,153.898,209.0,20,0.0
2025-11-06 07:10:00,153.899,153.917,153.883,153.883,169.0,21,0.0
2025-11-06 07:15:00,153.884,153.884,153.862,153.873,164.0,21,0.0
2025-11-06 07:20:00,153.874,153.883,153.83,153.838,190.0,21,0.0
2025-11-06 07:25:00,153.839,153.854,153.824,153.834,138.0,21,0.0
2025-11-06 07:30:00,153.834,153.865,153.834,153.863,90.0,20,0.0
2025-11-06 07:35:00,153.864,153.873,153.828,153.837,156.0,20,0.0
2025-11-06 07:40:00,153.84,153.87,153.839,153.851,121.0,22,0.0
2025-11-06 07:45:00,153.851,153.868,153.842,153.847,131.0,22,0.0
2025-11-06 07:50:00,153.847,153.855,153.825,153.835,197.0,20,0.0
2025-11-06 07:55:00,153.835,153.874,153.82,153.874,333.0,20,0.0
2025-11-06 08:00:00,153.875,153.893,153.802,153.825,379.0,20,0.0
2025-11-06 08:05:00,153.826,153.846,153.798,153.8,261.0,20,0.0
2025-11-06 08:10:00,153.801,153.86,153.801,153.844,176.0,22,0.0
2025-11-06 08:15:00,153.845,153.877,153.845,153.863,130.0,20,0.0
2025-11-06 08:20:00,153.864,153.907,153.863,153.89,172.0,20,0.0
2025-11-06 08:25:00,153.889,153.893,153.862,153.862,121.0,20,0.0
2025-11-06 08:30:00,153.862,153.876,153.844,153.867,146.0,21,0.0
2025-11-06 08:35:00,153.868,153.949,153.867,153.933,203.0,20,0.0
2025-11-06 08:40:00,153.932,153.951,153.925,153.941,92.0,20,0.0
2025-11-06 08:45:00,153.942,153.984,153.929,153.981,176.0,20,0.0
2025-11-06 08:50:00,153.981,153.996,153.964,153.969,162.0,20,0.0
2025-11-06 08:55:00,153.971,153.987,153.969,153.972,141.0,21,0.0
2025-11-06 09:00:00,153.972,153.983,153.92,153.949,234.0,20,0.0
2025-11-06 09:05:00,153.949,153.954,153.918,153.946,193.0,21,0.0
2025-11-06 09:10:00,153.947,153.964,153.93,153.932,166.0,20,0.0
2025-11-06 09:15:00,153.933,153.947,153.912,153.923,173.0,20,0.0
2025-11-06 09:20:00,153.923,153.923,153.898,153.909,171.0,21,0.0
2025-11-06 09:25:00,153.908,153.932,153.861,153.872,260.0,20,0.0
2025-11-06 09:30:00,153.872,153.885,153.841,153.862,183.0,20,0.0
2025-11-06 09:35:00,153.861,153.866,153.802,153.805,210.0,20,0.0
2025-11-06 09:40:00,153.804,153.831,153.764,153.801,314.0,20,0.0
2025-11-06 09:45:00,153.802,153.87,153.792,153.803,502.0,20,0.0
2025-11-06 09:50:00,153.805,153.827,153.784,153.813,246.0,20,0.0
2025-11-06 09:55:00,153.813,153.863,153.813,153.856,250.0,20,0.0
2025-11-06 10:00:00,153.857,153.86,153.691,153.711,660.0,20,0.0
2025-11-06 10:05:00,153.711,153.751,153.693,153.749,294.0,20,0.0
2025-11-06 10:10:00,153.746,153.784,153.73,153.751,378.0,20,0.0
2025-11-06 10:15:00,153.75,153.761,153.706,153.724,550.0,20,0.0
2025-11-06 10:20:00,153.724,153.731,153.685,153.695,282.0,20,0.0
2025-11-06 10:25:00,153.694,153.697,153.655,153.675,342.0,20,0.0
2025-11-06 10:30:00,153.675,153.713,153.675,153.702,290.0,20,0.0
2025-11-06 10:35:00,153.701,153.73,153.698,153.727,216.0,20,0.0
2025-11-06 10:40:00,153.726,153.747,153.707,153.747,217.0,20,0.0
2025-11-06 10:45:00,153.746,153.752,153.683,153.685,180.0,21,0.0
2025-11-06 10:50:00,153.686,153.687,153.619,153.629,254.0,20,0.0
2025-11-06 10:55:00,153.627,153.629,153.521,153.55,659.0,20,0.0
2025-11-06 11:00:00,153.552,153.623,153.547,153.58,446.0,20,0.0
2025-11-06 11:05:00,153.581,153.632,153.567,153.629,293.0,20,0.0
2025-11-06 11:10:00,153.631,153.689,153.621,153.661,345.0,20,0.0
2025-11-06 11:15:00,153.674,153.725,153.666,153.72,307.0,20,0.0
2025-11-06 11:20:00,153.719,153.733,153.704,153.72,186.0,20,0.0
2025-11-06 11:25:00,153.72,153.741,153.696,153.702,135.0,20,0.0
2025-11-06 11:30:00,153.704,153.704,153.671,153.682,187.0,20,0.0
2025-11-06 11:35:00,153.681,153.709,153.659,153.706,159.0,21,0.0
2025-11-06 11:40:00,153.706,153.706,153.67,153.671,112.0,20,0.0
2025-11-06 11:45:00,153.671,153.709,153.66,153.676,254.0,20,0.0
2025-11-06 11:50:00,153.675,153.762,153.67,153.744,186.0,20,0.0
2025-11-06 11:55:00,153.744,153.749,153.707,153.709,113.0,20,0.0
2025-11-06 12:00:00,153.709,153.759,153.709,153.736,185.0,21,0.0
2025-11-06 12:05:00,153.737,153.761,153.725,153.74,162.0,20,0.0
2025-11-06 12:10:00,153.739,153.752,153.716,153.719,223.0,20,0.0
2025-11-06 12:15:00,153.72,153.742,153.706,153.723,126.0,20,0.0
2025-11-06 12:20:00,153.721,153.736,153.705,153.709,172.0,22,0.0
2025-11-06 12:25:00,153.71,153.71,153.691,153.705,254.0,20,0.0
2025-11-06 12:30:00,153.705,153.733,153.699,153.729,259.0,21,0.0
2025-11-06 12:35:00,153.728,153.752,153.722,153.74,259.0,20,0.0
2025-11-06 12:40:00,153.74,153.763,153.732,153.738,143.0,20,0.0
2025-11-06 12:45:00,153.739,153.757,153.739,153.746,134.0,22,0.0
2025-11-06 12:50:00,153.748,153.757,153.729,153.735,125.0,20,0.0
2025-11-06 12:55:00,153.735,153.753,153.732,153.736,141.0,20,0.0
2025-11-06 13:00:00,153.734,153.754,153.724,153.73,268.0,20,0.0
2025-11-06 13:05:00,153.729,153.73,153.712,153.721,130.0,21,0.0
2025-11-06 13:10:00,153.716,153.722,153.709,153.713,111.0,22,0.0
2025-11-06 13:15:00,153.714,153.717,153.7,153.709,149.0,20,0.0
2025-11-06 13:20:00,153.709,153.716,153.704,153.708,175.0,20,0.0
2025-11-06 13:25:00,153.709,153.71,153.685,153.696,127.0,20,0.0
2025-11-06 13:30:00,153.697,153.701,153.634,153.639,245.0,20,0.0
2025-11-06 13:35:00,153.641,153.658,153.6,153.607,157.0,20,0.0
2025-11-06 13:40:00,153.609,153.624,153.579,153.591,102.0,20,0.0
2025-11-06 13:45:00,153.592,153.656,153.59,153.656,110.0,20,0.0
2025-11-06 13:50:00,153.654,153.671,153.652,153.662,135.0,20,0.0
2025-11-06 13:55:00,153.663,153.666,153.608,153.636,169.0,20,0.0
2025-11-06 14:00:00,153.637,153.676,153.579,153.657,638.0,20,0.0
2025-11-06 14:05:00,153.658,153.658,153.61,153.619,290.0,20,0.0
2025-11-06 14:10:00,153.622,153.658,153.603,153.616,249.0,20,0.0
2025-11-06 14:15:00,153.617,153.646,153.603,153.644,191.0,21,0.0
2025-11-06 14:20:00,153.645,153.672,153.636,153.664,213.0,20,0.0
2025-11-06 14:25:00,153.665,153.711,153.639,153.711,316.0,21,0.0
2025-11-06 14:30:00,153.712,153.731,153.681,153.699,280.0,20,0.0
2025-11-06 14:35:00,153.701,153.701,153.646,153.653,518.0,20,0.0
2025-11-06 14:40:00,153.652,153.661,153.638,153.64,225.0,20,0.0
2025-11-06 14:45:00,153.643,153.643,153.601,153.612,158.0,20,0.0
2025-11-06 14:50:00,153.609,153.637,153.594,153.595,268.0,20,0.0
2025-11-06 14:55:00,153.594,153.613,153.591,153.597,277.0,21,0.0
2025-11-06 15:00:00,153.597,153.626,153.564,153.579,350.0,20,0.0
2025-11-06 15:05:00,153.58,153.594,153.547,153.585,252.0,20,0.0
2025-11-06 15:10:00,153.584,153.625,153.58,153.6,187.0,21,0.0
2025-11-06 15:15:00,153.598,153.598,153.55,153.58,284.0,20,0.0
2025-11-06 15:20:00,153.582,153.594,153.542,153.555,264.0,21,0.0
2025-11-06 15:25:00,153.555,153.607,153.551,153.562,155.0,20,0.0
2025-11-06 15:30:00,153.562,153.563,153.483,153.491,338.0,20,0.0
2025-11-06 15:35:00,153.49,153.49,153.395,153.452,496.0,20,0.0
2025-11-06 15:40:00,153.452,153.522,153.452,153.503,409.0,20,0.0
2025-11-06 15:45:00,153.5,153.504,153.403,153.429,311.0,20,0.0
2025-11-06 15:50:00,153.428,153.487,153.423,153.438,379.0,20,0.0
2025-11-06 15:55:00,153.437,153.5,153.426,153.492,307.0,20,0.0
2025-11-06 16:00:00,153.493,153.516,153.468,153.496,315.0,20,0.0
2025-11-06 16:05:00,153.496,153.506,153.444,153.455,373.0,20,0.0
2025-11-06 16:10:00,153.455,153.55,153.447,153.541,408.0,20,0.0
2025-11-06 16:15:00,153.542,153.546,153.491,153.51,416.0,20,0.0
2025-11-06 16:20:00,153.51,153.533,153.485,153.505,440.0,20,0.0
2025-11-06 16:25:00,153.505,153.532,153.505,153.52,382.0,20,0.0
2025-11-06 16:30:00,153.521,153.559,153.508,153.508,448.0,20,0.0
2025-11-06 16:35:00,153.507,153.557,153.493,153.554,374.0,20,0.0
2025-11-06 16:40:00,153.553,153.577,153.472,153.481,543.0,20,0.0
2025-11-06 16:45:00,153.481,153.531,153.474,153.481,449.0,20,0.0
2025-11-06 16:50:00,153.481,153.499,153.434,153.434,485.0,20,0.0
2025-11-06 16:55:00,153.435,153.451,153.375,153.4,449.0,20,0.0
2025-11-06 17:00:00,153.4,153.4,153.261,153.263,605.0,20,0.0
2025-11-06 17:05:00,153.262,153.351,153.261,153.302,439.0,20,0.0
2025-11-06 17:10:00,153.302,153.356,153.278,153.279,416.0,20,0.0
2025-11-06 17:15:00,153.277,153.311,153.264,153.28,443.0,20,0.0
2025-11-06 17:20:00,153.284,153.367,153.271,153.365,536.0,20,0.0
2025-11-06 17:25:00,153.364,153.379,153.331,153.341,448.0,20,0.0
2025-11-06 17:30:00,153.342,153.357,153.297,153.324,431.0,20,0.0
2025-11-06 17:35:00,153.323,153.324,153.218,153.247,496.0,20,0.0
2025-11-06 17:40:00,153.248,153.273,153.186,153.195,540.0,20,0.0
2025-11-06 17:45:00,153.195,153.228,153.091,153.098,648.0,20,0.0
2025-11-06 17:50:00,153.095,153.124,153.073,153.11,530.0,20,0.0
2025-11-06 17:55:00,153.11,153.141,153.032,153.034,637.0,20,0.0
2025-11-06 18:00:00,153.033,153.127,153.025,153.095,592.0,20,0.0
2025-11-06 18:05:00,153.097,153.158,153.087,153.133,431.0,20,0.0
2025-11-06 18:10:00,153.132,153.149,153.089,153.122,457.0,20,0.0
2025-11-06 18:15:00,153.123,153.135,153.054,153.075,625.0,20,0.0
2025-11-06 18:20:00,153.076,153.124,153.071,153.087,484.0,20,0.0
2025-11-06 18:25:00,153.087,153.108,153.052,153.106,417.0,20,0.0
2025-11-06 18:30:00,153.107,153.118,153.08,153.096,457.0,20,0.0
2025-11-06 18:35:00,153.087,153.097,153.006,153.017,592.0,20,0.0
2025-11-06 18:40:00,153.018,153.058,153.001,153.051,492.0,20,0.0
2025-11-06 18:45:00,153.05,153.051,153.003,153.025,334.0,20,0.0
2025-11-06 18:50:00,153.026,153.073,153.017,153.071,309.0,20,0.0
2025-11-06 18:55:00,153.07,153.076,152.965,152.971,419.0,20,0.0
2025-11-06 19:00:00,152.971,153.05,152.957,153.012,610.0,20,0.0
2025-11-06 19:05:00,153.016,153.025,152.924,152.97,518.0,20,0.0
2025-11-06 19:10:00,152.97,152.983,152.91,152.911,458.0,20,0.0
2025-11-06 19:15:00,152.909,152.914,152.84,152.842,477.0,20,0.0
2025-11-06 19:20:00,152.842,152.854,152.82,152.835,298.0,20,0.0
2025-11-06 19:25:00,152.834,152.892,152.827,152.887,290.0,20,0.0
2025-11-06 19:30:00,152.885,152.936,152.853,152.881,366.0,20,0.0
2025-11-06 19:35:00,152.879,152.902,152.841,152.843,254.0,20,0.0
2025-11-06 19:40:00,152.842,152.887,152.834,152.883,185.0,20,0.0
2025-11-06 19:45:00,152.882,153.017,152.881,152.991,267.0,20,0.0
2025-11-06 19:50:00,152.992,153.025,152.992,153.019,165.0,21,0.0
2025-11-06 19:55:00,153.02,153.053,153.0,153.003,217.0,21,0.0
2025-11-06 20:00:00,153.003,153.078,153.0,153.009,268.0,20,0.0
2025-11-06 20:05:00,153.008,153.03,152.912,152.912,308.0,20,0.0
2025-11-06 20:10:00,152.913,152.946,152.908,152.934,362.0,20,0.0
2025-11-06 20:15:00,152.932,152.975,152.925,152.972,183.0,20,0.0
2025-11-06 20:20:00,152.974,152.982,152.944,152.972,252.0,20,0.0
2025-11-06 20:25:00,152.97,153.045,152.97,153.019,225.0,20,0.0
2025-11-06 20:30:00,153.019,153.04,152.994,152.998,190.0,21,0.0
2025-11-06 20:35:00,153.002,153.052,152.993,153.037,358.0,20,0.0
2025-11-06 20:40:00,153.035,153.065,153.03,153.043,368.0,20,0.0
2025-11-06 20:45:00,153.044,153.076,153.01,153.064,478.0,20,0.0
2025-11-06 20:50:00,153.062,153.064,153.037,153.04,291.0,21,0.0
2025-11-06 20:55:00,153.037,153.046,153.004,153.041,392.0,20,0.0
2025-11-06 21:00:00,153.04,153.051,153.018,153.049,347.0,20,0.0
2025-11-06 21:05:00,153.049,153.077,153.038,153.048,282.0,20,0.0
2025-11-06 21:10:00,153.049,153.075,153.049,153.067,266.0,20,0.0
2025-11-06 21:15:00,153.067,153.085,153.065,153.082,317.0,20,0.0
2025-11-06 21:20:00,153.082,153.096,153.063,153.063,270.0,20,0.0
2025-11-06 21:25:00,153.061,153.102,153.055,153.089,201.0,21,0.0
2025-11-06 21:30:00,153.087,153.101,153.086,153.088,204.0,22,0.0
2025-11-06 21:35:00,153.09,153.137,153.088,153.136,215.0,21,0.0
2025-11-06 21:40:00,153.134,153.136,153.065,153.09,217.0,20,0.0
2025-11-06 21:45:00,153.089,153.123,153.089,153.108,231.0,20,0.0
2025-11-06 21:50:00,153.107,153.112,153.078,153.104,209.0,20,0.0
2025-11-06 21:55:00,153.103,153.148,153.101,153.134,355.0,21,0.0
2025-11-06 22:00:00,153.132,153.132,153.105,153.122,280.0,20,0.0
2025-11-06 22:05:00,153.122,153.133,153.109,153.118,236.0,20,0.0
2025-11-06 22:10:00,153.117,153.121,153.093,153.105,324.0,20,0.0
2025-11-06 22:15:00,153.104,153.107,153.082,153.083,225.0,22,0.0
2025-11-06 22:20:00,153.085,153.12,153.082,153.117,153.0,23,0.0
2025-11-06 22:25:00,153.117,153.124,153.106,153.112,114.0,20,0.0
2025-11-06 22:30:00,153.112,153.119,153.092,153.108,198.0,22,0.0
2025-11-06 22:35:00,153.112,153.134,153.108,153.13,141.0,21,0.0
2025-11-06 22:40:00,153.13,153.132,153.103,153.105,116.0,21,0.0
2025-11-06 22:45:00,153.104,153.108,153.045,153.073,289.0,20,0.0
2025-11-06 22:50:00,153.08,153.085,153.039,153.039,319.0,20,0.0
2025-11-06 22:55:00,153.038,153.05,152.989,153.021,322.0,20,0.0
2025-11-06 23:00:00,153.021,153.048,153.002,153.048,139.0,20,0.0
2025-11-06 23:05:00,153.049,153.068,153.047,153.053,69.0,21,0.0
2025-11-06 23:10:00,153.054,153.057,153.001,153.013,78.0,23,0.0
2025-11-06 23:15:00,153.013,153.015,152.999,153.013,113.0,23,0.0
2025-11-06 23:20:00,153.013,153.013,152.989,153.004,85.0,20,0.0
2025-11-06 23:25:00,153.004,153.007,152.999,153.007,39.0,23,0.0
2025-11-06 23:30:00,153.006,153.053,153.006,153.042,56.0,21,0.0
2025-11-06 23:35:00,153.043,153.062,153.034,153.051,69.0,24,0.0
2025-11-06 23:40:00,153.052,153.091,153.052,153.071,51.0,21,0.0
2025-11-06 23:45:00,153.077,153.078,153.05,153.062,134.0,22,0.0
2025-11-06 23:50:00,153.062,153.075,153.043,153.064,210.0,23,0.0
2025-11-06 23:55:00,153.064,153.067,153.034,153.052,170.0,22,0.0
2025-11-07 00:00:00,153.049,153.049,152.936,152.95,17.0,38,0.0
2025-11-07 00:05:00,152.95,152.989,152.95,152.989,7.0,115,0.0
2025-11-07 00:10:00,152.989,153.035,152.989,153.013,1299.0,68,0.0
2025-11-07 00:15:00,153.015,153.031,153.012,153.03,320.0,62,0.0
2025-11-07 00:20:00,153.032,153.035,153.024,153.029,72.0,60,0.0
2025-11-07 00:25:00,153.025,153.029,153.017,153.029,27.0,53,0.0
2025-11-07 00:30:00,153.026,153.053,153.02,153.051,58.0,57,0.0
2025-11-07 00:35:00,153.052,153.062,153.051,153.06,46.0,56,0.0
2025-11-07 00:40:00,153.06,153.062,153.047,153.053,147.0,57,0.0
2025-11-07 00:45:00,153.052,153.075,153.044,153.045,146.0,44,0.0
2025-11-07 00:50:00,153.045,153.047,153.033,153.034,52.0,53,0.0
2025-11-07 00:55:00,153.035,153.045,153.017,153.045,278.0,52,0.0
2025-11-07 01:00:00,153.045,153.053,152.976,152.986,133.0,23,0.0
2025-11-07 01:05:00,152.986,153.003,152.981,152.992,55.0,21,0.0
2025-11-07 01:10:00,152.988,152.999,152.971,152.975,171.0,23,0.0
2025-11-07 01:15:00,152.974,152.975,152.911,152.914,129.0,23,0.0
2025-11-07 01:20:00,152.915,152.917,152.886,152.889,160.0,20,0.0
2025-11-07 01:25:00,152.89,152.893,152.853,152.854,203.0,21,0.0
2025-11-07 01:30:00,152.855,152.941,152.854,152.941,105.0,21,0.0
2025-11-07 01:35:00,152.94,152.963,152.893,152.894,169.0,21,0.0
2025-11-07 01:40:00,152.891,152.896,152.809,152.869,312.0,20,0.0
2025-11-07 01:45:00,152.869,152.884,152.857,152.873,199.0,23,0.0
2025-11-07 01:50:00,152.872,152.93,152.871,152.928,96.0,22,0.0
2025-11-07 01:55:00,152.928,152.98,152.913,152.943,280.0,22,0.0
2025-11-07 02:00:00,152.942,152.998,152.847,152.96,850.0,20,0.0
2025-11-07 02:05:00,152.958,153.07,152.938,153.007,741.0,20,0.0
2025-11-07 02:10:00,153.01,153.034,152.868,152.91,708.0,20,0.0
2025-11-07 02:15:00,152.909,152.973,152.908,152.97,323.0,20,0.0
2025-11-07 02:20:00,152.972,152.989,152.942,152.973,449.0,20,0.0
2025-11-07 02:25:00,152.972,153.051,152.97,153.02,281.0,20,0.0
2025-11-07 02:30:00,153.032,153.096,153.018,153.091,421.0,20,0.0
2025-11-07 02:35:00,153.091,153.184,153.091,153.176,453.0,20,0.0
2025-11-07 02:40:00,153.175,153.195,153.145,153.187,412.0,20,0.0
2025-11-07 02:45:00,153.187,153.211,153.155,153.179,514.0,20,0.0
2025-11-07 02:50:00,153.18,153.24,153.145,153.147,650.0,20,0.0
2025-11-07 02:55:00,153.147,153.214,153.147,153.175,559.0,20,0.0
2025-11-07 03:00:00,153.174,153.229,153.158,153.185,494.0,20,0.0
2025-11-07 03:05:00,153.185,153.188,153.134,153.163,428.0,20,0.0
2025-11-07 03:10:00,153.164,153.297,153.149,153.275,685.0,20,0.0
2025-11-07 03:15:00,153.275,153.278,153.204,153.212,493.0,20,0.0
2025-11-07 03:20:00,153.209,153.276,153.179,153.275,349.0,20,0.0
2025-11-07 03:25:00,153.276,153.28,153.177,153.18,416.0,20,0.0
2025-11-07 03:30:00,153.167,153.2,153.041,153.06,516.0,20,0.0
2025-11-07 03:35:00,153.059,153.157,153.052,153.156,518.0,20,0.0
2025-11-07 03:40:00,153.157,153.158,153.108,153.128,392.0,21,0.0
2025-11-07 03:45:00,153.129,153.191,153.128,153.164,398.0,20,0.0
2025-11-07 03:50:00,153.164,153.177,153.135,153.14,239.0,20,0.0
2025-11-07 03:55:00,153.144,153.155,153.097,153.119,320.0,20,0.0
2025-11-07 04:00:00,153.118,153.126,153.057,153.077,254.0,20,0.0
2025-11-07 04:05:00,153.077,153.077,153.032,153.035,195.0,20,0.0
2025-11-07 04:10:00,153.038,153.064,153.012,153.041,192.0,20,0.0
2025-11-07 04:15:00,153.039,153.047,153.022,153.024,181.0,22,0.0
2025-11-07 04:20:00,153.024,153.026,152.953,152.987,214.0,20,0.0
2025-11-07 04:25:00,152.987,153.014,152.961,152.986,304.0,20,0.0
2025-11-07 04:30:00,152.987,153.035,152.974,153.035,276.0,20,0.0
2025-11-07 04:35:00,153.036,153.083,153.022,153.06,217.0,20,0.0
2025-11-07 04:40:00,153.06,153.091,153.047,153.091,165.0,20,0.0
2025-11-07 04:45:00,153.091,153.165,153.089,153.145,249.0,20,0.0
2025-11-07 04:50:00,153.145,153.155,153.12,153.128,117.0,20,0.0
2025-11-07 04:55:00,153.128,153.145,153.125,153.137,147.0,21,0.0
2025-11-07 05:00:00,153.136,153.157,153.112,153.156,175.0,20,0.0
2025-11-07 05:05:00,153.159,153.179,153.142,153.146,214.0,20,0.0
2025-11-07 05:10:00,153.146,153.147,153.105,153.119,219.0,20,0.0
2025-11-07 05:15:00,153.119,153.134,153.09,153.095,259.0,20,0.0
2025-11-07 05:20:00,153.094,153.116,153.078,153.097,199.0,20,0.0
2025-11-07 05:25:00,153.096,153.106,153.075,153.096,250.0,20,0.0
2025-11-07 05:30:00,153.097,153.107,153.092,153.095,192.0,21,0.0
2025-11-07 05:35:00,153.095,153.096,153.051,153.054,213.0,21,0.0
2025-11-07 05:40:00,153.055,153.062,153.023,153.033,190.0,20,0.0
2025-11-07 05:45:00,153.033,153.037,153.008,153.032,220.0,20,0.0
2025-11-07 05:50:00,153.033,153.047,153.012,153.043,246.0,21,0.0
2025-11-07 05:55:00,153.043,153.072,153.03,153.05,240.0,21,0.0
2025-11-07 06:00:00,153.052,153.064,153.005,153.027,469.0,20,0.0
2025-11-07 06:05:00,153.026,153.067,153.01,153.062,301.0,20,0.0
2025-11-07 06:10:00,153.062,153.062,153.046,153.059,206.0,20,0.0
2025-11-07 06:15:00,153.06,153.139,153.06,153.132,229.0,20,0.0
2025-11-07 06:20:00,153.131,153.162,153.126,153.142,302.0,20,0.0
2025-11-07 06:25:00,153.141,153.17,153.115,153.118,175.0,20,0.0
2025-11-07 06:30:00,153.118,153.131,153.102,153.115,266.0,20,0.0
2025-11-07 06:35:00,153.111,153.112,153.043,153.059,145.0,20,0.0
2025-11-07 06:40:00,153.059,153.125,153.055,153.124,187.0,20,0.0
2025-11-07 06:45:00,153.123,153.124,153.092,153.106,158.0,20,0.0
2025-11-07 06:50:00,153.105,153.121,153.088,153.092,192.0,21,0.0
2025-11-07 06:55:00,153.091,153.106,153.088,153.104,185.0,21,0.0
2025-11-07 07:00:00,153.105,153.155,153.102,153.152,293.0,21,0.0
2025-11-07 07:05:00,153.152,153.231,153.139,153.223,302.0,20,0.0
2025-11-07 07:10:00,153.223,153.223,153.172,153.175,200.0,20,0.0
2025-11-07 07:15:00,153.177,153.214,153.169,153.208,287.0,20,0.0
2025-11-07 07:20:00,153.207,153.212,153.17,153.183,234.0,20,0.0
2025-11-07 07:25:00,153.184,153.184,153.165,153.171,162.0,20,0.0
2025-11-07 07:30:00,153.169,153.222,153.162,153.222,279.0,20,0.0
2025-11-07 07:35:00,153.222,153.253,153.22,153.253,148.0,20,0.0
2025-11-07 07:40:00,153.252,153.266,153.241,153.242,138.0,21,0.0
2025-11-07 07:45:00,153.243,153.265,153.243,153.253,119.0,20,0.0
2025-11-07 07:50:00,153.254,153.288,153.231,153.288,207.0,20,0.0
2025-11-07 07:55:00,153.287,153.357,153.268,153.341,368.0,20,0.0
2025-11-07 08:00:00,153.341,153.437,153.341,153.422,445.0,20,0.0
2025-11-07 08:05:00,153.421,153.422,153.391,153.396,289.0,20,0.0
2025-11-07 08:10:00,153.393,153.395,153.348,153.384,235.0,20,0.0
2025-11-07 08:15:00,153.383,153.41,153.365,153.408,158.0,20,0.0
2025-11-07 08:20:00,153.408,153.459,153.406,153.451,227.0,20,0.0
2025-11-07 08:25:00,153.452,153.483,153.445,153.464,296.0,20,0.0
2025-11-07 08:30:00,153.463,153.471,153.428,153.457,223.0,20,0.0
2025-11-07 08:35:00,153.456,153.5,153.453,153.48,262.0,20,0.0
2025-11-07 08:40:00,153.48,153.497,153.445,153.482,201.0,20,0.0
2025-11-07 08:45:00,153.483,153.504,153.448,153.501,201.0,20,0.0
2025-11-07 08:50:00,153.511,153.514,153.473,153.481,191.0,20,0.0
2025-11-07 08:55:00,153.482,153.515,153.467,153.499,256.0,20,0.0
2025-11-07 09:00:00,153.498,153.53,153.438,153.466,294.0,20,0.0
2025-11-07 09:05:00,153.467,153.491,153.451,153.451,229.0,20,0.0
2025-11-07 09:10:00,153.452,153.477,153.424,153.424,239.0,20,0.0
2025-11-07 09:15:00,153.425,153.441,153.394,153.411,290.0,20,0.0
2025-11-07 09:20:00,153.412,153.426,153.371,153.383,223.0,20,0.0
2025-11-07 09:25:00,153.382,153.428,153.382,153.423,227.0,20,0.0
2025-11-07 09:30:00,153.422,153.426,153.404,153.405,173.0,20,0.0
2025-11-07 09:35:00,153.41,153.471,153.41,153.464,213.0,20,0.0
2025-11-07 09:40:00,153.465,153.495,153.441,153.478,330.0,20,0.0
2025-11-07 09:45:00,153.477,153.482,153.426,153.45,310.0,20,0.0
2025-11-07 09:50:00,153.452,153.456,153.41,153.444,302.0,20,0.0
2025-11-07 09:55:00,153.446,153.45,153.378,153.378,198.0,20,0.0
2025-11-07 10:00:00,153.378,153.474,153.352,153.465,551.0,20,0.0
2025-11-07 10:05:00,153.468,153.479,153.378,153.402,406.0,20,0.0
2025-11-07 10:10:00,153.402,153.432,153.38,153.396,363.0,20,0.0
2025-11-07 10:15:00,153.396,153.434,153.388,153.395,378.0,20,0.0
2025-11-07 10:20:00,153.394,153.409,153.353,153.374,219.0,20,0.0
2025-11-07 10:25:00,153.373,153.431,153.372,153.422,239.0,20,0.0
2025-11-07 10:30:00,153.425,153.459,153.382,153.384,298.0,20,0.0
2025-11-07 10:35:00,153.385,153.396,153.338,153.362,398.0,20,0.0
2025-11-07 10:40:00,153.362,153.39,153.354,153.37,222.0,20,0.0
2025-11-07 10:45:00,153.37,153.451,153.37,153.442,513.0,20,0.0
2025-11-07 10:50:00,153.443,153.489,153.442,153.475,375.0,20,0.0
2025-11-07 10:55:00,153.474,153.503,153.452,153.498,409.0,20,0.0
2025-11-07 11:00:00,153.5,153.51,153.431,153.477,359.0,20,0.0
2025-11-07 11:05:00,153.479,153.479,153.435,153.456,254.0,21,0.0
2025-11-07 11:10:00,153.455,153.509,153.452,153.508,272.0,20,0.0
2025-11-07 11:15:00,153.509,153.511,153.468,153.473,429.0,20,0.0
2025-11-07 11:20:00,153.472,153.488,153.46,153.477,184.0,21,0.0
2025-11-07 11:25:00,153.478,153.494,153.432,153.453,239.0,20,0.0
2025-11-07 11:30:00,153.452,153.488,153.442,153.466,174.0,21,0.0
2025-11-07 11:35:00,153.465,153.478,153.443,153.454,252.0,20,0.0
2025-11-07 11:40:00,153.452,153.475,153.447,153.475,137.0,20,0.0
2025-11-07 11:45:00,153.475,153.484,153.453,153.455,278.0,20,0.0
2025-11-07 11:50:00,153.456,153.481,153.435,153.479,399.0,20,0.0
2025-11-07 11:55:00,153.48,153.487,153.444,153.482,362.0,21,0.0
2025-11-07 12:00:00,153.482,153.486,153.449,153.464,276.0,20,0.0
2025-11-07 12:05:00,153.459,153.48,153.449,153.453,159.0,20,0.0
2025-11-07 12:10:00,153.453,153.455,153.435,153.442,212.0,21,0.0
2025-11-07 12:15:00,153.441,153.449,153.425,153.434,158.0,20,0.0
2025-11-07 12:20:00,153.434,153.438,153.335,153.359,293.0,20,0.0
2025-11-07 12:25:00,153.359,153.36,153.331,153.341,153.0,21,0.0
2025-11-07 12:30:00,153.339,153.35,153.312,153.349,154.0,20,0.0
2025-11-07 12:35:00,153.349,153.384,153.347,153.36,173.0,21,0.0
2025-11-07 12:40:00,153.361,153.362,153.319,153.347,207.0,21,0.0
2025-11-07 12:45:00,153.347,153.35,153.316,153.334,187.0,20,0.0
2025-11-07 12:50:00,153.329,153.338,153.314,153.316,190.0,20,0.0
2025-11-07 12:55:00,153.316,153.345,153.314,153.341,207.0,20,0.0
2025-11-07 13:00:00,153.342,153.351,153.273,153.274,245.0,20,0.0
2025-11-07 13:05:00,153.271,153.287,153.255,153.273,238.0,20,0.0
2025-11-07 13:10:00,153.265,153.282,153.175,153.179,303.0,20,0.0
2025-11-07 13:15:00,153.178,153.191,153.121,153.167,513.0,20,0.0
2025-11-07 13:20:00,153.167,153.172,153.106,153.111,282.0,20,0.0
2025-11-07 13:25:00,153.111,153.128,153.085,153.091,287.0,20,0.0
2025-11-07 13:30:00,153.09,153.091,153.004,153.005,349.0,20,0.0
2025-11-07 13:35:00,153.002,153.048,153.0,153.027,324.0,20,0.0
2025-11-07 13:40:00,153.026,153.078,153.023,153.061,229.0,20,0.0
2025-11-07 13:45:00,153.061,153.119,153.052,153.096,213.0,20,0.0
2025-11-07 13:50:00,153.096,153.131,153.086,153.115,308.0,20,0.0
2025-11-07 13:55:00,153.116,153.148,153.107,153.12,285.0,20,0.0
2025-11-07 14:00:00,153.119,153.165,153.091,153.13,446.0,20,0.0
2025-11-07 14:05:00,153.129,153.144,153.1,153.119,197.0,20,0.0
2025-11-07 14:10:00,153.119,153.137,153.071,153.073,236.0,20,0.0
2025-11-07 14:15:00,153.073,153.108,153.061,153.061,311.0,20,0.0
2025-11-07 14:20:00,153.061,153.085,153.04,153.076,301.0,20,0.0
2025-11-07 14:25:00,153.076,153.118,153.071,153.109,240.0,20,0.0
2025-11-07 14:30:00,153.111,153.15,153.109,153.14,290.0,20,0.0
2025-11-07 14:35:00,153.14,153.157,153.131,153.143,295.0,20,0.0
2025-11-07 14:40:00,153.143,153.145,153.084,153.087,208.0,20,0.0
2025-11-07 14:45:00,153.094,153.1,153.042,153.048,260.0,20,0.0
2025-11-07 14:50:00,153.048,153.076,153.029,153.053,265.0,20,0.0
2025-11-07 14:55:00,153.052,153.095,153.051,153.087,362.0,20,0.0
2025-11-07 15:00:00,153.086,153.086,152.998,153.013,625.0,20,0.0
2025-11-07 15:05:00,153.013,153.11,153.007,153.085,602.0,20,0.0
2025-11-07 15:10:00,153.084,153.115,153.08,153.107,410.0,20,0.0
2025-11-07 15:15:00,153.106,153.111,153.045,153.046,409.0,20,0.0
2025-11-07 15:20:00,153.046,153.116,153.041,153.097,499.0,20,0.0
2025-11-07 15:25:00,153.085,153.122,153.071,153.119,332.0,21,0.0
2025-11-07 15:30:00,153.119,153.231,153.119,153.209,570.0,20,0.0
2025-11-07 15:35:00,153.21,153.235,153.199,153.221,641.0,20,0.0
2025-11-07 15:40:00,153.222,153.229,153.165,153.225,645.0,20,0.0
2025-11-07 15:45:00,153.224,153.324,153.221,153.316,484.0,20,0.0
2025-11-07 15:50:00,153.316,153.366,153.313,153.36,421.0,20,0.0
2025-11-07 15:55:00,153.361,153.364,153.304,153.348,472.0,20,0.0
2025-11-07 16:00:00,153.348,153.421,153.348,153.359,512.0,20,0.0
2025-11-07 16:05:00,153.359,153.361,153.302,153.319,571.0,20,0.0
2025-11-07 16:10:00,153.317,153.367,153.315,153.345,427.0,20,0.0
2025-11-07 16:15:00,153.346,153.396,153.339,153.363,417.0,20,0.0
2025-11-07 16:20:00,153.362,153.467,153.349,153.459,609.0,20,0.0
2025-11-07 16:25:00,153.457,153.465,153.391,153.415,448.0,20,0.0
2025-11-07 16:30:00,153.412,153.421,153.269,153.275,792.0,20,0.0
2025-11-07 16:35:00,153.274,153.294,153.13,153.144,1152.0,20,0.0
2025-11-07 16:40:00,153.144,153.307,153.127,153.245,1082.0,20,0.0
2025-11-07 16:45:00,153.245,153.294,153.21,153.222,975.0,20,0.0
2025-11-07 16:50:00,153.22,153.319,153.2,153.266,1024.0,20,0.0
2025-11-07 16:55:00,153.262,153.322,153.248,153.322,666.0,20,0.0
2025-11-07 17:00:00,153.321,153.321,153.121,153.129,1004.0,20,0.0
2025-11-07 17:05:00,153.13,153.17,153.013,153.132,1182.0,20,0.0
2025-11-07 17:10:00,153.131,153.214,153.119,153.198,940.0,20,0.0
2025-11-07 17:15:00,153.196,153.234,153.167,153.176,736.0,20,0.0
2025-11-07 17:20:00,153.176,153.179,153.056,153.061,743.0,20,0.0
2025-11-07 17:25:00,153.063,153.142,153.063,153.107,836.0,20,0.0
2025-11-07 17:30:00,153.104,153.142,153.056,153.06,800.0,20,0.0
2025-11-07 17:35:00,153.059,153.104,153.02,153.035,735.0,20,0.0
2025-11-07 17:40:00,153.034,153.107,153.034,153.104,383.0,20,0.0
2025-11-07 17:45:00,153.103,153.111,153.04,153.059,600.0,20,0.0
2025-11-07 17:50:00,153.06,153.168,153.06,153.162,700.0,20,0.0
2025-11-07 17:55:00,153.162,153.185,153.12,153.128,671.0,20,0.0
2025-11-07 18:00:00,153.127,153.148,153.091,153.13,642.0,20,0.0
2025-11-07 18:05:00,153.129,153.167,153.096,153.096,515.0,20,0.0
2025-11-07 18:10:00,153.096,153.097,153.027,153.058,574.0,20,0.0
2025-11-07 18:15:00,153.057,153.105,153.022,153.099,569.0,20,0.0
2025-11-07 18:20:00,153.097,153.151,153.091,153.092,537.0,20,0.0
2025-11-07 18:25:00,153.093,153.094,153.057,153.067,598.0,20,0.0
2025-11-07 18:30:00,153.068,153.092,153.041,153.069,573.0,20,0.0
2025-11-07 18:35:00,153.069,153.069,153.007,153.023,510.0,20,0.0
2025-11-07 18:40:00,153.022,153.082,153.022,153.059,438.0,20,0.0
2025-11-07 18:45:00,153.058,153.058,153.024,153.032,411.0,20,0.0
2025-11-07 18:50:00,153.032,153.069,153.022,153.04,420.0,20,0.0
2025-11-07 18:55:00,153.039,153.058,153.004,153.053,375.0,20,0.0
2025-11-07 19:00:00,153.053,153.085,153.034,153.041,439.0,20,0.0
2025-11-07 19:05:00,153.042,153.071,153.031,153.062,433.0,20,0.0
2025-11-07 19:10:00,153.061,153.125,153.044,153.125,530.0,20,0.0
2025-11-07 19:15:00,153.122,153.187,153.117,153.164,441.0,20,0.0
2025-11-07 19:20:00,153.165,153.196,153.138,153.187,359.0,20,0.0
2025-11-07 19:25:00,153.187,153.203,153.17,153.177,355.0,20,0.0
2025-11-07 19:30:00,153.176,153.214,153.17,153.205,294.0,20,0.0
2025-11-07 19:35:00,153.205,153.205,153.126,153.129,378.0,20,0.0
2025-11-07 19:40:00,153.13,153.13,153.085,153.091,384.0,20,0.0
2025-11-07 19:45:00,153.092,153.103,153.046,153.059,368.0,20,0.0
2025-11-07 19:50:00,153.058,153.088,153.042,153.085,397.0,20,0.0
2025-11-07 19:55:00,153.086,153.105,153.074,153.086,341.0,20,0.0
2025-11-07 20:00:00,153.085,153.104,153.074,153.077,335.0,20,0.0
2025-11-07 20:05:00,153.075,153.076,153.025,153.06,282.0,20,0.0
2025-11-07 20:10:00,153.059,153.095,153.053,153.084,312.0,20,0.0
2025-11-07 20:15:00,153.085,153.129,153.075,153.129,240.0,20,0.0
2025-11-07 20:20:00,153.128,153.144,153.113,153.143,297.0,20,0.0
2025-11-07 20:25:00,153.143,153.179,153.143,153.176,291.0,20,0.0
2025-11-07 20:30:00,153.176,153.2,153.171,153.174,271.0,20,0.0
2025-11-07 20:35:00,153.173,153.18,153.153,153.176,207.0,20,0.0
2025-11-07 20:40:00,153.175,153.204,153.172,153.187,235.0,20,0.0
2025-11-07 20:45:00,153.187,153.194,153.16,153.162,262.0,20,0.0
2025-11-07 20:50:00,153.162,153.162,153.128,153.15,214.0,20,0.0
2025-11-07 20:55:00,153.149,153.257,153.149,153.247,293.0,20,0.0
2025-11-07 21:00:00,153.248,153.29,153.245,153.26,412.0,20,0.0
2025-11-07 21:05:00,153.261,153.261,153.221,153.23,320.0,20,0.0
2025-11-07 21:10:00,153.229,153.258,153.211,153.235,302.0,20,0.0
2025-11-07 21:15:00,153.24,153.245,153.218,153.224,236.0,20,0.0
2025-11-07 21:20:00,153.227,153.292,153.223,153.284,348.0,20,0.0
2025-11-07 21:25:00,153.283,153.312,153.27,153.311,262.0,20,0.0
2025-11-07 21:30:00,153.315,153.375,153.315,153.373,334.0,20,0.0
2025-11-07 21:35:00,153.376,153.443,153.362,153.44,377.0,20,0.0
2025-11-07 21:40:00,153.443,153.515,153.443,153.511,552.0,20,0.0
2025-11-07 21:45:00,153.511,153.573,153.466,153.564,615.0,20,0.0
2025-11-07 21:50:00,153.566,153.567,153.479,153.501,620.0,20,0.0
2025-11-07 21:55:00,153.501,153.561,153.496,153.548,320.0,20,0.0
2025-11-07 22:00:00,153.549,153.585,153.532,153.533,383.0,20,0.0
2025-11-07 22:05:00,153.537,153.539,153.382,153.461,762.0,20,0.0
2025-11-07 22:10:00,153.463,153.496,153.44,153.444,412.0,21,0.0
2025-11-07 22:15:00,153.445,153.461,153.427,153.431,358.0,20,0.0
2025-11-07 22:20:00,153.431,153.445,153.411,153.43,496.0,20,0.0
2025-11-07 22:25:00,153.429,153.456,153.402,153.442,427.0,20,0.0
2025-11-07 22:30:00,153.443,153.47,153.439,153.443,376.0,21,0.0
2025-11-07 22:35:00,153.442,153.456,153.42,153.424,257.0,20,0.0
2025-11-07 22:40:00,153.424,153.428,153.371,153.387,397.0,20,0.0
2025-11-07 22:45:00,153.388,153.39,153.35,153.35,327.0,20,0.0
2025-11-07 22:50:00,153.359,153.4,153.35,153.386,367.0,20,0.0
2025-11-07 22:55:00,153.383,153.424,153.383,153.421,299.0,20,0.0
2025-11-07 23:00:00,153.42,153.456,153.412,153.44,215.0,20,0.0
2025-11-07 23:05:00,153.44,153.47,153.422,153.436,174.0,20,0.0
2025-11-07 23:10:00,153.435,153.438,153.395,153.409,95.0,23,0.0
2025-11-07 23:15:00,153.408,153.419,153.403,153.414,101.0,23,0.0
2025-11-07 23:20:00,153.414,153.432,153.41,153.424,99.0,20,0.0
2025-11-07 23:25:00,153.422,153.428,153.404,153.422,101.0,20,0.0
2025-11-07 23:30:00,153.422,153.46,153.422,153.454,58.0,24,0.0
2025-11-07 23:35:00,153.454,153.472,153.45,153.453,34.0,25,0.0
2025-11-07 23:40:00,153.452,153.462,153.439,153.459,71.0,24,0.0
2025-11-07 23:45:00,153.46,153.465,153.401,153.413,269.0,22,0.0
2025-11-07 23:50:00,153.414,153.458,153.403,153.406,177.0,22,0.0
2025-11-07 23:55:00,153.405,153.431,153.404,153.428,337.0,26,0.0
2025-11-10 00:00:00,153.631,153.708,153.631,153.68,10.0,100,0.0
2025-11-10 00:05:00,153.68,153.73,153.66,153.671,83.0,50,0.0
2025-11-10 00:10:00,153.669,153.695,153.66,153.679,42.0,47,0.0
2025-11-10 00:15:00,153.678,153.692,153.678,153.692,24.0,50,0.0
2025-11-10 00:20:00,153.692,153.694,153.681,153.689,19.0,46,0.0
2025-11-10 00:25:00,153.689,153.692,153.686,153.69,14.0,49,0.0
2025-11-10 00:30:00,153.694,153.697,153.69,153.69,13.0,43,0.0
2025-11-10 00:35:00,153.611,153.635,153.49,153.607,315.0,64,0.0
2025-11-10 00:40:00,153.607,153.656,153.606,153.655,70.0,30,0.0
2025-11-10 00:45:00,153.655,153.682,153.652,153.678,113.0,44,0.0
2025-11-10 00:50:00,153.677,153.683,153.669,153.676,62.0,53,0.0
2025-11-10 00:55:00,153.676,153.719,153.676,153.682,114.0,31,0.0
2025-11-10 01:00:00,153.68,153.797,153.676,153.737,362.0,32,0.0
2025-11-10 01:05:00,153.736,153.818,153.721,153.758,349.0,22,0.0
2025-11-10 01:10:00,153.758,153.798,153.755,153.786,247.0,25,0.0
2025-11-10 01:15:00,153.786,153.829,153.765,153.819,276.0,20,0.0
2025-11-10 01:20:00,153.819,153.819,153.778,153.784,294.0,21,0.0
2025-11-10 01:25:00,153.784,153.838,153.783,153.83,132.0,20,0.0
2025-11-10 01:30:00,153.831,153.831,153.761,153.813,296.0,20,0.0
2025-11-10 01:35:00,153.813,153.823,153.776,153.781,146.0,20,0.0
2025-11-10 01:40:00,153.785,153.809,153.771,153.789,352.0,21,0.0
2025-11-10 01:45:00,153.79,153.815,153.767,153.773,443.0,22,0.0
2025-11-10 01:50:00,153.773,153.801,153.748,153.793,315.0,20,0.0
2025-11-10 01:55:00,153.793,153.853,153.77,153.816,306.0,20,0.0
2025-11-10 02:00:00,153.816,153.821,153.387,153.73,880.0,20,0.0
2025-11-10 02:05:00,153.727,153.832,153.658,153.808,748.0,20,0.0
2025-11-10 02:10:00,153.807,153.81,153.722,153.797,530.0,20,0.0
2025-11-10 02:15:00,153.796,153.887,153.761,153.875,602.0,20,0.0
2025-11-10 02:20:00,153.875,153.906,153.777,153.795,699.0,20,0.0
2025-11-10 02:25:00,153.795,153.815,153.737,153.785,612.0,20,0.0
2025-11-10 02:30:00,153.786,153.86,153.766,153.798,601.0,20,0.0
2025-11-10 02:35:00,153.797,153.837,153.786,153.809,610.0,20,0.0
2025-11-10 02:40:00,153.808,153.833,153.769,153.795,580.0,20,0.0
2025-11-10 02:45:00,153.794,153.798,153.756,153.771,552.0,20,0.0
2025-11-10 02:50:00,153.77,153.87,153.731,153.858,829.0,20,0.0
2025-11-10 02:55:00,153.862,153.863,153.799,153.846,568.0,20,0.0
2025-11-10 03:00:00,153.846,153.94,153.822,153.904,857.0,20,0.0
2025-11-10 03:05:00,153.905,153.907,153.833,153.84,609.0,20,0.0
2025-11-10 03:10:00,153.842,153.856,153.804,153.832,472.0,20,0.0
2025-11-10 03:15:00,153.832,153.884,153.816,153.823,360.0,20,0.0
2025-11-10 03:20:00,153.824,153.826,153.789,153.812,459.0,21,0.0
2025-11-10 03:25:00,153.811,153.846,153.805,153.81,356.0,20,0.0
2025-11-10 03:30:00,153.811,153.827,153.786,153.809,321.0,20,0.0
2025-11-10 03:35:00,153.807,153.822,153.788,153.798,288.0,20,0.0
2025-11-10 03:40:00,153.798,153.815,153.787,153.799,209.0,20,0.0
2025-11-10 03:45:00,153.8,153.809,153.766,153.788,229.0,20,0.0
2025-11-10 03:50:00,153.789,153.834,153.788,153.821,297.0,20,0.0
2025-11-10 03:55:00,153.82,153.828,153.792,153.822,247.0,20,0.0
2025-11-10 04:00:00,153.822,153.823,153.791,153.795,246.0,20,0.0
2025-11-10 04:05:00,153.796,153.832,153.796,153.829,206.0,20,0.0
2025-11-10 04:10:00,153.83,153.863,153.812,153.835,266.0,20,0.0
2025-11-10 04:15:00,153.834,153.873,153.832,153.851,305.0,20,0.0
2025-11-10 04:20:00,153.853,153.861,153.804,153.809,229.0,21,0.0
2025-11-10 04:25:00,153.809,153.827,153.792,153.827,161.0,22,0.0
2025-11-10 04:30:00,153.831,153.886,153.82,153.846,259.0,20,0.0
2025-11-10 04:35:00,153.846,153.881,153.834,153.86,240.0,21,0.0
2025-11-10 04:40:00,153.861,153.871,153.827,153.836,162.0,21,0.0
2025-11-10 04:45:00,153.837,153.87,153.836,153.868,159.0,22,0.0
2025-11-10 04:50:00,153.867,153.877,153.861,153.868,99.0,20,0.0
2025-11-10 04:55:00,153.868,153.89,153.863,153.881,195.0,20,0.0
2025-11-10 05:00:00,153.882,153.929,153.879,153.928,261.0,20,0.0
2025-11-10 05:05:00,153.928,153.951,153.913,153.927,229.0,20,0.0
2025-11-10 05:10:00,153.927,153.934,153.9,153.92,278.0,20,0.0
2025-11-10 05:15:00,153.919,153.98,153.917,153.974,246.0,20,0.0
2025-11-10 05:20:00,153.976,153.978,153.957,153.963,234.0,20,0.0
2025-11-10 05:25:00,153.964,153.986,153.962,153.973,204.0,20,0.0
2025-11-10 05:30:00,153.972,154.005,153.961,154.002,251.0,20,0.0
2025-11-10 05:35:00,154.002,154.016,153.934,153.935,331.0,20,0.0
2025-11-10 05:40:00,153.936,153.971,153.934,153.949,243.0,20,0.0
2025-11-10 05:45:00,153.946,153.986,153.926,153.959,258.0,20,0.0
2025-11-10 05:50:00,153.96,153.981,153.946,153.947,214.0,21,0.0
2025-11-10 05:55:00,153.948,153.953,153.921,153.924,242.0,21,0.0
2025-11-10 06:00:00,153.924,153.931,153.877,153.893,324.0,20,0.0
2025-11-10 06:05:00,153.894,153.925,153.876,153.917,344.0,20,0.0
2025-11-10 06:10:00,153.916,153.944,153.912,153.915,338.0,20,0.0
2025-11-10 06:15:00,153.904,153.927,153.899,153.913,289.0,20,0.0
2025-11-10 06:20:00,153.913,153.913,153.879,153.891,347.0,21,0.0
2025-11-10 06:25:00,153.891,153.891,153.871,153.878,167.0,22,0.0
2025-11-10 06:30:00,153.877,153.879,153.818,153.831,203.0,20,0.0
2025-11-10 06:35:00,153.831,153.834,153.777,153.821,318.0,20,0.0
2025-11-10 06:40:00,153.82,153.839,153.811,153.834,264.0,20,0.0
2025-11-10 06:45:00,153.835,153.87,153.832,153.834,232.0,20,0.0
2025-11-10 06:50:00,153.835,153.856,153.811,153.829,276.0,21,0.0
2025-11-10 06:55:00,153.828,153.871,153.823,153.87,314.0,21,0.0
2025-11-10 07:00:00,153.871,153.89,153.858,153.88,346.0,20,0.0
2025-11-10 07:05:00,153.881,153.951,153.873,153.941,310.0,20,0.0
2025-11-10 07:10:00,153.94,154.023,153.937,154.023,259.0,20,0.0
2025-11-10 07:15:00,154.024,154.06,153.995,153.998,323.0,20,0.0
2025-11-10 07:20:00,153.999,154.004,153.91,153.936,254.0,20,0.0
2025-11-10 07:25:00,153.936,153.954,153.921,153.933,239.0,20,0.0
2025-11-10 07:30:00,153.933,153.957,153.918,153.951,246.0,21,0.0
2025-11-10 07:35:00,153.95,153.954,153.936,153.937,357.0,20,0.0
2025-11-10 07:40:00,153.938,153.944,153.901,153.911,215.0,20,0.0
2025-11-10 07:45:00,153.907,153.921,153.888,153.891,324.0,20,0.0
2025-11-10 07:50:00,153.889,153.911,153.878,153.904,239.0,20,0.0
2025-11-10 07:55:00,153.904,153.936,153.888,153.932,367.0,20,0.0
2025-11-10 08:00:00,153.931,153.944,153.902,153.92,341.0,20,0.0
2025-11-10 08:05:00,153.922,153.947,153.892,153.905,344.0,20,0.0
2025-11-10 08:10:00,153.905,153.94,153.904,153.932,264.0,20,0.0
2025-11-10 08:15:00,153.939,153.99,153.938,153.975,371.0,20,0.0
2025-11-10 08:20:00,153.976,154.013,153.963,154.008,375.0,20,0.0
2025-11-10 08:25:00,154.007,154.025,153.945,153.955,235.0,20,0.0
2025-11-10 08:30:00,153.955,153.959,153.941,153.959,179.0,20,0.0
2025-11-10 08:35:00,153.96,154.002,153.959,153.965,295.0,22,0.0
2025-11-10 08:40:00,153.97,153.98,153.944,153.953,292.0,20,0.0
2025-11-10 08:45:00,153.956,154.073,153.949,154.055,493.0,20,0.0
2025-11-10 08:50:00,154.055,154.068,154.004,154.042,501.0,20,0.0
2025-11-10 08:55:00,154.042,154.05,153.999,154.017,387.0,21,0.0
2025-11-10 09:00:00,154.018,154.035,153.973,154.032,519.0,20,0.0
2025-11-10 09:05:00,154.031,154.109,154.022,154.093,576.0,20,0.0
2025-11-10 09:10:00,154.092,154.113,154.043,154.104,373.0,20,0.0
2025-11-10 09:15:00,154.103,154.115,154.059,154.101,368.0,20,0.0
2025-11-10 09:20:00,154.102,154.14,154.075,154.106,295.0,20,0.0
2025-11-10 09:25:00,154.105,154.106,154.042,154.045,304.0,20,0.0
2025-11-10 09:30:00,154.044,154.044,153.981,153.986,319.0,20,0.0
2025-11-10 09:35:00,153.985,153.989,153.948,153.966,346.0,20,0.0
2025-11-10 09:40:00,153.966,153.981,153.96,153.966,204.0,20,0.0
2025-11-10 09:45:00,153.966,153.983,153.941,153.967,359.0,20,0.0
2025-11-10 09:50:00,153.967,154.023,153.952,154.022,406.0,20,0.0
2025-11-10 09:55:00,154.022,154.052,154.011,154.035,512.0,20,0.0
2025-11-10 10:00:00,154.035,154.092,154.024,154.026,715.0,20,0.0
2025-11-10 10:05:00,154.025,154.05,153.994,154.001,684.0,20,0.0
2025-11-10 10:10:00,154.002,154.008,153.946,153.976,390.0,20,0.0
2025-11-10 10:15:00,153.977,153.979,153.939,153.974,405.0,20,0.0
2025-11-10 10:20:00,153.972,154.035,153.953,154.033,318.0,20,0.0
2025-11-10 10:25:00,154.031,154.041,154.002,154.003,313.0,20,0.0
2025-11-10 10:30:00,154.003,154.051,153.993,154.027,364.0,20,0.0
2025-11-10 10:35:00,154.027,154.052,153.995,154.008,372.0,20,0.0
2025-11-10 10:40:00,154.007,154.069,154.007,154.069,283.0,20,0.0
2025-11-10 10:45:00,154.067,154.084,154.052,154.072,289.0,21,0.0
2025-11-10 10:50:00,154.071,154.113,154.058,154.109,438.0,20,0.0
2025-11-10 10:55:00,154.109,154.17,154.109,154.161,410.0,20,0.0
2025-11-10 11:00:00,154.16,154.193,154.137,154.174,431.0,20,0.0
2025-11-10 11:05:00,154.177,154.201,154.154,154.165,344.0,20,0.0
2025-11-10 11:10:00,154.166,154.221,154.166,154.179,392.0,20,0.0
2025-11-10 11:15:00,154.179,154.19,154.154,154.183,262.0,20,0.0
2025-11-10 11:20:00,154.183,154.218,154.149,154.161,343.0,20,0.0
2025-11-10 11:25:00,154.16,154.186,154.153,154.163,274.0,20,0.0
2025-11-10 11:30:00,154.164,154.195,154.146,154.174,252.0,20,0.0
2025-11-10 11:35:00,154.174,154.198,154.168,154.188,287.0,20,0.0
2025-11-10 11:40:00,154.188,154.196,154.162,154.163,248.0,21,0.0
2025-11-10 11:45:00,154.163,154.191,154.15,154.179,347.0,20,0.0
2025-11-10 11:50:00,154.179,154.194,154.153,154.163,324.0,21,0.0
2025-11-10 11:55:00,154.162,154.179,154.136,154.148,309.0,20,0.0
2025-11-10 12:00:00,154.149,154.164,154.091,154.105,260.0,20,0.0
2025-11-10 12:05:00,154.105,154.108,154.052,154.081,276.0,20,0.0
2025-11-10 12:10:00,154.081,154.117,154.066,154.066,206.0,20,0.0
2025-11-10 12:15:00,154.066,154.084,154.061,154.082,149.0,20,0.0
2025-11-10 12:20:00,154.082,154.102,154.069,154.072,136.0,20,0.0
2025-11-10 12:25:00,154.072,154.118,154.072,154.118,149.0,20,0.0
2025-11-10 12:30:00,154.12,154.167,154.11,154.158,269.0,20,0.0
2025-11-10 12:35:00,154.158,154.158,154.115,154.116,167.0,20,0.0
2025-11-10 12:40:00,154.116,154.153,154.102,154.144,176.0,20,0.0
2025-11-10 12:45:00,154.145,154.156,154.135,154.143,216.0,20,0.0
2025-11-10 12:50:00,154.143,154.169,154.133,154.162,229.0,20,0.0
2025-11-10 12:55:00,154.161,154.162,154.145,154.149,206.0,21,0.0
2025-11-10 13:00:00,154.15,154.228,154.15,154.223,296.0,21,0.0
2025-11-10 13:05:00,154.222,154.239,154.2,154.213,237.0,20,0.0
2025-11-10 13:10:00,154.213,154.234,154.207,154.213,176.0,21,0.0
2025-11-10 13:15:00,154.212,154.214,154.162,154.18,179.0,20,0.0
2025-11-10 13:20:00,154.18,154.19,154.164,154.165,166.0,21,0.0
2025-11-10 13:25:00,154.177,154.183,154.158,154.176,203.0,20,0.0
2025-11-10 13:30:00,154.175,154.177,154.159,154.161,178.0,21,0.0
2025-11-10 13:35:00,154.161,154.182,154.157,154.176,147.0,20,0.0
2025-11-10 13:40:00,154.176,154.19,154.158,154.176,139.0,20,0.0
2025-11-10 13:45:00,154.176,154.185,154.128,154.156,177.0,20,0.0
2025-11-10 13:50:00,154.162,154.165,154.105,154.126,243.0,20,0.0
2025-11-10 13:55:00,154.127,154.139,154.114,154.122,129.0,20,0.0
2025-11-10 14:00:00,154.121,154.152,154.117,154.143,181.0,20,0.0
2025-11-10 14:05:00,154.143,154.157,154.128,154.129,132.0,20,0.0
2025-11-10 14:10:00,154.13,154.147,154.111,154.111,215.0,20,0.0
2025-11-10 14:15:00,154.113,154.114,154.072,154.073,197.0,21,0.0
2025-11-10 14:20:00,154.074,154.075,154.041,154.063,218.0,20,0.0
2025-11-10 14:25:00,154.064,154.065,154.032,154.061,186.0,20,0.0
2025-11-10 14:30:00,154.06,154.071,154.031,154.057,209.0,20,0.0
2025-11-10 14:35:00,154.056,154.08,154.049,154.072,193.0,20,0.0
2025-11-10 14:40:00,154.071,154.116,154.068,154.116,119.0,20,0.0
2025-11-10 14:45:00,154.12,154.152,154.115,154.119,175.0,20,0.0
2025-11-10 14:50:00,154.12,154.135,154.087,154.106,351.0,20,0.0
2025-11-10 14:55:00,154.105,154.107,154.067,154.107,363.0,20,0.0
2025-11-10 15:00:00,154.107,154.128,154.096,154.096,264.0,20,0.0
2025-11-10 15:05:00,154.096,154.125,154.072,154.087,249.0,20,0.0
2025-11-10 15:10:00,154.089,154.094,154.064,154.085,233.0,21,0.0
2025-11-10 15:15:00,154.085,154.111,154.053,154.061,299.0,20,0.0
2025-11-10 15:20:00,154.062,154.083,154.047,154.072,316.0,20,0.0
2025-11-10 15:25:00,154.073,154.082,154.06,154.077,236.0,20,0.0
2025-11-10 15:30:00,154.077,154.093,154.053,154.053,318.0,20,0.0
2025-11-10 15:35:00,154.051,154.068,154.026,154.051,299.0,20,0.0
2025-11-10 15:40:00,154.052,154.061,154.004,154.022,348.0,20,0.0
2025-11-10 15:45:00,154.021,154.021,153.974,153.981,343.0,20,0.0
2025-11-10 15:50:00,153.98,154.046,153.98,154.043,227.0,20,0.0
2025-11-10 15:55:00,154.043,154.072,154.036,154.049,416.0,20,0.0
2025-11-10 16:00:00,154.05,154.069,154.035,154.061,314.0,20,0.0
2025-11-10 16:05:00,154.062,154.065,154.03,154.049,235.0,20,0.0
2025-11-10 16:10:00,154.05,154.055,154.013,154.033,236.0,20,0.0
2025-11-10 16:15:00,154.033,154.051,154.022,154.042,290.0,20,0.0
2025-11-10 16:20:00,154.043,154.076,154.036,154.071,205.0,20,0.0
2025-11-10 16:25:00,154.072,154.087,154.037,154.053,284.0,20,0.0
2025-11-10 16:30:00,154.053,154.134,154.053,154.062,667.0,20,0.0
2025-11-10 16:35:00,154.062,154.074,153.994,154.03,665.0,20,0.0
2025-11-10 16:40:00,154.029,154.053,153.998,154.048,364.0,20,0.0
2025-11-10 16:45:00,154.049,154.136,154.049,154.107,521.0,20,0.0
2025-11-10 16:50:00,154.108,154.131,154.084,154.131,481.0,20,0.0
2025-11-10 16:55:00,154.128,154.155,154.071,154.071,486.0,20,0.0
2025-11-10 17:00:00,154.072,154.1,154.054,154.095,514.0,20,0.0
2025-11-10 17:05:00,154.094,154.109,154.072,154.074,342.0,20,0.0
2025-11-10 17:10:00,154.077,154.096,154.046,154.047,341.0,20,0.0
2025-11-10 17:15:00,154.054,154.057,154.0,154.015,465.0,20,0.0
2025-11-10 17:20:00,154.016,154.062,154.008,154.038,276.0,20,0.0
2025-11-10 17:25:00,154.038,154.047,154.006,154.036,416.0,20,0.0
2025-11-10 17:30:00,154.04,154.096,154.03,154.091,319.0,20,0.0
2025-11-10 17:35:00,154.093,154.105,154.059,154.08,285.0,20,0.0
2025-11-10 17:40:00,154.08,154.099,154.041,154.043,360.0,20,0.0
2025-11-10 17:45:00,154.043,154.133,154.039,154.093,284.0,20,0.0
2025-11-10 17:50:00,154.092,154.101,154.021,154.034,469.0,20,0.0
2025-11-10 17:55:00,154.036,154.069,154.017,154.018,568.0,20,0.0
2025-11-10 18:00:00,154.018,154.042,153.997,154.011,560.0,20,0.0
2025-11-10 18:05:00,154.009,154.057,153.979,154.031,398.0,20,0.0
2025-11-10 18:10:00,154.032,154.04,153.973,153.975,330.0,20,0.0
2025-11-10 18:15:00,153.976,153.98,153.929,153.952,331.0,20,0.0
2025-11-10 18:20:00,153.952,153.965,153.902,153.904,327.0,20,0.0
2025-11-10 18:25:00,153.905,153.941,153.881,153.927,333.0,20,0.0
2025-11-10 18:30:00,153.927,154.001,153.927,153.961,431.0,20,0.0
2025-11-10 18:35:00,153.959,153.962,153.905,153.915,429.0,20,0.0
2025-11-10 18:40:00,153.918,153.976,153.911,153.964,411.0,20,0.0
2025-11-10 18:45:00,153.965,153.975,153.93,153.973,323.0,20,0.0
2025-11-10 18:50:00,153.972,153.992,153.956,153.987,294.0,20,0.0
2025-11-10 18:55:00,153.987,154.0,153.971,153.986,298.0,20,0.0
2025-11-10 19:00:00,153.985,154.033,153.95,153.997,562.0,20,0.0
2025-11-10 19:05:00,153.996,154.011,153.948,153.974,387.0,20,0.0
2025-11-10 19:10:00,153.974,153.976,153.939,153.944,337.0,20,0.0
2025-11-10 19:15:00,153.944,154.005,153.942,153.986,302.0,20,0.0
2025-11-10 19:20:00,153.988,154.01,153.968,153.975,263.0,20,0.0
2025-11-10 19:25:00,153.976,153.981,153.95,153.95,261.0,20,0.0
2025-11-10 19:30:00,153.953,153.986,153.948,153.949,220.0,20,0.0
2025-11-10 19:35:00,153.948,153.951,153.913,153.94,173.0,20,0.0
2025-11-10 19:40:00,153.94,153.976,153.94,153.962,198.0,20,0.0
2025-11-10 19:45:00,153.963,153.976,153.954,153.959,194.0,20,0.0
2025-11-10 19:50:00,153.958,153.968,153.949,153.953,241.0,20,0.0
2025-11-10 19:55:00,153.956,153.975,153.939,153.945,435.0,20,0.0
2025-11-10 20:00:00,153.946,153.952,153.914,153.923,423.0,20,0.0
2025-11-10 20:05:00,153.923,153.941,153.922,153.931,174.0,20,0.0
2025-11-10 20:10:00,153.93,153.952,153.922,153.934,204.0,20,0.0
2025-11-10 20:15:00,153.935,153.947,153.917,153.932,214.0,20,0.0
2025-11-10 20:20:00,153.933,153.945,153.926,153.943,204.0,20,0.0
2025-11-10 20:25:00,153.941,153.976,153.941,153.974,291.0,20,0.0
2025-11-10 20:30:00,153.975,153.992,153.973,153.989,166.0,21,0.0
2025-11-10 20:35:00,153.989,154.0,153.985,153.995,220.0,21,0.0
2025-11-10 20:40:00,153.994,153.999,153.983,153.997,132.0,21,0.0
2025-11-10 20:45:00,153.996,154.01,153.995,154.0,136.0,20,0.0
2025-11-10 20:50:00,153.999,154.007,153.995,153.998,145.0,20,0.0
2025-11-10 20:55:00,153.997,154.0,153.974,153.982,139.0,20,0.0
2025-11-10 21:00:00,153.982,153.991,153.974,153.979,129.0,20,0.0
2025-11-10 21:05:00,153.98,153.998,153.961,153.961,134.0,20,0.0
2025-11-10 21:10:00,153.963,153.963,153.944,153.961,118.0,20,0.0
2025-11-10 21:15:00,153.96,153.969,153.955,153.961,84.0,21,0.0
2025-11-10 21:20:00,153.961,153.971,153.952,153.966,108.0,20,0.0
2025-11-10 21:25:00,153.966,153.975,153.962,153.963,108.0,20,0.0
2025-11-10 21:30:00,153.963,153.965,153.95,153.95,107.0,21,0.0
2025-11-10 21:35:00,153.95,153.998,153.95,153.998,137.0,20,0.0
2025-11-10 21:40:00,153.999,154.022,153.964,153.966,255.0,20,0.0
2025-11-10 21:45:00,153.969,154.004,153.963,153.997,165.0,20,0.0
2025-11-10 21:50:00,153.997,154.043,153.976,154.035,247.0,20,0.0
2025-11-10 21:55:00,154.034,154.064,154.031,154.042,319.0,20,0.0
2025-11-10 22:00:00,154.041,154.073,154.029,154.032,304.0,20,0.0
2025-11-10 22:05:00,154.032,154.034,154.009,154.01,166.0,20,0.0
2025-11-10 22:10:00,154.01,154.023,154.006,154.01,107.0,20,0.0
2025-11-10 22:15:00,154.01,154.027,153.988,154.001,303.0,20,0.0
2025-11-10 22:20:00,154.001,154.032,154.001,154.01,189.0,21,0.0
2025-11-10 22:25:00,154.011,154.023,154.006,154.007,217.0,21,0.0
2025-11-10 22:30:00,154.005,154.023,154.003,154.023,255.0,20,0.0
2025-11-10 22:35:00,154.024,154.047,154.024,154.043,178.0,20,0.0
2025-11-10 22:40:00,154.042,154.045,154.021,154.021,252.0,21,0.0
2025-11-10 22:45:00,154.024,154.033,154.009,154.033,162.0,20,0.0
2025-11-10 22:50:00,154.033,154.047,154.028,154.043,170.0,20,0.0
2025-11-10 22:55:00,154.044,154.044,154.004,154.02,389.0,20,0.0
2025-11-10 23:00:00,154.02,154.036,154.016,154.029,145.0,21,0.0
2025-11-10 23:05:00,154.026,154.037,154.013,154.035,118.0,22,0.0
2025-11-10 23:10:00,154.037,154.061,154.037,154.06,75.0,22,0.0
2025-11-10 23:15:00,154.06,154.067,154.049,154.066,62.0,22,0.0
2025-11-10 23:20:00,154.066,154.067,154.055,154.057,96.0,21,0.0
2025-11-10 23:25:00,154.057,154.084,154.056,154.084,135.0,21,0.0
2025-11-10 23:30:00,154.083,154.113,154.082,154.102,167.0,21,0.0
2025-11-10 23:35:00,154.097,154.097,154.078,154.078,68.0,23,0.0
2025-11-10 23:40:00,154.078,154.115,154.078,154.115,56.0,24,0.0
2025-11-10 23:45:00,154.116,154.132,154.116,154.13,48.0,23,0.0
2025-11-10 23:50:00,154.129,154.16,154.128,154.145,141.0,23,0.0
2025-11-10 23:55:00,154.144,154.149,154.109,154.131,314.0,22,0.0
2025-11-11 00:00:00,154.131,154.131,153.913,154.018,10.0,39,0.0
2025-11-11 00:05:00,154.018,154.077,154.007,154.057,22.0,69,0.0
2025-11-11 00:10:00,154.054,154.075,154.052,154.056,29.0,48,0.0
2025-11-11 00:15:00,154.056,154.058,154.055,154.058,7.0,62,0.0
2025-11-11 00:20:00,154.057,154.062,154.057,154.062,10.0,57,0.0
2025-11-11 00:25:00,154.062,154.063,154.053,154.053,11.0,55,0.0
2025-11-11 00:30:00,154.053,154.057,154.05,154.054,41.0,49,0.0
2025-11-11 00:35:00,154.054,154.062,154.053,154.058,173.0,41,0.0
2025-11-11 00:40:00,154.06,154.064,154.057,154.06,81.0,40,0.0
2025-11-11 00:45:00,154.06,154.064,154.056,154.056,50.0,44,0.0
2025-11-11 00:50:00,154.056,154.059,154.054,154.055,58.0,41,0.0
2025-11-11 00:55:00,154.055,154.056,154.04,154.044,87.0,44,0.0
2025-11-11 01:00:00,154.04,154.099,154.037,154.083,125.0,28,0.0
2025-11-11 01:05:00,154.086,154.098,154.085,154.095,84.0,26,0.0
2025-11-11 01:10:00,154.095,154.104,154.076,154.076,175.0,20,0.0
2025-11-11 01:15:00,154.075,154.089,154.064,154.086,111.0,23,0.0
2025-11-11 01:20:00,154.085,154.095,154.073,154.092,94.0,23,0.0
2025-11-11 01:25:00,154.089,154.097,154.086,154.09,102.0,24,0.0
2025-11-11 01:30:00,154.09,154.09,154.04,154.058,136.0,24,0.0
2025-11-11 01:35:00,154.058,154.067,154.05,154.067,164.0,22,0.0
2025-11-11 01:40:00,154.067,154.091,154.064,154.085,83.0,23,0.0
2025-11-11 01:45:00,154.086,154.14,154.086,154.111,306.0,20,0.0
2025-11-11 01:50:00,154.109,154.124,154.091,154.098,239.0,23,0.0
2025-11-11 01:55:00,154.098,154.146,154.075,154.14,328.0,20,0.0
2025-11-11 02:00:00,154.138,154.187,154.092,154.184,502.0,20,0.0
2025-11-11 02:05:00,154.185,154.191,154.119,154.151,411.0,20,0.0
2025-11-11 02:10:00,154.15,154.176,154.115,154.163,329.0,21,0.0
2025-11-11 02:15:00,154.164,154.166,154.1,154.115,346.0,20,0.0
2025-11-11 02:20:00,154.114,154.145,154.108,154.12,297.0,20,0.0
2025-11-11 02:25:00,154.12,154.186,154.109,154.186,240.0,20,0.0
2025-11-11 02:30:00,154.187,154.202,154.154,154.196,355.0,20,0.0
2025-11-11 02:35:00,154.196,154.266,154.196,154.262,445.0,20,0.0
2025-11-11 02:40:00,154.262,154.276,154.243,154.248,387.0,21,0.0
2025-11-11 02:45:00,154.249,154.283,154.218,154.219,412.0,20,0.0
2025-11-11 02:50:00,154.218,154.291,154.209,154.278,642.0,20,0.0
2025-11-11 02:55:00,154.283,154.302,154.253,154.301,374.0,20,0.0
2025-11-11 03:00:00,154.302,154.375,154.302,154.371,522.0,20,0.0
2025-11-11 03:05:00,154.373,154.406,154.35,154.405,555.0,20,0.0
2025-11-11 03:10:00,154.404,154.423,154.346,154.382,458.0,20,0.0
2025-11-11 03:15:00,154.384,154.413,154.371,154.387,345.0,20,0.0
2025-11-11 03:20:00,154.387,154.41,154.366,154.406,263.0,20,0.0
2025-11-11 03:25:00,154.405,154.486,154.383,154.413,406.0,20,0.0
2025-11-11 03:30:00,154.412,154.423,154.359,154.362,390.0,20,0.0
2025-11-11 03:35:00,154.361,154.414,154.344,154.385,387.0,20,0.0
2025-11-11 03:40:00,154.385,154.385,154.36,154.381,244.0,20,0.0
2025-11-11 03:45:00,154.382,154.396,154.349,154.395,342.0,20,0.0
2025-11-11 03:50:00,154.396,154.406,154.344,154.36,312.0,20,0.0
2025-11-11 03:55:00,154.357,154.362,154.313,154.313,263.0,20,0.0
2025-11-11 04:00:00,154.313,154.313,154.248,154.264,311.0,20,0.0
2025-11-11 04:05:00,154.263,154.331,154.262,154.323,288.0,20,0.0
2025-11-11 04:10:00,154.324,154.356,154.311,154.346,242.0,20,0.0
2025-11-11 04:15:00,154.346,154.38,154.316,154.318,259.0,20,0.0
2025-11-11 04:20:00,154.321,154.333,154.302,154.322,171.0,20,0.0
2025-11-11 04:25:00,154.318,154.325,154.302,154.318,178.0,21,0.0
2025-11-11 04:30:00,154.319,154.331,154.294,154.325,175.0,20,0.0
2025-11-11 04:35:00,154.338,154.353,154.335,154.346,202.0,20,0.0
2025-11-11 04:40:00,154.346,154.371,154.34,154.352,289.0,20,0.0
2025-11-11 04:45:00,154.353,154.365,154.339,154.349,292.0,20,0.0
2025-11-11 04:50:00,154.348,154.382,154.339,154.339,274.0,20,0.0
2025-11-11 04:55:00,154.339,154.374,154.339,154.357,337.0,21,0.0
2025-11-11 05:00:00,154.356,154.356,154.285,154.311,320.0,20,0.0
2025-11-11 05:05:00,154.307,154.319,154.254,154.277,241.0,21,0.0
2025-11-11 05:10:00,154.277,154.284,154.258,154.281,152.0,20,0.0
2025-11-11 05:15:00,154.282,154.297,154.279,154.286,102.0,20,0.0
2025-11-11 05:20:00,154.285,154.285,154.231,154.238,145.0,20,0.0
2025-11-11 05:25:00,154.238,154.25,154.212,154.226,249.0,20,0.0
2025-11-11 05:30:00,154.227,154.256,154.224,154.24,415.0,20,0.0
2025-11-11 05:35:00,154.241,154.241,154.21,154.231,270.0,20,0.0
2025-11-11 05:40:00,154.232,154.242,154.223,154.225,126.0,20,0.0
2025-11-11 05:45:00,154.225,154.235,154.219,154.234,126.0,20,0.0
2025-11-11 05:50:00,154.233,154.245,154.217,154.243,230.0,20,0.0
2025-11-11 05:55:00,154.244,154.269,154.24,154.256,238.0,20,0.0
2025-11-11 06:00:00,154.256,154.262,154.216,154.255,215.0,20,0.0
2025-11-11 06:05:00,154.256,154.304,154.256,154.29,228.0,20,0.0
2025-11-11 06:10:00,154.289,154.316,154.288,154.315,167.0,20,0.0
2025-11-11 06:15:00,154.314,154.335,154.287,154.29,199.0,20,0.0
2025-11-11 06:20:00,154.291,154.324,154.29,154.316,153.0,20,0.0
2025-11-11 06:25:00,154.317,154.322,154.298,154.316,177.0,20,0.0
2025-11-11 06:30:00,154.315,154.342,154.315,154.34,147.0,20,0.0
2025-11-11 06:35:00,154.339,154.34,154.308,154.324,181.0,20,0.0
2025-11-11 06:40:00,154.325,154.325,154.298,154.304,156.0,21,0.0
2025-11-11 06:45:00,154.305,154.314,154.301,154.313,75.0,21,0.0
2025-11-11 06:50:00,154.312,154.313,154.294,154.297,155.0,20,0.0
2025-11-11 06:55:00,154.297,154.32,154.286,154.291,208.0,20,0.0
2025-11-11 07:00:00,154.292,154.294,154.263,154.288,266.0,20,0.0
2025-11-11 07:05:00,154.286,154.299,154.265,154.271,221.0,20,0.0
2025-11-11 07:10:00,154.27,154.279,154.23,154.241,277.0,20,0.0
2025-11-11 07:15:00,154.241,154.242,154.188,154.194,327.0,20,0.0
2025-11-11 07:20:00,154.196,154.221,154.175,154.179,336.0,20,0.0
2025-11-11 07:25:00,154.18,154.186,154.156,154.183,283.0,20,0.0
2025-11-11 07:30:00,154.182,154.203,154.172,154.197,245.0,20,0.0
2025-11-11 07:35:00,154.196,154.197,154.17,154.172,282.0,20,0.0
2025-11-11 07:40:00,154.172,154.201,154.153,154.153,166.0,21,0.0
2025-11-11 07:45:00,154.15,154.153,154.079,154.139,323.0,20,0.0
2025-11-11 07:50:00,154.138,154.14,154.109,154.115,251.0,20,0.0
2025-11-11 07:55:00,154.115,154.147,154.108,154.118,269.0,20,0.0
2025-11-11 08:00:00,154.118,154.12,154.079,154.113,232.0,20,0.0
2025-11-11 08:05:00,154.115,154.154,154.115,154.153,281.0,20,0.0
2025-11-11 08:10:00,154.153,154.186,154.15,154.186,186.0,20,0.0
2025-11-11 08:15:00,154.188,154.197,154.157,154.193,180.0,20,0.0
2025-11-11 08:20:00,154.193,154.193,154.179,154.181,106.0,20,0.0
2025-11-11 08:25:00,154.182,154.213,154.18,154.211,139.0,20,0.0
2025-11-11 08:30:00,154.21,154.244,154.21,154.235,241.0,20,0.0
2025-11-11 08:35:00,154.234,154.247,154.224,154.234,173.0,20,0.0
2025-11-11 08:40:00,154.233,154.233,154.204,154.229,130.0,20,0.0
2025-11-11 08:45:00,154.23,154.258,154.22,154.227,307.0,20,0.0
2025-11-11 08:50:00,154.226,154.231,154.203,154.21,267.0,20,0.0
2025-11-11 08:55:00,154.211,154.212,154.178,154.188,177.0,20,0.0
2025-11-11 09:00:00,154.188,154.234,154.175,154.211,439.0,20,0.0
2025-11-11 09:05:00,154.21,154.219,154.176,154.212,194.0,20,0.0
2025-11-11 09:10:00,154.211,154.232,154.208,154.219,239.0,21,0.0
2025-11-11 09:15:00,154.219,154.241,154.194,154.196,248.0,20,0.0
2025-11-11 09:20:00,154.195,154.196,154.159,154.161,215.0,20,0.0
2025-11-11 09:25:00,154.16,154.2,154.16,154.198,181.0,20,0.0
2025-11-11 09:30:00,154.199,154.212,154.165,154.172,336.0,20,0.0
2025-11-11 09:35:00,154.171,154.195,154.141,154.182,286.0,21,0.0
2025-11-11 09:40:00,154.182,154.241,154.18,154.204,415.0,20,0.0
2025-11-11 09:45:00,154.204,154.206,154.164,154.172,469.0,21,0.0
2025-11-11 09:50:00,154.171,154.207,154.17,154.185,410.0,20,0.0
2025-11-11 09:55:00,154.185,154.196,154.17,154.181,310.0,20,0.0
2025-11-11 10:00:00,154.181,154.224,154.173,154.219,522.0,20,0.0
2025-11-11 10:05:00,154.219,154.222,154.157,154.175,385.0,20,0.0
2025-11-11 10:10:00,154.174,154.251,154.174,154.246,366.0,20,0.0
2025-11-11 10:15:00,154.245,154.302,154.244,154.291,324.0,20,0.0
2025-11-11 10:20:00,154.29,154.341,154.275,154.28,537.0,20,0.0
2025-11-11 10:25:00,154.277,154.299,154.261,154.298,361.0,20,0.0
2025-11-11 10:30:00,154.299,154.326,154.283,154.317,403.0,20,0.0
2025-11-11 10:35:00,154.316,154.349,154.307,154.329,239.0,20,0.0
2025-11-11 10:40:00,154.33,154.342,154.311,154.312,226.0,20,0.0
2025-11-11 10:45:00,154.312,154.335,154.299,154.324,261.0,20,0.0
2025-11-11 10:50:00,154.325,154.325,154.309,154.323,186.0,20,0.0
2025-11-11 10:55:00,154.33,154.379,154.33,154.369,422.0,20,0.0
2025-11-11 11:00:00,154.369,154.397,154.357,154.369,489.0,20,0.0
2025-11-11 11:05:00,154.369,154.372,154.35,154.356,370.0,20,0.0
2025-11-11 11:10:00,154.357,154.396,154.357,154.395,247.0,20,0.0
2025-11-11 11:15:00,154.395,154.433,154.392,154.395,326.0,20,0.0
2025-11-11 11:20:00,154.399,154.407,154.324,154.334,343.0,20,0.0
2025-11-11 11:25:00,154.334,154.334,154.319,154.324,173.0,21,0.0
2025-11-11 11:30:00,154.324,154.329,154.292,154.296,191.0,20,0.0
2025-11-11 11:35:00,154.295,154.317,154.276,154.278,301.0,20,0.0
2025-11-11 11:40:00,154.277,154.311,154.275,154.295,198.0,21,0.0
2025-11-11 11:45:00,154.294,154.322,154.275,154.321,191.0,20,0.0
2025-11-11 11:50:00,154.321,154.331,154.308,154.323,201.0,20,0.0
2025-11-11 11:55:00,154.324,154.333,154.3,154.32,175.0,21,0.0
2025-11-11 12:00:00,154.321,154.333,154.289,154.302,239.0,20,0.0
2025-11-11 12:05:00,154.308,154.352,154.304,154.336,213.0,20,0.0
2025-11-11 12:10:00,154.337,154.345,154.327,154.329,195.0,21,0.0
2025-11-11 12:15:00,154.329,154.329,154.293,154.293,252.0,20,0.0
2025-11-11 12:20:00,154.292,154.304,154.263,154.272,267.0,20,0.0
2025-11-11 12:25:00,154.273,154.293,154.272,154.28,186.0,20,0.0
2025-11-11 12:30:00,154.281,154.289,154.265,154.278,155.0,20,0.0
2025-11-11 12:35:00,154.278,154.278,154.242,154.254,154.0,21,0.0
2025-11-11 12:40:00,154.254,154.254,154.227,154.243,194.0,21,0.0
2025-11-11 12:45:00,154.243,154.246,154.21,154.212,209.0,20,0.0
2025-11-11 12:50:00,154.212,154.235,154.201,154.231,252.0,20,0.0
2025-11-11 12:55:00,154.23,154.242,154.218,154.235,181.0,20,0.0
2025-11-11 13:00:00,154.234,154.253,154.208,154.209,178.0,20,0.0
2025-11-11 13:05:00,154.209,154.232,154.208,154.223,281.0,20,0.0
2025-11-11 13:10:00,154.222,154.256,154.219,154.256,158.0,20,0.0
2025-11-11 13:15:00,154.255,154.256,154.236,154.242,168.0,21,0.0
2025-11-11 13:20:00,154.243,154.251,154.231,154.242,206.0,20,0.0
2025-11-11 13:25:00,154.242,154.244,154.22,154.235,193.0,20,0.0
2025-11-11 13:30:00,154.236,154.247,154.205,154.222,190.0,20,0.0
2025-11-11 13:35:00,154.222,154.23,154.215,154.216,130.0,21,0.0
2025-11-11 13:40:00,154.216,154.229,154.213,154.218,140.0,21,0.0
2025-11-11 13:45:00,154.219,154.234,154.206,154.216,164.0,20,0.0
2025-11-11 13:50:00,154.216,154.247,154.216,154.233,104.0,20,0.0
2025-11-11 13:55:00,154.234,154.244,154.217,154.244,86.0,20,0.0
2025-11-11 14:00:00,154.243,154.257,154.22,154.241,159.0,20,0.0
2025-11-11 14:05:00,154.241,154.242,154.181,154.199,217.0,21,0.0
2025-11-11 14:10:00,154.199,154.225,154.177,154.18,155.0,20,0.0
2025-11-11 14:15:00,154.178,154.198,154.17,154.198,148.0,20,0.0
2025-11-11 14:20:00,154.198,154.198,154.165,154.184,123.0,20,0.0
2025-11-11 14:25:00,154.185,154.21,154.179,154.202,121.0,20,0.0
2025-11-11 14:30:00,154.201,154.22,154.194,154.21,152.0,20,0.0
2025-11-11 14:35:00,154.209,154.209,154.18,154.195,242.0,20,0.0
2025-11-11 14:40:00,154.196,154.2,154.171,154.197,171.0,21,0.0
2025-11-11 14:45:00,154.195,154.21,154.185,154.185,189.0,20,0.0
2025-11-11 14:50:00,154.186,154.188,154.159,154.185,182.0,20,0.0
2025-11-11 14:55:00,154.185,154.209,154.183,154.184,178.0,20,0.0
2025-11-11 15:00:00,154.185,154.187,154.145,154.154,319.0,20,0.0
2025-11-11 15:05:00,154.154,154.164,154.123,154.163,180.0,20,0.0
2025-11-11 15:10:00,154.163,154.181,154.126,154.146,246.0,20,0.0
2025-11-11 15:15:00,154.146,154.148,154.043,154.06,356.0,20,0.0
2025-11-11 15:20:00,154.061,154.066,153.885,153.912,882.0,20,0.0
2025-11-11 15:25:00,153.91,153.911,153.715,153.795,1227.0,20,0.0
2025-11-11 15:30:00,153.794,153.835,153.754,153.758,851.0,20,0.0
2025-11-11 15:35:00,153.758,153.835,153.753,153.772,713.0,20,0.0
2025-11-11 15:40:00,153.766,153.777,153.655,153.701,804.0,20,0.0
2025-11-11 15:45:00,153.701,153.808,153.701,153.8,460.0,20,0.0
2025-11-11 15:50:00,153.8,153.803,153.713,153.727,558.0,20,0.0
2025-11-11 15:55:00,153.728,153.768,153.676,153.766,502.0,20,0.0
2025-11-11 16:00:00,153.765,153.782,153.692,153.746,576.0,20,0.0
2025-11-11 16:05:00,153.746,153.829,153.74,153.798,375.0,20,0.0
2025-11-11 16:10:00,153.797,153.868,153.792,153.846,376.0,20,0.0
2025-11-11 16:15:00,153.845,153.874,153.841,153.844,372.0,20,0.0
2025-11-11 16:20:00,153.844,153.86,153.811,153.827,356.0,20,0.0
2025-11-11 16:25:00,153.827,153.838,153.782,153.814,529.0,20,0.0
2025-11-11 16:30:00,153.813,153.863,153.799,153.814,565.0,20,0.0
2025-11-11 16:35:00,153.815,153.864,153.807,153.855,605.0,20,0.0
2025-11-11 16:40:00,153.857,153.866,153.821,153.856,316.0,20,0.0
2025-11-11 16:45:00,153.856,153.914,153.853,153.878,550.0,20,0.0
2025-11-11 16:50:00,153.884,153.948,153.867,153.909,573.0,20,0.0
2025-11-11 16:55:00,153.911,153.997,153.907,153.99,499.0,20,0.0
2025-11-11 17:00:00,153.989,154.054,153.985,154.052,755.0,20,0.0
2025-11-11 17:05:00,154.053,154.102,154.03,154.066,698.0,20,0.0
2025-11-11 17:10:00,154.067,154.123,154.052,154.064,585.0,20,0.0
2025-11-11 17:15:00,154.065,154.065,153.993,154.006,570.0,20,0.0
2025-11-11 17:20:00,154.005,154.033,153.991,153.995,635.0,20,0.0
2025-11-11 17:25:00,153.995,153.995,153.943,153.955,534.0,20,0.0
2025-11-11 17:30:00,153.955,153.995,153.932,153.992,607.0,20,0.0
2025-11-11 17:35:00,153.994,153.996,153.946,153.99,514.0,20,0.0
2025-11-11 17:40:00,153.988,154.006,153.955,153.97,558.0,20,0.0
2025-11-11 17:45:00,153.969,153.986,153.91,153.937,468.0,20,0.0
2025-11-11 17:50:00,153.937,154.0,153.922,153.995,332.0,20,0.0
2025-11-11 17:55:00,153.995,154.008,153.954,153.962,441.0,20,0.0
2025-11-11 18:00:00,153.957,153.998,153.935,153.951,416.0,20,0.0
2025-11-11 18:05:00,153.951,153.985,153.938,153.961,276.0,20,0.0
2025-11-11 18:10:00,153.961,153.981,153.945,153.954,275.0,20,0.0
2025-11-11 18:15:00,153.954,154.005,153.944,154.004,359.0,20,0.0
2025-11-11 18:20:00,154.003,154.012,153.97,153.985,312.0,20,0.0
2025-11-11 18:25:00,153.988,154.011,153.984,153.99,299.0,20,0.0
2025-11-11 18:30:00,153.991,153.991,153.947,153.955,378.0,20,0.0
2025-11-11 18:35:00,153.957,153.972,153.937,153.971,250.0,20,0.0
2025-11-11 18:40:00,153.972,154.006,153.958,153.995,238.0,20,0.0
2025-11-11 18:45:00,153.996,153.998,153.955,153.983,316.0,20,0.0
2025-11-11 18:50:00,153.983,153.988,153.955,153.981,150.0,20,0.0
2025-11-11 18:55:00,153.98,154.007,153.975,153.992,234.0,20,0.0
2025-11-11 19:00:00,153.991,154.009,153.991,153.996,343.0,21,0.0
2025-11-11 19:05:00,153.995,154.053,153.995,154.04,295.0,20,0.0
2025-11-11 19:10:00,154.041,154.045,154.02,154.03,298.0,20,0.0
2025-11-11 19:15:00,154.03,154.044,154.019,154.028,183.0,20,0.0
2025-11-11 19:20:00,154.027,154.075,154.025,154.065,284.0,20,0.0
2025-11-11 19:25:00,154.066,154.072,154.06,154.063,211.0,21,0.0
2025-11-11 19:30:00,154.064,154.097,154.064,154.09,195.0,21,0.0
2025-11-11 19:35:00,154.09,154.114,154.073,154.075,255.0,20,0.0
2025-11-11 19:40:00,154.076,154.077,154.031,154.039,228.0,21,0.0
2025-11-11 19:45:00,154.04,154.04,154.015,154.027,262.0,21,0.0
2025-11-11 19:50:00,154.027,154.044,154.023,154.029,181.0,20,0.0
2025-11-11 19:55:00,154.029,154.065,154.028,154.065,180.0,20,0.0
2025-11-11 20:00:00,154.064,154.079,154.062,154.076,163.0,20,0.0
2025-11-11 20:05:00,154.074,154.083,154.063,154.075,168.0,20,0.0
2025-11-11 20:10:00,154.075,154.092,154.064,154.066,100.0,20,0.0
2025-11-11 20:15:00,154.066,154.069,154.048,154.051,146.0,21,0.0
2025-11-11 20:20:00,154.052,154.057,154.049,154.051,140.0,21,0.0
2025-11-11 20:25:00,154.051,154.087,154.04,154.087,114.0,21,0.0
2025-11-11 20:30:00,154.088,154.124,154.076,154.111,177.0,21,0.0
2025-11-11 20:35:00,154.11,154.124,154.096,154.116,184.0,21,0.0
2025-11-11 20:40:00,154.117,154.125,154.11,154.114,207.0,20,0.0
2025-11-11 20:45:00,154.113,154.135,154.101,154.103,189.0,21,0.0
2025-11-11 20:50:00,154.102,154.117,154.096,154.096,177.0,20,0.0
2025-11-11 20:55:00,154.098,154.102,154.085,154.098,171.0,20,0.0
2025-11-11 21:00:00,154.098,154.116,154.097,154.115,207.0,20,0.0
2025-11-11 21:05:00,154.114,154.136,154.109,154.128,125.0,22,0.0
2025-11-11 21:10:00,154.127,154.134,154.112,154.124,157.0,21,0.0
2025-11-11 21:15:00,154.123,154.134,154.104,154.114,201.0,21,0.0
2025-11-11 21:20:00,154.115,154.124,154.109,154.112,157.0,20,0.0
2025-11-11 21:25:00,154.111,154.113,154.091,154.093,203.0,21,0.0
2025-11-11 21:30:00,154.092,154.093,154.084,154.088,208.0,22,0.0
2025-11-11 21:35:00,154.088,154.088,154.063,154.064,127.0,21,0.0
2025-11-11 21:40:00,154.064,154.066,154.051,154.055,226.0,21,0.0
2025-11-11 21:45:00,154.055,154.103,154.052,154.101,222.0,21,0.0
2025-11-11 21:50:00,154.098,154.109,154.087,154.106,165.0,22,0.0
2025-11-11 21:55:00,154.109,154.123,154.097,154.11,296.0,20,0.0
2025-11-11 22:00:00,154.111,154.114,154.091,154.111,296.0,20,0.0
2025-11-11 22:05:00,154.111,154.118,154.099,154.108,205.0,21,0.0
2025-11-11 22:10:00,154.109,154.11,154.074,154.074,160.0,20,0.0
2025-11-11 22:15:00,154.075,154.092,154.072,154.074,172.0,21,0.0
2025-11-11 22:20:00,154.076,154.089,154.07,154.088,236.0,22,0.0
2025-11-11 22:25:00,154.089,154.113,154.086,154.1,199.0,20,0.0
2025-11-11 22:30:00,154.099,154.126,154.095,154.101,134.0,20,0.0
2025-11-11 22:35:00,154.1,154.101,154.081,154.084,144.0,22,0.0
2025-11-11 22:40:00,154.085,154.115,154.084,154.111,142.0,20,0.0
2025-11-11 22:45:00,154.112,154.125,154.11,154.125,157.0,20,0.0
2025-11-11 22:50:00,154.124,154.134,154.119,154.125,288.0,20,0.0
2025-11-11 22:55:00,154.126,154.13,154.108,154.111,349.0,20,0.0
2025-11-11 23:00:00,154.11,154.131,154.107,154.124,159.0,21,0.0
2025-11-11 23:05:00,154.125,154.125,154.109,154.122,131.0,23,0.0
2025-11-11 23:10:00,154.12,154.128,154.117,154.118,87.0,23,0.0
2025-11-11 23:15:00,154.117,154.12,154.105,154.11,210.0,23,0.0
2025-11-11 23:20:00,154.111,154.128,154.111,154.117,73.0,23,0.0
2025-11-11 23:25:00,154.117,154.122,154.107,154.113,97.0,23,0.0
2025-11-11 23:30:00,154.113,154.129,154.107,154.12,87.0,24,0.0
2025-11-11 23:35:00,154.121,154.138,154.116,154.133,60.0,24,0.0
2025-11-11 23:40:00,154.133,154.16,154.133,154.16,50.0,23,0.0
2025-11-11 23:45:00,154.16,154.164,154.141,154.156,150.0,22,0.0
2025-11-11 23:50:00,154.156,154.164,154.132,154.135,63.0,25,0.0
2025-11-11 23:55:00,154.135,154.148,154.125,154.133,203.0,26,0.0
2025-11-12 00:00:00,154.131,154.131,154.093,154.1,12.0,53,0.0
2025-11-12 00:05:00,154.1,154.1,154.1,154.1,5.0,62,0.0
2025-11-12 00:10:00,154.107,154.107,154.1,154.1,9.0,42,0.0
2025-11-12 00:15:00,154.1,154.1,154.1,154.1,5.0,61,0.0
2025-11-12 00:20:00,154.1,154.111,154.1,154.11,9.0,50,0.0
2025-11-12 00:25:00,154.109,154.117,154.104,154.106,21.0,51,0.0
2025-11-12 00:30:00,154.11,154.116,154.068,154.092,388.0,47,0.0
2025-11-12 00:35:00,154.09,154.103,154.075,154.084,586.0,45,0.0
2025-11-12 00:40:00,154.085,154.093,154.048,154.082,567.0,31,0.0
2025-11-12 00:45:00,154.084,154.087,154.045,154.065,282.0,48,0.0
2025-11-12 00:50:00,154.064,154.068,154.037,154.04,327.0,49,0.0
2025-11-12 00:55:00,154.04,154.058,154.03,154.037,443.0,48,0.0
2025-11-12 01:00:00,154.042,154.101,154.039,154.083,300.0,20,0.0
2025-11-12 01:05:00,154.083,154.11,154.082,154.109,106.0,25,0.0
2025-11-12 01:10:00,154.108,154.116,154.097,154.11,94.0,24,0.0
2025-11-12 01:15:00,154.11,154.134,154.102,154.134,66.0,21,0.0
2025-11-12 01:20:00,154.134,154.144,154.123,154.131,68.0,24,0.0
2025-11-12 01:25:00,154.129,154.146,154.124,154.143,79.0,20,0.0
2025-11-12 01:30:00,154.143,154.146,154.103,154.107,137.0,22,0.0
2025-11-12 01:35:00,154.106,154.124,154.104,154.12,105.0,23,0.0
2025-11-12 01:40:00,154.122,154.123,154.066,154.066,134.0,20,0.0
2025-11-12 01:45:00,154.067,154.102,154.067,154.095,105.0,22,0.0
2025-11-12 01:50:00,154.096,154.123,154.089,154.095,150.0,22,0.0
2025-11-12 01:55:00,154.095,154.11,154.07,154.071,162.0,20,0.0
2025-11-12 02:00:00,154.074,154.153,154.037,154.094,559.0,20,0.0
2025-11-12 02:05:00,154.095,154.114,154.059,154.095,745.0,20,0.0
2025-11-12 02:10:00,154.094,154.109,154.05,154.055,404.0,21,0.0
2025-11-12 02:15:00,154.055,154.096,154.047,154.083,346.0,20,0.0
2025-11-12 02:20:00,154.083,154.11,154.071,154.11,236.0,20,0.0
2025-11-12 02:25:00,154.111,154.184,154.11,154.17,360.0,21,0.0
2025-11-12 02:30:00,154.169,154.229,154.165,154.2,477.0,20,0.0
2025-11-12 02:35:00,154.196,154.247,154.171,154.234,496.0,20,0.0
2025-11-12 02:40:00,154.234,154.247,154.218,154.239,461.0,20,0.0
2025-11-12 02:45:00,154.238,154.263,154.223,154.238,449.0,21,0.0
2025-11-12 02:50:00,154.237,154.272,154.187,154.23,658.0,20,0.0
2025-11-12 02:55:00,154.228,154.294,154.226,154.288,406.0,20,0.0
2025-11-12 03:00:00,154.289,154.316,154.251,154.281,545.0,20,0.0
2025-11-12 03:05:00,154.28,154.299,154.258,154.288,420.0,20,0.0
2025-11-12 03:10:00,154.289,154.341,154.286,154.309,474.0,20,0.0
2025-11-12 03:15:00,154.308,154.326,154.287,154.31,360.0,20,0.0
2025-11-12 03:20:00,154.309,154.315,154.285,154.299,335.0,20,0.0
2025-11-12 03:25:00,154.3,154.3,154.262,154.296,328.0,20,0.0
2025-11-12 03:30:00,154.295,154.327,154.295,154.313,318.0,20,0.0
2025-11-12 03:35:00,154.312,154.33,154.293,154.329,210.0,20,0.0
2025-11-12 03:40:00,154.328,154.335,154.29,154.304,199.0,20,0.0
2025-11-12 03:45:00,154.303,154.323,154.284,154.284,140.0,20,0.0
2025-11-12 03:50:00,154.283,154.309,154.282,154.297,250.0,20,0.0
2025-11-12 03:55:00,154.297,154.322,154.294,154.312,311.0,20,0.0
2025-11-12 04:00:00,154.318,154.332,154.303,154.308,227.0,20,0.0
2025-11-12 04:05:00,154.308,154.325,154.308,154.316,173.0,20,0.0
2025-11-12 04:10:00,154.317,154.352,154.314,154.343,240.0,20,0.0
2025-11-12 04:15:00,154.348,154.39,154.348,154.357,313.0,20,0.0
2025-11-12 04:20:00,154.356,154.373,154.331,154.37,244.0,20,0.0
2025-11-12 04:25:00,154.369,154.396,154.36,154.38,250.0,20,0.0
2025-11-12 04:30:00,154.381,154.395,154.352,154.377,212.0,20,0.0
2025-11-12 04:35:00,154.377,154.402,154.367,154.377,175.0,20,0.0
2025-11-12 04:40:00,154.368,154.383,154.366,154.379,111.0,20,0.0
2025-11-12 04:45:00,154.379,154.379,154.33,154.332,153.0,20,0.0
2025-11-12 04:50:00,154.343,154.354,154.32,154.334,196.0,20,0.0
2025-11-12 04:55:00,154.331,154.363,154.322,154.339,225.0,20,0.0
2025-11-12 05:00:00,154.34,154.369,154.331,154.343,193.0,20,0.0
2025-11-12 05:05:00,154.342,154.361,154.342,154.346,119.0,20,0.0
2025-11-12 05:10:00,154.348,154.354,154.344,154.346,138.0,20,0.0
2025-11-12 05:15:00,154.347,154.347,154.251,154.254,222.0,20,0.0
2025-11-12 05:20:00,154.254,154.274,154.228,154.271,251.0,20,0.0
2025-11-12 05:25:00,154.271,154.289,154.262,154.267,231.0,20,0.0
2025-11-12 05:30:00,154.266,154.312,154.263,154.297,202.0,20,0.0
2025-11-12 05:35:00,154.297,154.312,154.296,154.299,128.0,20,0.0
2025-11-12 05:40:00,154.298,154.309,154.293,154.299,110.0,20,0.0
2025-11-12 05:45:00,154.298,154.31,154.294,154.296,124.0,20,0.0
2025-11-12 05:50:00,154.292,154.338,154.292,154.337,126.0,20,0.0
2025-11-12 05:55:00,154.336,154.338,154.33,154.335,97.0,20,0.0
2025-11-12 06:00:00,154.336,154.344,154.33,154.338,100.0,21,0.0
2025-11-12 06:05:00,154.341,154.395,154.339,154.39,227.0,20,0.0
2025-11-12 06:10:00,154.39,154.438,154.381,154.413,189.0,20,0.0
2025-11-12 06:15:00,154.414,154.434,154.387,154.428,267.0,20,0.0
2025-11-12 06:20:00,154.429,154.584,154.427,154.554,744.0,20,0.0
2025-11-12 06:25:00,154.555,154.567,154.52,154.523,335.0,20,0.0
2025-11-12 06:30:00,154.522,154.56,154.506,154.544,321.0,20,0.0
2025-11-12 06:35:00,154.544,154.646,154.529,154.645,425.0,20,0.0
2025-11-12 06:40:00,154.645,154.676,154.609,154.64,441.0,20,0.0
2025-11-12 06:45:00,154.64,154.687,154.628,154.654,321.0,20,0.0
2025-11-12 06:50:00,154.653,154.719,154.652,154.671,328.0,21,0.0
2025-11-12 06:55:00,154.671,154.734,154.67,154.727,255.0,20,0.0
2025-11-12 07:00:00,154.728,154.778,154.719,154.729,444.0,20,0.0
2025-11-12 07:05:00,154.728,154.781,154.711,154.754,323.0,20,0.0
2025-11-12 07:10:00,154.751,154.755,154.696,154.732,264.0,20,0.0
2025-11-12 07:15:00,154.732,154.755,154.604,154.669,422.0,20,0.0
2025-11-12 07:20:00,154.669,154.672,154.555,154.606,901.0,20,0.0
2025-11-12 07:25:00,154.605,154.663,154.605,154.658,470.0,20,0.0
2025-11-12 07:30:00,154.659,154.667,154.593,154.604,359.0,20,0.0
2025-11-12 07:35:00,154.604,154.606,154.559,154.582,466.0,20,0.0
2025-11-12 07:40:00,154.583,154.679,154.578,154.653,278.0,20,0.0
2025-11-12 07:45:00,154.656,154.676,154.633,154.638,269.0,20,0.0
2025-11-12 07:50:00,154.639,154.642,154.593,154.605,136.0,20,0.0
2025-11-12 07:55:00,154.606,154.636,154.592,154.632,314.0,20,0.0
2025-11-12 08:00:00,154.641,154.661,154.628,154.648,260.0,20,0.0
2025-11-12 08:05:00,154.646,154.682,154.626,154.666,193.0,20,0.0
2025-11-12 08:10:00,154.667,154.745,154.667,154.731,198.0,20,0.0
2025-11-12 08:15:00,154.733,154.741,154.677,154.723,208.0,20,0.0
2025-11-12 08:20:00,154.724,154.724,154.639,154.643,297.0,20,0.0
2025-11-12 08:25:00,154.645,154.665,154.625,154.651,223.0,20,0.0
2025-11-12 08:30:00,154.652,154.668,154.621,154.667,141.0,20,0.0
2025-11-12 08:35:00,154.667,154.676,154.621,154.633,95.0,20,0.0
2025-11-12 08:40:00,154.633,154.668,154.63,154.668,121.0,20,0.0
2025-11-12 08:45:00,154.674,154.682,154.644,154.644,157.0,20,0.0
2025-11-12 08:50:00,154.645,154.646,154.584,154.601,243.0,21,0.0
2025-11-12 08:55:00,154.6,154.608,154.573,154.601,126.0,22,0.0
2025-11-12 09:00:00,154.602,154.618,154.577,154.592,236.0,20,0.0
2025-11-12 09:05:00,154.593,154.594,154.533,154.551,541.0,20,0.0
2025-11-12 09:10:00,154.552,154.566,154.528,154.561,280.0,20,0.0
2025-11-12 09:15:00,154.558,154.558,154.481,154.487,222.0,20,0.0
2025-11-12 09:20:00,154.488,154.56,154.488,154.557,273.0,20,0.0
2025-11-12 09:25:00,154.558,154.588,154.541,154.541,236.0,20,0.0
2025-11-12 09:30:00,154.54,154.616,154.536,154.615,247.0,20,0.0
2025-11-12 09:35:00,154.614,154.643,154.604,154.627,331.0,20,0.0
2025-11-12 09:40:00,154.63,154.66,154.61,154.625,196.0,20,0.0
2025-11-12 09:45:00,154.626,154.631,154.595,154.598,253.0,20,0.0
2025-11-12 09:50:00,154.596,154.647,154.583,154.629,251.0,20,0.0
2025-11-12 09:55:00,154.63,154.64,154.596,154.609,236.0,20,0.0
2025-11-12 10:00:00,154.608,154.678,154.606,154.645,634.0,20,0.0
2025-11-12 10:05:00,154.645,154.689,154.63,154.685,412.0,20,0.0
2025-11-12 10:10:00,154.686,154.737,154.674,154.734,333.0,20,0.0
2025-11-12 10:15:00,154.733,154.743,154.7,154.741,397.0,20,0.0
2025-11-12 10:20:00,154.739,154.751,154.646,154.686,510.0,20,0.0
2025-11-12 10:25:00,154.686,154.715,154.66,154.704,428.0,20,0.0
2025-11-12 10:30:00,154.705,154.72,154.634,154.635,438.0,20,0.0
2025-11-12 10:35:00,154.635,154.693,154.62,154.672,381.0,20,0.0
2025-11-12 10:40:00,154.674,154.707,154.654,154.699,390.0,20,0.0
2025-11-12 10:45:00,154.698,154.721,154.677,154.692,448.0,20,0.0
2025-11-12 10:50:00,154.693,154.748,154.69,154.731,416.0,20,0.0
2025-11-12 10:55:00,154.735,154.765,154.715,154.748,490.0,20,0.0
2025-11-12 11:00:00,154.747,154.77,154.693,154.715,455.0,20,0.0
2025-11-12 11:05:00,154.719,154.758,154.703,154.744,324.0,20,0.0
2025-11-12 11:10:00,154.748,154.797,154.744,154.795,515.0,20,0.0
2025-11-12 11:15:00,154.797,154.811,154.762,154.78,436.0,20,0.0
2025-11-12 11:20:00,154.779,154.81,154.775,154.809,323.0,20,0.0
2025-11-12 11:25:00,154.81,154.862,154.81,154.861,357.0,20,0.0
2025-11-12 11:30:00,154.861,154.897,154.847,154.872,398.0,20,0.0
2025-11-12 11:35:00,154.871,154.88,154.844,154.876,298.0,21,0.0
2025-11-12 11:40:00,154.876,154.894,154.854,154.854,353.0,20,0.0
2025-11-12 11:45:00,154.854,154.856,154.818,154.839,376.0,20,0.0
2025-11-12 11:50:00,154.835,154.86,154.828,154.858,450.0,20,0.0
2025-11-12 11:55:00,154.857,154.876,154.832,154.833,310.0,20,0.0
2025-11-12 12:00:00,154.833,154.86,154.774,154.778,439.0,20,0.0
2025-11-12 12:05:00,154.779,154.786,154.747,154.786,295.0,20,0.0
2025-11-12 12:10:00,154.785,154.837,154.781,154.831,308.0,20,0.0
2025-11-12 12:15:00,154.831,154.86,154.798,154.86,385.0,20,0.0
2025-11-12 12:20:00,154.86,154.889,154.852,154.884,255.0,20,0.0
2025-11-12 12:25:00,154.885,154.886,154.854,154.867,300.0,20,0.0
2025-11-12 12:30:00,154.867,154.888,154.839,154.869,304.0,20,0.0
2025-11-12 12:35:00,154.87,154.873,154.804,154.807,282.0,20,0.0
2025-11-12 12:40:00,154.806,154.832,154.793,154.826,123.0,20,0.0
2025-11-12 12:45:00,154.826,154.84,154.811,154.837,191.0,20,0.0
2025-11-12 12:50:00,154.838,154.85,154.823,154.825,197.0,20,0.0
2025-11-12 12:55:00,154.825,154.858,154.817,154.856,186.0,20,0.0
2025-11-12 13:00:00,154.854,154.878,154.843,154.861,168.0,20,0.0
2025-11-12 13:05:00,154.862,154.874,154.858,154.871,135.0,21,0.0
2025-11-12 13:10:00,154.873,154.876,154.845,154.849,118.0,20,0.0
2025-11-12 13:15:00,154.849,154.873,154.848,154.859,150.0,20,0.0
2025-11-12 13:20:00,154.858,154.875,154.834,154.851,200.0,20,0.0
2025-11-12 13:25:00,154.85,154.86,154.835,154.844,178.0,20,0.0
2025-11-12 13:30:00,154.836,154.848,154.8,154.835,259.0,20,0.0
2025-11-12 13:35:00,154.835,154.846,154.81,154.839,174.0,20,0.0
2025-11-12 13:40:00,154.84,154.846,154.822,154.833,162.0,20,0.0
2025-11-12 13:45:00,154.832,154.862,154.825,154.858,238.0,20,0.0
2025-11-12 13:50:00,154.859,154.861,154.836,154.839,243.0,20,0.0
2025-11-12 13:55:00,154.839,154.852,154.793,154.794,277.0,20,0.0
2025-11-12 14:00:00,154.794,154.821,154.774,154.775,353.0,20,0.0
2025-11-12 14:05:00,154.775,154.788,154.751,154.774,370.0,20,0.0
2025-11-12 14:10:00,154.764,154.773,154.742,154.745,302.0,20,0.0
2025-11-12 14:15:00,154.744,154.772,154.741,154.762,177.0,21,0.0
2025-11-12 14:20:00,154.763,154.765,154.695,154.704,297.0,20,0.0
2025-11-12 14:25:00,154.704,154.731,154.694,154.729,211.0,20,0.0
2025-11-12 14:30:00,154.729,154.766,154.726,154.762,260.0,20,0.0
2025-11-12 14:35:00,154.761,154.762,154.724,154.75,231.0,20,0.0
2025-11-12 14:40:00,154.75,154.765,154.732,154.753,184.0,20,0.0
2025-11-12 14:45:00,154.753,154.776,154.736,154.775,237.0,20,0.0
2025-11-12 14:50:00,154.775,154.79,154.745,154.79,221.0,21,0.0
2025-11-12 14:55:00,154.791,154.825,154.787,154.798,424.0,20,0.0
2025-11-12 15:00:00,154.797,154.797,154.754,154.778,430.0,20,0.0
2025-11-12 15:05:00,154.776,154.807,154.765,154.783,261.0,20,0.0
2025-11-12 15:10:00,154.786,154.843,154.781,154.839,384.0,20,0.0
2025-11-12 15:15:00,154.839,154.878,154.821,154.873,416.0,20,0.0
2025-11-12 15:20:00,154.871,154.917,154.849,154.913,532.0,20,0.0
2025-11-12 15:25:00,154.914,154.936,154.886,154.935,336.0,20,0.0
2025-11-12 15:30:00,154.934,154.967,154.928,154.963,435.0,20,0.0
2025-11-12 15:35:00,154.963,154.983,154.942,154.971,411.0,20,0.0
2025-11-12 15:40:00,154.973,154.975,154.941,154.943,392.0,20,0.0
2025-11-12 15:45:00,154.944,154.958,154.914,154.956,256.0,20,0.0
2025-11-12 15:50:00,154.956,154.962,154.922,154.931,225.0,20,0.0
2025-11-12 15:55:00,154.933,154.952,154.916,154.931,434.0,20,0.0
2025-11-12 16:00:00,154.931,154.941,154.879,154.899,613.0,20,0.0
2025-11-12 16:05:00,154.9,154.925,154.872,154.924,406.0,20,0.0
2025-11-12 16:10:00,154.923,154.971,154.921,154.955,241.0,20,0.0
2025-11-12 16:15:00,154.956,154.986,154.937,154.946,401.0,20,0.0
2025-11-12 16:20:00,154.947,154.99,154.945,154.989,380.0,20,0.0
2025-11-12 16:25:00,154.989,155.035,154.952,154.995,768.0,20,0.0
2025-11-12 16:30:00,154.994,155.004,154.902,154.967,803.0,20,0.0
2025-11-12 16:35:00,154.968,155.005,154.955,154.981,624.0,20,0.0
2025-11-12 16:40:00,154.98,154.991,154.929,154.941,486.0,20,0.0
2025-11-12 16:45:00,154.942,154.967,154.894,154.895,676.0,20,0.0
2025-11-12 16:50:00,154.884,154.914,154.862,154.901,611.0,20,0.0
2025-11-12 16:55:00,154.9,154.9,154.849,154.859,625.0,20,0.0
2025-11-12 17:00:00,154.858,154.913,154.811,154.908,670.0,20,0.0
2025-11-12 17:05:00,154.907,154.907,154.83,154.851,445.0,20,0.0
2025-11-12 17:10:00,154.85,154.875,154.836,154.858,493.0,20,0.0
2025-11-12 17:15:00,154.858,154.862,154.8,154.813,508.0,20,0.0
2025-11-12 17:20:00,154.814,154.852,154.8,154.815,394.0,20,0.0
2025-11-12 17:25:00,154.816,154.838,154.794,154.827,355.0,20,0.0
2025-11-12 17:30:00,154.827,154.842,154.793,154.801,396.0,20,0.0
2025-11-12 17:35:00,154.802,154.839,154.778,154.826,406.0,20,0.0
2025-11-12 17:40:00,154.827,154.838,154.79,154.815,578.0,20,0.0
2025-11-12 17:45:00,154.814,154.828,154.789,154.8,457.0,20,0.0
2025-11-12 17:50:00,154.801,154.806,154.747,154.767,593.0,20,0.0
2025-11-12 17:55:00,154.767,154.769,154.721,154.729,813.0,20,0.0
2025-11-12 18:00:00,154.73,154.732,154.693,154.722,618.0,20,0.0
2025-11-12 18:05:00,154.72,154.745,154.702,154.705,317.0,20,0.0
2025-11-12 18:10:00,154.702,154.719,154.661,154.679,400.0,20,0.0
2025-11-12 18:15:00,154.679,154.759,154.676,154.721,329.0,20,0.0
2025-11-12 18:20:00,154.722,154.741,154.7,154.721,399.0,20,0.0
2025-11-12 18:25:00,154.727,154.747,154.719,154.746,225.0,20,0.0
2025-11-12 18:30:00,154.745,154.765,154.708,154.709,330.0,20,0.0
2025-11-12 18:35:00,154.708,154.734,154.705,154.721,207.0,20,0.0
2025-11-12 18:40:00,154.721,154.722,154.667,154.673,240.0,20,0.0
2025-11-12 18:45:00,154.672,154.688,154.644,154.656,346.0,20,0.0
2025-11-12 18:50:00,154.66,154.7,154.655,154.663,489.0,20,0.0
2025-11-12 18:55:00,154.662,154.672,154.636,154.637,222.0,20,0.0
2025-11-12 19:00:00,154.637,154.637,154.564,154.564,368.0,20,0.0
2025-11-12 19:05:00,154.565,154.566,154.513,154.514,481.0,20,0.0
2025-11-12 19:10:00,154.515,154.552,154.486,154.537,353.0,20,0.0
2025-11-12 19:15:00,154.54,154.554,154.495,154.519,350.0,20,0.0
2025-11-12 19:20:00,154.519,154.546,154.513,154.531,306.0,20,0.0
2025-11-12 19:25:00,154.532,154.569,154.526,154.568,239.0,20,0.0
2025-11-12 19:30:00,154.567,154.606,154.562,154.591,317.0,20,0.0
2025-11-12 19:35:00,154.592,154.618,154.588,154.591,221.0,20,0.0
2025-11-12 19:40:00,154.589,154.613,154.588,154.605,192.0,20,0.0
2025-11-12 19:45:00,154.604,154.625,154.589,154.59,222.0,20,0.0
2025-11-12 19:50:00,154.59,154.605,154.581,154.603,139.0,20,0.0
2025-11-12 19:55:00,154.603,154.617,154.581,154.586,218.0,20,0.0
2025-11-12 20:00:00,154.587,154.616,154.571,154.602,272.0,20,0.0
2025-11-12 20:05:00,154.602,154.615,154.57,154.57,229.0,20,0.0
2025-11-12 20:10:00,154.571,154.618,154.571,154.61,135.0,21,0.0
2025-11-12 20:15:00,154.609,154.652,154.604,154.647,179.0,20,0.0
2025-11-12 20:20:00,154.648,154.65,154.601,154.62,277.0,20,0.0
2025-11-12 20:25:00,154.621,154.631,154.601,154.613,135.0,20,0.0
2025-11-12 20:30:00,154.613,154.631,154.604,154.63,232.0,20,0.0
2025-11-12 20:35:00,154.63,154.638,154.615,154.616,124.0,20,0.0
2025-11-12 20:40:00,154.62,154.629,154.616,154.616,71.0,21,0.0
2025-11-12 20:45:00,154.616,154.628,154.612,154.613,143.0,20,0.0
2025-11-12 20:50:00,154.612,154.628,154.611,154.628,131.0,20,0.0
2025-11-12 20:55:00,154.626,154.678,154.625,154.675,232.0,20,0.0
2025-11-12 21:00:00,154.675,154.68,154.662,154.675,312.0,20,0.0
2025-11-12 21:05:00,154.676,154.687,154.662,154.672,209.0,21,0.0
2025-11-12 21:10:00,154.671,154.681,154.667,154.671,234.0,21,0.0
2025-11-12 21:15:00,154.671,154.686,154.659,154.667,223.0,21,0.0
2025-11-12 21:20:00,154.667,154.668,154.637,154.638,181.0,20,0.0
2025-11-12 21:25:00,154.639,154.661,154.622,154.626,199.0,20,0.0
2025-11-12 21:30:00,154.627,154.633,154.598,154.601,280.0,20,0.0
2025-11-12 21:35:00,154.602,154.623,154.6,154.622,181.0,20,0.0
2025-11-12 21:40:00,154.622,154.642,154.614,154.637,222.0,20,0.0
2025-11-12 21:45:00,154.636,154.668,154.636,154.663,236.0,20,0.0
2025-11-12 21:50:00,154.662,154.677,154.65,154.675,211.0,20,0.0
2025-11-12 21:55:00,154.681,154.72,154.678,154.708,290.0,20,0.0
2025-11-12 22:00:00,154.708,154.725,154.696,154.701,143.0,20,0.0
2025-11-12 22:05:00,154.7,154.718,154.682,154.706,136.0,20,0.0
2025-11-12 22:10:00,154.707,154.721,154.685,154.694,148.0,21,0.0
2025-11-12 22:15:00,154.694,154.714,154.685,154.713,91.0,21,0.0
2025-11-12 22:20:00,154.716,154.725,154.708,154.717,114.0,20,0.0
2025-11-12 22:25:00,154.721,154.733,154.709,154.723,123.0,21,0.0
2025-11-12 22:30:00,154.723,154.735,154.704,154.706,79.0,20,0.0
2025-11-12 22:35:00,154.705,154.732,154.705,154.731,203.0,20,0.0
2025-11-12 22:40:00,154.731,154.731,154.716,154.731,125.0,20,0.0
2025-11-12 22:45:00,154.731,154.748,154.726,154.746,63.0,21,0.0
2025-11-12 22:50:00,154.747,154.757,154.726,154.727,100.0,20,0.0
2025-11-12 22:55:00,154.726,154.748,154.712,154.748,175.0,20,0.0
2025-11-12 23:00:00,154.749,154.789,154.749,154.782,185.0,20,0.0
2025-11-12 23:05:00,154.784,154.793,154.779,154.787,158.0,20,0.0
2025-11-12 23:10:00,154.79,154.833,154.79,154.816,148.0,20,0.0
2025-11-12 23:15:00,154.815,154.82,154.792,154.795,122.0,20,0.0
2025-11-12 23:20:00,154.795,154.857,154.794,154.827,178.0,20,0.0
2025-11-12 23:25:00,154.825,154.829,154.798,154.814,107.0,20,0.0
2025-11-12 23:30:00,154.814,154.819,154.8,154.811,83.0,21,0.0
2025-11-12 23:35:00,154.81,154.815,154.784,154.785,81.0,23,0.0
2025-11-12 23:40:00,154.786,154.813,154.786,154.812,92.0,21,0.0
2025-11-12 23:45:00,154.812,154.824,154.807,154.812,148.0,23,0.0
2025-11-12 23:50:00,154.811,154.817,154.789,154.798,218.0,24,0.0
2025-11-12 23:55:00,154.798,154.814,154.763,154.77,532.0,25,0.0
2025-11-13 00:00:00,154.767,154.794,154.726,154.735,15.0,56,0.0
2025-11-13 00:05:00,154.721,154.774,154.721,154.767,33.0,57,0.0
2025-11-13 00:10:00,154.767,154.774,154.761,154.764,31.0,29,0.0
2025-11-13 00:15:00,154.764,154.766,154.762,154.764,21.0,51,0.0
2025-11-13 00:20:00,154.763,154.77,154.751,154.753,82.0,44,0.0
2025-11-13 00:25:00,154.753,154.759,154.741,154.757,20.0,46,0.0
2025-11-13 00:30:00,154.756,154.759,154.725,154.745,86.0,39,0.0
2025-11-13 00:35:00,154.744,154.746,154.728,154.735,81.0,37,0.0
2025-11-13 00:40:00,154.731,154.742,154.721,154.722,84.0,46,0.0
2025-11-13 00:45:00,154.721,154.726,154.714,154.718,64.0,45,0.0
2025-11-13 00:50:00,154.719,154.719,154.692,154.697,209.0,43,0.0
2025-11-13 00:55:00,154.695,154.698,154.688,154.694,251.0,45,0.0
2025-11-13 01:00:00,154.695,154.709,154.687,154.688,172.0,28,0.0
2025-11-13 01:05:00,154.687,154.696,154.683,154.694,103.0,27,0.0
2025-11-13 01:10:00,154.696,154.747,154.696,154.741,248.0,22,0.0
2025-11-13 01:15:00,154.743,154.743,154.719,154.719,143.0,20,0.0
2025-11-13 01:20:00,154.72,154.732,154.689,154.72,114.0,23,0.0
2025-11-13 01:25:00,154.716,154.731,154.708,154.719,53.0,24,0.0
2025-11-13 01:30:00,154.719,154.727,154.697,154.701,95.0,22,0.0
2025-11-13 01:35:00,154.701,154.729,154.694,154.726,106.0,20,0.0
2025-11-13 01:40:00,154.726,154.737,154.719,154.725,86.0,21,0.0
2025-11-13 01:45:00,154.724,154.744,154.717,154.73,165.0,21,0.0
2025-11-13 01:50:00,154.731,154.731,154.679,154.699,221.0,22,0.0
2025-11-13 01:55:00,154.699,154.717,154.695,154.696,95.0,20,0.0
2025-11-13 02:00:00,154.697,154.833,154.684,154.833,450.0,20,0.0
2025-11-13 02:05:00,154.831,154.852,154.803,154.825,474.0,20,0.0
2025-11-13 02:10:00,154.827,154.838,154.798,154.83,540.0,20,0.0
2025-11-13 02:15:00,154.833,154.868,154.8,154.8,421.0,20,0.0
2025-11-13 02:20:00,154.8,154.82,154.754,154.754,296.0,20,0.0
2025-11-13 02:25:00,154.746,154.787,154.731,154.779,243.0,21,0.0
2025-11-13 02:30:00,154.775,154.841,154.769,154.805,700.0,20,0.0
2025-11-13 02:35:00,154.804,154.82,154.721,154.767,483.0,20,0.0
2025-11-13 02:40:00,154.767,154.835,154.761,154.828,274.0,20,0.0
2025-11-13 02:45:00,154.818,154.857,154.804,154.832,447.0,20,0.0
2025-11-13 02:50:00,154.831,154.94,154.807,154.929,756.0,20,0.0
2025-11-13 02:55:00,154.928,154.948,154.905,154.932,427.0,20,0.0
2025-11-13 03:00:00,154.933,154.962,154.914,154.944,486.0,20,0.0
2025-11-13 03:05:00,154.948,154.978,154.937,154.944,469.0,20,0.0
2025-11-13 03:10:00,154.946,154.982,154.921,154.968,531.0,20,0.0
2025-11-13 03:15:00,154.969,155.007,154.889,154.935,593.0,20,0.0
2025-11-13 03:20:00,154.934,154.954,154.873,154.9,367.0,20,0.0
2025-11-13 03:25:00,154.899,154.955,154.898,154.898,461.0,21,0.0
2025-11-13 03:30:00,154.898,154.931,154.888,154.894,376.0,20,0.0
2025-11-13 03:35:00,154.894,154.933,154.888,154.91,366.0,20,0.0
2025-11-13 03:40:00,154.911,154.915,154.876,154.885,250.0,21,0.0
2025-11-13 03:45:00,154.885,154.894,154.849,154.854,360.0,20,0.0
2025-11-13 03:50:00,154.853,154.854,154.775,154.799,354.0,20,0.0
2025-11-13 03:55:00,154.801,154.808,154.695,154.723,380.0,20,0.0
2025-11-13 04:00:00,154.722,154.722,154.613,154.656,355.0,20,0.0
2025-11-13 04:05:00,154.655,154.684,154.629,154.648,375.0,20,0.0
2025-11-13 04:10:00,154.647,154.692,154.647,154.685,476.0,20,0.0
2025-11-13 04:15:00,154.685,154.741,154.684,154.725,482.0,20,0.0
2025-11-13 04:20:00,154.726,154.761,154.715,154.75,236.0,20,0.0
2025-11-13 04:25:00,154.749,154.781,154.72,154.758,200.0,20,0.0
2025-11-13 04:30:00,154.759,154.771,154.711,154.713,279.0,20,0.0
2025-11-13 04:35:00,154.712,154.759,154.696,154.757,231.0,20,0.0
2025-11-13 04:40:00,154.752,154.752,154.705,154.705,168.0,20,0.0
2025-11-13 04:45:00,154.71,154.733,154.69,154.728,180.0,21,0.0
2025-11-13 04:50:00,154.724,154.725,154.681,154.686,165.0,21,0.0
2025-11-13 04:55:00,154.69,154.69,154.634,154.648,206.0,20,0.0
2025-11-13 05:00:00,154.648,154.674,154.613,154.673,210.0,20,0.0
2025-11-13 05:05:00,154.673,154.69,154.638,154.642,148.0,20,0.0
2025-11-13 05:10:00,154.643,154.667,154.64,154.653,131.0,20,0.0
2025-11-13 05:15:00,154.652,154.699,154.652,154.696,145.0,20,0.0
2025-11-13 05:20:00,154.696,154.696,154.664,154.683,117.0,21,0.0
2025-11-13 05:25:00,154.691,154.715,154.674,154.71,206.0,20,0.0
2025-11-13 05:30:00,154.711,154.728,154.707,154.726,214.0,20,0.0
2025-11-13 05:35:00,154.726,154.736,154.711,154.716,115.0,20,0.0
2025-11-13 05:40:00,154.717,154.737,154.713,154.733,139.0,20,0.0
2025-11-13 05:45:00,154.739,154.751,154.733,154.737,240.0,20,0.0
2025-11-13 05:50:00,154.736,154.75,154.731,154.738,164.0,20,0.0
2025-11-13 05:55:00,154.738,154.741,154.724,154.726,233.0,20,0.0
2025-11-13 06:00:00,154.726,154.729,154.694,154.695,179.0,20,0.0
2025-11-13 06:05:00,154.695,154.696,154.634,154.636,326.0,20,0.0
2025-11-13 06:10:00,154.635,154.68,154.634,154.669,251.0,20,0.0
2025-11-13 06:15:00,154.67,154.752,154.669,154.748,252.0,20,0.0
2025-11-13 06:20:00,154.749,154.808,154.746,154.803,213.0,20,0.0
2025-11-13 06:25:00,154.806,154.834,154.806,154.81,165.0,20,0.0
2025-11-13 06:30:00,154.81,154.825,154.79,154.818,157.0,20,0.0
2025-11-13 06:35:00,154.819,154.839,154.817,154.834,179.0,20,0.0
2025-11-13 06:40:00,154.833,154.838,154.812,154.836,180.0,20,0.0
2025-11-13 06:45:00,154.837,154.842,154.826,154.842,148.0,20,0.0
2025-11-13 06:50:00,154.841,154.844,154.814,154.835,253.0,20,0.0
2025-11-13 06:55:00,154.836,154.843,154.808,154.809,163.0,21,0.0
2025-11-13 07:00:00,154.81,154.824,154.801,154.82,256.0,20,0.0
2025-11-13 07:05:00,154.82,154.883,154.817,154.88,235.0,20,0.0
2025-11-13 07:10:00,154.879,154.887,154.859,154.866,232.0,20,0.0
2025-11-13 07:15:00,154.867,154.869,154.841,154.85,118.0,20,0.0
2025-11-13 07:20:00,154.851,154.88,154.851,154.865,99.0,21,0.0
2025-11-13 07:25:00,154.862,154.896,154.861,154.889,77.0,20,0.0
2025-11-13 07:30:00,154.889,154.889,154.866,154.88,186.0,20,0.0
2025-11-13 07:35:00,154.88,154.921,154.88,154.899,184.0,20,0.0
2025-11-13 07:40:00,154.899,154.937,154.895,154.933,201.0,20,0.0
2025-11-13 07:45:00,154.933,154.933,154.912,154.916,186.0,20,0.0
2025-11-13 07:50:00,154.918,154.958,154.918,154.95,174.0,20,0.0
2025-11-13 07:55:00,154.95,154.991,154.941,154.943,443.0,20,0.0
2025-11-13 08:00:00,154.946,154.946,154.897,154.911,469.0,20,0.0
2025-11-13 08:05:00,154.912,154.937,154.887,154.923,422.0,20,0.0
2025-11-13 08:10:00,154.923,154.931,154.895,154.924,283.0,21,0.0
2025-11-13 08:15:00,154.923,154.937,154.896,154.899,247.0,20,0.0
2025-11-13 08:20:00,154.9,154.91,154.853,154.888,232.0,20,0.0
2025-11-13 08:25:00,154.887,154.94,154.885,154.939,176.0,20,0.0
2025-11-13 08:30:00,154.939,154.97,154.922,154.965,308.0,21,0.0
2025-11-13 08:35:00,154.965,154.997,154.949,154.964,277.0,20,0.0
2025-11-13 08:40:00,154.963,154.964,154.91,154.927,242.0,20,0.0
2025-11-13 08:45:00,154.927,154.94,154.91,154.913,157.0,20,0.0
2025-11-13 08:50:00,154.914,154.923,154.891,154.898,168.0,20,0.0
2025-11-13 08:55:00,154.899,154.899,154.873,154.879,175.0,20,0.0
2025-11-13 09:00:00,154.881,154.916,154.881,154.896,271.0,20,0.0
2025-11-13 09:05:00,154.898,154.939,154.897,154.92,261.0,20,0.0
2025-11-13 09:10:00,154.92,154.932,154.894,154.911,268.0,20,0.0
2025-11-13 09:15:00,154.911,154.943,154.907,154.914,269.0,20,0.0
2025-11-13 09:20:00,154.913,154.915,154.862,154.875,324.0,20,0.0
2025-11-13 09:25:00,154.876,154.88,154.792,154.796,393.0,20,0.0
2025-11-13 09:30:00,154.797,154.804,154.75,154.774,420.0,20,0.0
2025-11-13 09:35:00,154.775,154.794,154.742,154.742,265.0,20,0.0
2025-11-13 09:40:00,154.741,154.844,154.725,154.835,414.0,20,0.0
2025-11-13 09:45:00,154.837,154.842,154.752,154.771,355.0,20,0.0
2025-11-13 09:50:00,154.77,154.777,154.734,154.77,328.0,20,0.0
2025-11-13 09:55:00,154.77,154.782,154.692,154.705,342.0,20,0.0
2025-11-13 10:00:00,154.706,154.736,154.663,154.714,600.0,20,0.0
2025-11-13 10:05:00,154.715,154.764,154.706,154.736,402.0,20,0.0
2025-11-13 10:10:00,154.733,154.761,154.715,154.726,261.0,20,0.0
2025-11-13 10:15:00,154.724,154.764,154.71,154.71,313.0,21,0.0
2025-11-13 10:20:00,154.706,154.739,154.667,154.735,530.0,20,0.0
2025-11-13 10:25:00,154.734,154.734,154.667,154.684,331.0,20,0.0
2025-11-13 10:30:00,154.682,154.682,154.57,154.572,527.0,20,0.0
2025-11-13 10:35:00,154.572,154.642,154.559,154.642,309.0,20,0.0
2025-11-13 10:40:00,154.644,154.678,154.582,154.584,377.0,20,0.0
2025-11-13 10:45:00,154.584,154.624,154.552,154.615,434.0,20,0.0
2025-11-13 10:50:00,154.616,154.645,154.549,154.592,450.0,20,0.0
2025-11-13 10:55:00,154.589,154.592,154.502,154.509,502.0,20,0.0
2025-11-13 11:00:00,154.513,154.567,154.483,154.564,583.0,20,0.0
2025-11-13 11:05:00,154.564,154.577,154.397,154.404,703.0,20,0.0
2025-11-13 11:10:00,154.405,154.425,154.354,154.42,758.0,20,0.0
2025-11-13 11:15:00,154.421,154.47,154.396,154.442,635.0,20,0.0
2025-11-13 11:20:00,154.44,154.458,154.371,154.382,354.0,20,0.0
2025-11-13 11:25:00,154.383,154.402,154.348,154.355,348.0,20,0.0
2025-11-13 11:30:00,154.354,154.433,154.313,154.429,515.0,20,0.0
2025-11-13 11:35:00,154.429,154.476,154.411,154.453,423.0,20,0.0
2025-11-13 11:40:00,154.454,154.528,154.452,154.491,342.0,20,0.0
2025-11-13 11:45:00,154.489,154.513,154.452,154.474,238.0,20,0.0
2025-11-13 11:50:00,154.472,154.521,154.462,154.475,264.0,20,0.0
2025-11-13 11:55:00,154.476,154.53,154.476,154.518,221.0,20,0.0
2025-11-13 12:00:00,154.519,154.553,154.477,154.478,333.0,20,0.0
2025-11-13 12:05:00,154.477,154.528,154.473,154.526,297.0,20,0.0
2025-11-13 12:10:00,154.525,154.532,154.494,154.508,321.0,20,0.0
2025-11-13 12:15:00,154.505,154.554,154.502,154.532,358.0,21,0.0
2025-11-13 12:20:00,154.531,154.542,154.508,154.532,297.0,20,0.0
2025-11-13 12:25:00,154.532,154.563,154.531,154.556,247.0,21,0.0
2025-11-13 12:30:00,154.556,154.6,154.549,154.58,323.0,20,0.0
2025-11-13 12:35:00,154.58,154.614,154.58,154.607,252.0,20,0.0
2025-11-13 12:40:00,154.607,154.636,154.589,154.627,300.0,20,0.0
2025-11-13 12:45:00,154.628,154.637,154.593,154.628,234.0,20,0.0
2025-11-13 12:50:00,154.629,154.651,154.627,154.639,229.0,20,0.0
2025-11-13 12:55:00,154.641,154.667,154.631,154.647,237.0,20,0.0
2025-11-13 13:00:00,154.646,154.673,154.631,154.661,371.0,20,0.0
2025-11-13 13:05:00,154.66,154.665,154.639,154.65,156.0,21,0.0
2025-11-13 13:10:00,154.65,154.687,154.648,154.685,103.0,20,0.0
2025-11-13 13:15:00,154.686,154.734,154.679,154.727,273.0,20,0.0
2025-11-13 13:20:00,154.726,154.733,154.699,154.699,205.0,20,0.0
2025-11-13 13:25:00,154.699,154.71,154.689,154.709,190.0,20,0.0
2025-11-13 13:30:00,154.71,154.731,154.666,154.668,230.0,20,0.0
2025-11-13 13:35:00,154.671,154.685,154.659,154.683,193.0,20,0.0
2025-11-13 13:40:00,154.683,154.708,154.671,154.708,187.0,20,0.0
2025-11-13 13:45:00,154.708,154.728,154.689,154.721,337.0,20,0.0
2025-11-13 13:50:00,154.73,154.754,154.716,154.743,287.0,20,0.0
2025-11-13 13:55:00,154.743,154.749,154.71,154.731,319.0,20,0.0
2025-11-13 14:00:00,154.73,154.744,154.699,154.721,277.0,20,0.0
2025-11-13 14:05:00,154.722,154.731,154.709,154.712,203.0,20,0.0
2025-11-13 14:10:00,154.712,154.72,154.696,154.715,158.0,20,0.0
2025-11-13 14:15:00,154.716,154.738,154.708,154.716,217.0,20,0.0
2025-11-13 14:20:00,154.717,154.717,154.674,154.686,261.0,20,0.0
2025-11-13 14:25:00,154.69,154.713,154.678,154.695,224.0,21,0.0
2025-11-13 14:30:00,154.695,154.697,154.672,154.673,161.0,20,0.0
2025-11-13 14:35:00,154.672,154.679,154.597,154.635,505.0,20,0.0
2025-11-13 14:40:00,154.637,154.673,154.633,154.668,224.0,20,0.0
2025-11-13 14:45:00,154.667,154.675,154.641,154.649,223.0,20,0.0
2025-11-13 14:50:00,154.645,154.649,154.607,154.61,244.0,20,0.0
2025-11-13 14:55:00,154.611,154.64,154.58,154.597,310.0,20,0.0
2025-11-13 15:00:00,154.595,154.595,154.542,154.561,536.0,20,0.0
2025-11-13 15:05:00,154.56,154.588,154.529,154.543,423.0,20,0.0
2025-11-13 15:10:00,154.544,154.58,154.541,154.557,376.0,20,0.0
2025-11-13 15:15:00,154.556,154.61,154.556,154.605,260.0,20,0.0
2025-11-13 15:20:00,154.606,154.668,154.606,154.662,440.0,20,0.0
2025-11-13 15:25:00,154.654,154.702,154.648,154.702,253.0,21,0.0
2025-11-13 15:30:00,154.703,154.723,154.672,154.681,454.0,20,0.0
2025-11-13 15:35:00,154.68,154.719,154.661,154.709,630.0,20,0.0
2025-11-13 15:40:00,154.708,154.722,154.691,154.707,362.0,20,0.0
2025-11-13 15:45:00,154.708,154.729,154.685,154.688,347.0,20,0.0
2025-11-13 15:50:00,154.689,154.7,154.657,154.675,364.0,21,0.0
2025-11-13 15:55:00,154.675,154.675,154.629,154.637,483.0,20,0.0
2025-11-13 16:00:00,154.637,154.641,154.595,154.603,402.0,21,0.0
2025-11-13 16:05:00,154.603,154.63,154.589,154.613,506.0,20,0.0
2025-11-13 16:10:00,154.613,154.666,154.613,154.662,485.0,20,0.0
2025-11-13 16:15:00,154.661,154.661,154.61,154.611,280.0,20,0.0
2025-11-13 16:20:00,154.61,154.665,154.605,154.655,463.0,20,0.0
2025-11-13 16:25:00,154.655,154.662,154.614,154.624,413.0,20,0.0
2025-11-13 16:30:00,154.625,154.628,154.545,154.546,615.0,20,0.0
2025-11-13 16:35:00,154.545,154.546,154.424,154.452,896.0,20,0.0
2025-11-13 16:40:00,154.451,154.486,154.404,154.44,696.0,20,0.0
2025-11-13 16:45:00,154.439,154.474,154.379,154.413,979.0,20,0.0
2025-11-13 16:50:00,154.414,154.476,154.406,154.434,781.0,20,0.0
2025-11-13 16:55:00,154.435,154.465,154.383,154.385,714.0,20,0.0
2025-11-13 17:00:00,154.387,154.449,154.371,154.377,755.0,20,0.0
2025-11-13 17:05:00,154.378,154.475,154.352,154.47,742.0,20,0.0
2025-11-13 17:10:00,154.469,154.492,154.424,154.492,487.0,20,0.0
2025-11-13 17:15:00,154.491,154.521,154.481,154.507,516.0,20,0.0
2025-11-13 17:20:00,154.508,154.529,154.445,154.452,660.0,20,0.0
2025-11-13 17:25:00,154.451,154.474,154.398,154.403,546.0,20,0.0
2025-11-13 17:30:00,154.403,154.403,154.306,154.306,620.0,20,0.0
2025-11-13 17:35:00,154.305,154.357,154.263,154.275,795.0,20,0.0
2025-11-13 17:40:00,154.273,154.285,154.205,154.209,702.0,20,0.0
2025-11-13 17:45:00,154.205,154.24,154.174,154.195,709.0,20,0.0
2025-11-13 17:50:00,154.194,154.239,154.131,154.143,616.0,20,0.0
2025-11-13 17:55:00,154.144,154.191,154.117,154.191,675.0,20,0.0
2025-11-13 18:00:00,154.191,154.25,154.182,154.202,1014.0,20,0.0
2025-11-13 18:05:00,154.203,154.289,154.149,154.286,687.0,20,0.0
2025-11-13 18:10:00,154.285,154.311,154.247,154.295,654.0,20,0.0
2025-11-13 18:15:00,154.298,154.344,154.286,154.332,649.0,20,0.0
2025-11-13 18:20:00,154.331,154.38,154.296,154.325,593.0,20,0.0
2025-11-13 18:25:00,154.321,154.343,154.284,154.327,590.0,20,0.0
2025-11-13 18:30:00,154.327,154.367,154.32,154.336,702.0,20,0.0
2025-11-13 18:35:00,154.335,154.347,154.288,154.294,588.0,20,0.0
2025-11-13 18:40:00,154.295,154.32,154.268,154.273,616.0,20,0.0
2025-11-13 18:45:00,154.27,154.326,154.245,154.32,652.0,20,0.0
2025-11-13 18:50:00,154.318,154.425,154.307,154.405,539.0,20,0.0
2025-11-13 18:55:00,154.404,154.417,154.374,154.388,527.0,21,0.0
2025-11-13 19:00:00,154.387,154.461,154.383,154.44,665.0,20,0.0
2025-11-13 19:05:00,154.44,154.445,154.341,154.349,531.0,20,0.0
2025-11-13 19:10:00,154.349,154.361,154.325,154.35,628.0,20,0.0
2025-11-13 19:15:00,154.35,154.38,154.316,154.319,587.0,20,0.0
2025-11-13 19:20:00,154.321,154.34,154.292,154.295,569.0,20,0.0
2025-11-13 19:25:00,154.292,154.292,154.236,154.248,631.0,20,0.0
2025-11-13 19:30:00,154.247,154.293,154.241,154.287,381.0,20,0.0
2025-11-13 19:35:00,154.287,154.309,154.26,154.294,405.0,20,0.0
2025-11-13 19:40:00,154.296,154.306,154.252,154.252,472.0,20,0.0
2025-11-13 19:45:00,154.252,154.348,154.244,154.299,533.0,20,0.0
2025-11-13 19:50:00,154.299,154.368,154.226,154.355,736.0,20,0.0
2025-11-13 19:55:00,154.355,154.364,154.301,154.307,541.0,20,0.0
2025-11-13 20:00:00,154.306,154.362,154.276,154.282,460.0,20,0.0
2025-11-13 20:05:00,154.282,154.362,154.27,154.354,391.0,20,0.0
2025-11-13 20:10:00,154.354,154.395,154.342,154.354,452.0,20,0.0
2025-11-13 20:15:00,154.355,154.361,154.304,154.305,388.0,22,0.0
2025-11-13 20:20:00,154.305,154.32,154.264,154.314,416.0,20,0.0
2025-11-13 20:25:00,154.313,154.317,154.279,154.298,342.0,20,0.0
2025-11-13 20:30:00,154.297,154.358,154.285,154.339,380.0,20,0.0
2025-11-13 20:35:00,154.338,154.356,154.323,154.336,396.0,20,0.0
2025-11-13 20:40:00,154.336,154.365,154.319,154.354,475.0,21,0.0
2025-11-13 20:45:00,154.354,154.388,154.348,154.385,525.0,20,0.0
2025-11-13 20:50:00,154.392,154.432,154.378,154.409,492.0,21,0.0
2025-11-13 20:55:00,154.41,154.426,154.392,154.411,369.0,20,0.0
2025-11-13 21:00:00,154.412,154.435,154.381,154.405,249.0,20,0.0
2025-11-13 21:05:00,154.404,154.415,154.366,154.39,248.0,21,0.0
2025-11-13 21:10:00,154.391,154.392,154.342,154.361,323.0,20,0.0
2025-11-13 21:15:00,154.36,154.389,154.351,154.369,414.0,20,0.0
2025-11-13 21:20:00,154.369,154.415,154.363,154.39,564.0,20,0.0
2025-11-13 21:25:00,154.391,154.465,154.388,154.461,405.0,20,0.0
2025-11-13 21:30:00,154.462,154.474,154.433,154.45,348.0,20,0.0
2025-11-13 21:35:00,154.449,154.455,154.411,154.434,354.0,20,0.0
2025-11-13 21:40:00,154.433,154.436,154.4,154.422,413.0,20,0.0
2025-11-13 21:45:00,154.423,154.43,154.401,154.427,334.0,20,0.0
2025-11-13 21:50:00,154.427,154.438,154.386,154.402,251.0,20,0.0
2025-11-13 21:55:00,154.402,154.471,154.391,154.46,292.0,20,0.0
2025-11-13 22:00:00,154.461,154.496,154.449,154.461,661.0,20,0.0
2025-11-13 22:05:00,154.462,154.509,154.462,154.486,372.0,20,0.0
2025-11-13 22:10:00,154.487,154.51,154.468,154.507,478.0,20,0.0
2025-11-13 22:15:00,154.507,154.516,154.48,154.504,322.0,20,0.0
2025-11-13 22:20:00,154.503,154.503,154.474,154.484,258.0,20,0.0
2025-11-13 22:25:00,154.484,154.503,154.471,154.502,454.0,20,0.0
2025-11-13 22:30:00,154.502,154.515,154.49,154.494,460.0,20,0.0
2025-11-13 22:35:00,154.494,154.508,154.469,154.499,475.0,20,0.0
2025-11-13 22:40:00,154.501,154.505,154.475,154.5,318.0,22,0.0
2025-11-13 22:45:00,154.5,154.514,154.483,154.488,197.0,20,0.0
2025-11-13 22:50:00,154.491,154.51,154.474,154.478,238.0,21,0.0
2025-11-13 22:55:00,154.479,154.531,154.479,154.531,500.0,21,0.0
2025-11-13 23:00:00,154.53,154.568,154.53,154.565,185.0,20,0.0
2025-11-13 23:05:00,154.565,154.573,154.557,154.57,81.0,20,0.0
2025-11-13 23:10:00,154.57,154.576,154.554,154.559,92.0,21,0.0
2025-11-13 23:15:00,154.558,154.567,154.551,154.553,113.0,22,0.0
2025-11-13 23:20:00,154.552,154.555,154.538,154.554,168.0,20,0.0
2025-11-13 23:25:00,154.554,154.558,154.533,154.533,103.0,20,0.0
2025-11-13 23:30:00,154.533,154.545,154.52,154.522,84.0,23,0.0
2025-11-13 23:35:00,154.522,154.531,154.48,154.503,88.0,22,0.0
2025-11-13 23:40:00,154.502,154.512,154.496,154.507,92.0,20,0.0
2025-11-13 23:45:00,154.507,154.512,154.501,154.504,104.0,21,0.0
2025-11-13 23:50:00,154.505,154.506,154.472,154.474,98.0,22,0.0
2025-11-13 23:55:00,154.471,154.538,154.467,154.533,630.0,24,0.0
2025-11-14 00:00:00,154.531,154.567,154.364,154.443,23.0,61,0.0
2025-11-14 00:05:00,154.466,154.576,154.466,154.546,55.0,33,0.0
2025-11-14 00:10:00,154.548,154.568,154.533,154.538,38.0,32,0.0
2025-11-14 00:15:00,154.538,154.541,154.406,154.492,58.0,38,0.0
2025-11-14 00:20:00,154.493,154.503,154.442,154.497,76.0,58,0.0
2025-11-14 00:25:00,154.498,154.503,154.497,154.5,23.0,53,0.0
2025-11-14 00:30:00,154.5,154.506,154.494,154.503,107.0,44,0.0
2025-11-14 00:35:00,154.502,154.509,154.498,154.507,160.0,43,0.0
2025-11-14 00:40:00,154.507,154.508,154.45,154.497,83.0,46,0.0
2025-11-14 00:45:00,154.495,154.503,154.484,154.494,155.0,42,0.0
2025-11-14 00:50:00,154.494,154.511,154.483,154.505,227.0,39,0.0
2025-11-14 00:55:00,154.504,154.507,154.497,154.502,191.0,45,0.0
2025-11-14 01:00:00,154.496,154.557,154.496,154.552,223.0,24,0.0
2025-11-14 01:05:00,154.551,154.564,154.535,154.564,108.0,25,0.0
2025-11-14 01:10:00,154.559,154.594,154.554,154.584,207.0,25,0.0
2025-11-14 01:15:00,154.586,154.603,154.569,154.591,104.0,20,0.0
2025-11-14 01:20:00,154.589,154.616,154.588,154.607,74.0,23,0.0
2025-11-14 01:25:00,154.606,154.624,154.606,154.623,147.0,24,0.0
2025-11-14 01:30:00,154.625,154.674,154.621,154.626,261.0,21,0.0
2025-11-14 01:35:00,154.625,154.663,154.612,154.614,270.0,20,0.0
2025-11-14 01:40:00,154.613,154.639,154.6,154.632,172.0,22,0.0
2025-11-14 01:45:00,154.631,154.657,154.607,154.653,327.0,21,0.0
2025-11-14 01:50:00,154.654,154.666,154.618,154.647,206.0,20,0.0
2025-11-14 01:55:00,154.647,154.65,154.612,154.62,312.0,20,0.0
2025-11-14 02:00:00,154.625,154.702,154.589,154.669,518.0,20,0.0
2025-11-14 02:05:00,154.67,154.709,154.649,154.708,415.0,20,0.0
2025-11-14 02:10:00,154.708,154.734,154.685,154.718,365.0,20,0.0
2025-11-14 02:15:00,154.719,154.728,154.589,154.601,489.0,20,0.0
2025-11-14 02:20:00,154.6,154.642,154.56,154.624,386.0,20,0.0
2025-11-14 02:25:00,154.624,154.646,154.572,154.586,269.0,20,0.0
2025-11-14 02:30:00,154.584,154.649,154.583,154.614,275.0,20,0.0
2025-11-14 02:35:00,154.615,154.656,154.613,154.634,380.0,20,0.0
2025-11-14 02:40:00,154.634,154.682,154.628,154.677,468.0,20,0.0
2025-11-14 02:45:00,154.676,154.702,154.666,154.691,577.0,20,0.0
2025-11-14 02:50:00,154.692,154.712,154.608,154.639,771.0,20,0.0
2025-11-14 02:55:00,154.638,154.656,154.555,154.595,547.0,20,0.0
2025-11-14 03:00:00,154.596,154.636,154.587,154.624,371.0,20,0.0
2025-11-14 03:05:00,154.625,154.674,154.602,154.609,372.0,20,0.0
2025-11-14 03:10:00,154.609,154.639,154.582,154.587,248.0,20,0.0
2025-11-14 03:15:00,154.588,154.592,154.518,154.538,541.0,20,0.0
2025-11-14 03:20:00,154.539,154.573,154.476,154.492,465.0,20,0.0
2025-11-14 03:25:00,154.491,154.503,154.445,154.481,614.0,20,0.0
2025-11-14 03:30:00,154.482,154.529,154.47,154.513,519.0,20,0.0
2025-11-14 03:35:00,154.513,154.544,154.491,154.492,416.0,20,0.0
2025-11-14 03:40:00,154.485,154.504,154.459,154.472,400.0,20,0.0
2025-11-14 03:45:00,154.471,154.476,154.444,154.465,326.0,20,0.0
2025-11-14 03:50:00,154.466,154.49,154.43,154.457,359.0,20,0.0
2025-11-14 03:55:00,154.457,154.497,154.457,154.495,220.0,20,0.0
2025-11-14 04:00:00,154.494,154.524,154.481,154.517,246.0,20,0.0
2025-11-14 04:05:00,154.521,154.565,154.519,154.555,317.0,20,0.0
2025-11-14 04:10:00,154.554,154.562,154.53,154.531,395.0,20,0.0
2025-11-14 04:15:00,154.531,154.547,154.505,154.528,280.0,20,0.0
2025-11-14 04:20:00,154.527,154.558,154.514,154.556,271.0,20,0.0
2025-11-14 04:25:00,154.556,154.563,154.517,154.53,323.0,20,0.0
2025-11-14 04:30:00,154.53,154.566,154.529,154.552,240.0,20,0.0
2025-11-14 04:35:00,154.551,154.566,154.533,154.534,191.0,20,0.0
2025-11-14 04:40:00,154.536,154.553,154.497,154.505,165.0,20,0.0
2025-11-14 04:45:00,154.506,154.506,154.45,154.475,212.0,21,0.0
2025-11-14 04:50:00,154.475,154.481,154.447,154.468,186.0,20,0.0
2025-11-14 04:55:00,154.469,154.476,154.427,154.436,181.0,20,0.0
2025-11-14 05:00:00,154.436,154.437,154.386,154.392,278.0,20,0.0
2025-11-14 05:05:00,154.393,154.424,154.386,154.414,218.0,20,0.0
2025-11-14 05:10:00,154.413,154.442,154.412,154.438,159.0,20,0.0
2025-11-14 05:15:00,154.438,154.441,154.402,154.403,146.0,20,0.0
2025-11-14 05:20:00,154.402,154.437,154.388,154.437,180.0,21,0.0
2025-11-14 05:25:00,154.436,154.439,154.414,154.414,137.0,21,0.0
2025-11-14 05:30:00,154.415,154.415,154.3,154.329,463.0,20,0.0
2025-11-14 05:35:00,154.329,154.374,154.329,154.363,324.0,20,0.0
2025-11-14 05:40:00,154.363,154.363,154.325,154.328,188.0,20,0.0
2025-11-14 05:45:00,154.328,154.455,154.328,154.449,556.0,20,0.0
2025-11-14 05:50:00,154.452,154.503,154.435,154.498,550.0,20,0.0
2025-11-14 05:55:00,154.497,154.565,154.497,154.531,644.0,20,0.0
2025-11-14 06:00:00,154.53,154.544,154.463,154.469,389.0,20,0.0
2025-11-14 06:05:00,154.47,154.498,154.45,154.495,265.0,20,0.0
2025-11-14 06:10:00,154.495,154.503,154.453,154.482,217.0,20,0.0
2025-11-14 06:15:00,154.482,154.529,154.482,154.518,198.0,20,0.0
2025-11-14 06:20:00,154.518,154.518,154.47,154.495,183.0,20,0.0
2025-11-14 06:25:00,154.495,154.523,154.492,154.513,149.0,21,0.0
2025-11-14 06:30:00,154.514,154.562,154.51,154.546,178.0,20,0.0
2025-11-14 06:35:00,154.546,154.565,154.518,154.518,147.0,20,0.0
2025-11-14 06:40:00,154.515,154.522,154.491,154.504,148.0,21,0.0
2025-11-14 06:45:00,154.503,154.509,154.482,154.5,147.0,20,0.0
2025-11-14 06:50:00,154.499,154.516,154.447,154.456,151.0,20,0.0
2025-11-14 06:55:00,154.457,154.464,154.411,154.412,160.0,20,0.0
2025-11-14 07:00:00,154.411,154.415,154.373,154.389,246.0,20,0.0
2025-11-14 07:05:00,154.389,154.44,154.389,154.423,387.0,20,0.0
2025-11-14 07:10:00,154.422,154.427,154.378,154.39,323.0,20,0.0
2025-11-14 07:15:00,154.391,154.392,154.358,154.39,326.0,20,0.0
2025-11-14 07:20:00,154.401,154.445,154.401,154.427,268.0,20,0.0
2025-11-14 07:25:00,154.427,154.462,154.423,154.459,171.0,20,0.0
2025-11-14 07:30:00,154.459,154.472,154.407,154.451,204.0,20,0.0
2025-11-14 07:35:00,154.451,154.458,154.419,154.435,112.0,20,0.0
2025-11-14 07:40:00,154.435,154.489,154.431,154.486,191.0,20,0.0
2025-11-14 07:45:00,154.484,154.493,154.467,154.484,296.0,20,0.0
2025-11-14 07:50:00,154.483,154.494,154.454,154.455,256.0,21,0.0
2025-11-14 07:55:00,154.455,154.481,154.436,154.471,279.0,20,0.0
2025-11-14 08:00:00,154.472,154.481,154.42,154.462,309.0,20,0.0
2025-11-14 08:05:00,154.463,154.496,154.455,154.459,307.0,20,0.0
2025-11-14 08:10:00,154.459,154.494,154.445,154.481,318.0,20,0.0
2025-11-14 08:15:00,154.481,154.506,154.479,154.499,302.0,20,0.0
2025-11-14 08:20:00,154.5,154.52,154.489,154.507,218.0,20,0.0
2025-11-14 08:25:00,154.508,154.547,154.505,154.547,367.0,20,0.0
2025-11-14 08:30:00,154.547,154.558,154.458,154.468,296.0,20,0.0
2025-11-14 08:35:00,154.469,154.472,154.429,154.468,244.0,20,0.0
2025-11-14 08:40:00,154.469,154.558,154.467,154.547,392.0,20,0.0
2025-11-14 08:45:00,154.547,154.65,154.547,154.642,456.0,20,0.0
2025-11-14 08:50:00,154.645,154.646,154.585,154.635,348.0,20,0.0
2025-11-14 08:55:00,154.634,154.637,154.586,154.586,309.0,20,0.0
2025-11-14 09:00:00,154.591,154.593,154.535,154.553,528.0,20,0.0
2025-11-14 09:05:00,154.553,154.563,154.524,154.526,256.0,20,0.0
2025-11-14 09:10:00,154.526,154.535,154.501,154.507,190.0,21,0.0
2025-11-14 09:15:00,154.506,154.506,154.443,154.493,367.0,20,0.0
2025-11-14 09:20:00,154.493,154.54,154.461,154.539,657.0,20,0.0
2025-11-14 09:25:00,154.538,154.567,154.527,154.551,518.0,20,0.0
2025-11-14 09:30:00,154.553,154.603,154.55,154.55,503.0,21,0.0
2025-11-14 09:35:00,154.55,154.588,154.547,154.567,469.0,20,0.0
2025-11-14 09:40:00,154.567,154.597,154.559,154.561,376.0,21,0.0
2025-11-14 09:45:00,154.561,154.578,154.545,154.556,451.0,20,0.0
2025-11-14 09:50:00,154.557,154.664,154.557,154.627,451.0,20,0.0
2025-11-14 09:55:00,154.625,154.674,154.625,154.668,469.0,20,0.0
2025-11-14 10:00:00,154.669,154.701,154.638,154.687,776.0,20,0.0
2025-11-14 10:05:00,154.688,154.725,154.65,154.657,765.0,20,0.0
2025-11-14 10:10:00,154.658,154.664,154.597,154.646,485.0,20,0.0
2025-11-14 10:15:00,154.646,154.659,154.573,154.584,473.0,20,0.0
2025-11-14 10:20:00,154.584,154.597,154.557,154.573,534.0,20,0.0
2025-11-14 10:25:00,154.573,154.588,154.529,154.579,428.0,20,0.0
2025-11-14 10:30:00,154.579,154.61,154.547,154.6,463.0,20,0.0
2025-11-14 10:35:00,154.599,154.629,154.594,154.621,356.0,20,0.0
2025-11-14 10:40:00,154.623,154.627,154.442,154.493,977.0,20,0.0
2025-11-14 10:45:00,154.494,154.517,154.45,154.468,711.0,20,0.0
2025-11-14 10:50:00,154.469,154.535,154.463,154.525,575.0,20,0.0
2025-11-14 10:55:00,154.526,154.546,154.498,154.543,621.0,20,0.0
2025-11-14 11:00:00,154.544,154.623,154.543,154.598,688.0,20,0.0
2025-11-14 11:05:00,154.598,154.657,154.588,154.633,594.0,20,0.0
2025-11-14 11:10:00,154.634,154.657,154.618,154.643,447.0,21,0.0
2025-11-14 11:15:00,154.643,154.684,154.63,154.665,348.0,20,0.0
2025-11-14 11:20:00,154.667,154.673,154.615,154.651,413.0,20,0.0
2025-11-14 11:25:00,154.651,154.655,154.627,154.628,214.0,20,0.0
2025-11-14 11:30:00,154.625,154.656,154.615,154.63,359.0,20,0.0
2025-11-14 11:35:00,154.63,154.631,154.583,154.595,327.0,20,0.0
2025-11-14 11:40:00,154.596,154.628,154.581,154.621,457.0,20,0.0
2025-11-14 11:45:00,154.62,154.643,154.604,154.632,328.0,20,0.0
2025-11-14 11:50:00,154.631,154.674,154.621,154.671,234.0,20,0.0
2025-11-14 11:55:00,154.67,154.692,154.659,154.68,191.0,20,0.0
2025-11-14 12:00:00,154.683,154.694,154.653,154.668,346.0,21,0.0
2025-11-14 12:05:00,154.666,154.685,154.663,154.68,255.0,20,0.0
2025-11-14 12:10:00,154.679,154.705,154.674,154.695,212.0,20,0.0
2025-11-14 12:15:00,154.694,154.699,154.673,154.69,157.0,20,0.0
2025-11-14 12:20:00,154.689,154.699,154.678,154.689,189.0,20,0.0
2025-11-14 12:25:00,154.691,154.72,154.689,154.717,276.0,20,0.0
2025-11-14 12:30:00,154.717,154.723,154.7,154.713,216.0,20,0.0
2025-11-14 12:35:00,154.714,154.753,154.695,154.704,361.0,20,0.0
2025-11-14 12:40:00,154.705,154.709,154.679,154.681,234.0,20,0.0
2025-11-14 12:45:00,154.682,154.696,154.659,154.686,247.0,20,0.0
2025-11-14 12:50:00,154.688,154.71,154.685,154.695,245.0,20,0.0
2025-11-14 12:55:00,154.694,154.74,154.689,154.736,319.0,20,0.0
2025-11-14 13:00:00,154.736,154.737,154.699,154.7,271.0,20,0.0
2025-11-14 13:05:00,154.701,154.737,154.698,154.714,322.0,20,0.0
2025-11-14 13:10:00,154.714,154.73,154.694,154.705,374.0,20,0.0
2025-11-14 13:15:00,154.702,154.721,154.65,154.65,358.0,21,0.0
2025-11-14 13:20:00,154.651,154.665,154.623,154.659,420.0,20,0.0
2025-11-14 13:25:00,154.66,154.672,154.648,154.66,264.0,21,0.0
2025-11-14 13:30:00,154.661,154.669,154.639,154.661,379.0,20,0.0
2025-11-14 13:35:00,154.66,154.67,154.643,154.657,385.0,20,0.0
2025-11-14 13:40:00,154.657,154.681,154.646,154.68,380.0,20,0.0
2025-11-14 13:45:00,154.68,154.704,154.677,154.702,381.0,20,0.0
2025-11-14 13:50:00,154.703,154.703,154.65,154.666,369.0,20,0.0
2025-11-14 13:55:00,154.666,154.668,154.621,154.647,378.0,20,0.0
2025-11-14 14:00:00,154.646,154.652,154.595,154.596,316.0,20,0.0
2025-11-14 14:05:00,154.596,154.599,154.522,154.532,512.0,20,0.0
2025-11-14 14:10:00,154.533,154.557,154.439,154.439,590.0,20,0.0
2025-11-14 14:15:00,154.435,154.493,154.399,154.405,592.0,20,0.0
2025-11-14 14:20:00,154.404,154.404,154.251,154.308,974.0,20,0.0
2025-11-14 14:25:00,154.307,154.326,154.259,154.294,751.0,20,0.0
2025-11-14 14:30:00,154.296,154.307,154.198,154.234,819.0,20,0.0
2025-11-14 14:35:00,154.236,154.265,154.095,154.099,773.0,20,0.0
2025-11-14 14:40:00,154.102,154.103,154.0,154.024,941.0,20,0.0
2025-11-14 14:45:00,154.024,154.135,153.996,154.123,793.0,20,0.0
2025-11-14 14:50:00,154.122,154.141,154.052,154.067,773.0,20,0.0
2025-11-14 14:55:00,154.066,154.066,153.797,153.798,1087.0,20,0.0
2025-11-14 15:00:00,153.798,153.958,153.722,153.948,1058.0,20,0.0
2025-11-14 15:05:00,153.949,153.964,153.838,153.857,844.0,20,0.0
2025-11-14 15:10:00,153.858,153.888,153.787,153.852,950.0,20,0.0
2025-11-14 15:15:00,153.856,153.857,153.742,153.742,831.0,20,0.0
2025-11-14 15:20:00,153.742,153.742,153.606,153.7,936.0,20,0.0
2025-11-14 15:25:00,153.699,153.808,153.693,153.794,584.0,20,0.0
2025-11-14 15:30:00,153.793,153.842,153.699,153.765,819.0,20,0.0
2025-11-14 15:35:00,153.763,153.763,153.672,153.707,1091.0,20,0.0
2025-11-14 15:40:00,153.703,153.811,153.686,153.751,973.0,20,0.0
2025-11-14 15:45:00,153.755,153.983,153.751,153.977,1151.0,20,0.0
2025-11-14 15:50:00,153.979,154.134,153.956,154.081,1118.0,20,0.0
2025-11-14 15:55:00,154.08,154.085,154.006,154.075,755.0,20,0.0
2025-11-14 16:00:00,154.075,154.161,154.054,154.153,804.0,20,0.0
2025-11-14 16:05:00,154.153,154.234,154.129,154.169,1024.0,20,0.0
2025-11-14 16:10:00,154.168,154.178,154.107,154.153,632.0,20,0.0
2025-11-14 16:15:00,154.153,154.155,154.071,154.103,704.0,20,0.0
2025-11-14 16:20:00,154.1,154.189,154.095,154.15,769.0,20,0.0
2025-11-14 16:25:00,154.149,154.149,154.078,154.094,798.0,20,0.0
2025-11-14 16:30:00,154.094,154.138,153.972,154.023,1131.0,20,0.0
2025-11-14 16:35:00,154.021,154.197,154.004,154.106,1396.0,20,0.0
2025-11-14 16:40:00,154.1,154.216,154.075,154.2,1327.0,20,0.0
2025-11-14 16:45:00,154.2,154.29,154.165,154.241,1301.0,20,0.0
2025-11-14 16:50:00,154.243,154.33,154.208,154.312,1281.0,20,0.0
2025-11-14 16:55:00,154.312,154.337,154.281,154.333,729.0,20,0.0
2025-11-14 17:00:00,154.333,154.358,154.263,154.323,1106.0,20,0.0
2025-11-14 17:05:00,154.323,154.405,154.312,154.359,1038.0,20,0.0
2025-11-14 17:10:00,154.358,154.379,154.226,154.253,902.0,20,0.0
2025-11-14 17:15:00,154.252,154.379,154.251,154.334,906.0,20,0.0
2025-11-14 17:20:00,154.329,154.357,154.306,154.336,803.0,20,0.0
2025-11-14 17:25:00,154.335,154.395,154.3,154.381,858.0,20,0.0
2025-11-14 17:30:00,154.383,154.441,154.31,154.33,679.0,20,0.0
2025-11-14 17:35:00,154.331,154.417,154.322,154.406,595.0,20,0.0
2025-11-14 17:40:00,154.405,154.431,154.394,154.416,724.0,20,0.0
2025-11-14 17:45:00,154.416,154.486,154.399,154.422,674.0,20,0.0
2025-11-14 17:50:00,154.422,154.479,154.397,154.454,894.0,20,0.0
2025-11-14 17:55:00,154.453,154.478,154.417,154.417,777.0,20,0.0
2025-11-14 18:00:00,154.418,154.429,154.356,154.368,659.0,20,0.0
2025-11-14 18:05:00,154.369,154.396,154.342,154.391,652.0,20,0.0
2025-11-14 18:10:00,154.392,154.453,154.378,154.427,539.0,20,0.0
2025-11-14 18:15:00,154.428,154.468,154.428,154.458,381.0,20,0.0
2025-11-14 18:20:00,154.456,154.536,154.43,154.534,413.0,20,0.0
2025-11-14 18:25:00,154.535,154.564,154.522,154.535,574.0,20,0.0
2025-11-14 18:30:00,154.536,154.557,154.505,154.536,563.0,20,0.0
2025-11-14 18:35:00,154.536,154.582,154.525,154.566,427.0,20,0.0
2025-11-14 18:40:00,154.567,154.601,154.561,154.581,530.0,20,0.0
2025-11-14 18:45:00,154.582,154.586,154.514,154.571,470.0,20,0.0
2025-11-14 18:50:00,154.571,154.614,154.571,154.608,373.0,20,0.0
2025-11-14 18:55:00,154.607,154.655,154.602,154.631,435.0,20,0.0
2025-11-14 19:00:00,154.631,154.651,154.606,154.649,497.0,20,0.0
2025-11-14 19:05:00,154.65,154.702,154.643,154.692,580.0,20,0.0
2025-11-14 19:10:00,154.693,154.735,154.691,154.715,402.0,20,0.0
2025-11-14 19:15:00,154.716,154.721,154.675,154.704,405.0,20,0.0
2025-11-14 19:20:00,154.705,154.731,154.686,154.693,342.0,20,0.0
2025-11-14 19:25:00,154.693,154.702,154.641,154.672,441.0,21,0.0
2025-11-14 19:30:00,154.673,154.694,154.655,154.68,438.0,20,0.0
2025-11-14 19:35:00,154.681,154.717,154.681,154.693,291.0,20,0.0
2025-11-14 19:40:00,154.695,154.716,154.673,154.68,388.0,20,0.0
2025-11-14 19:45:00,154.68,154.694,154.645,154.666,366.0,20,0.0
2025-11-14 19:50:00,154.666,154.679,154.63,154.639,385.0,20,0.0
2025-11-14 19:55:00,154.64,154.652,154.623,154.631,406.0,20,0.0
2025-11-14 20:00:00,154.63,154.63,154.559,154.561,472.0,20,0.0
2025-11-14 20:05:00,154.563,154.6,154.547,154.6,309.0,20,0.0
2025-11-14 20:10:00,154.597,154.652,154.596,154.637,233.0,20,0.0
2025-11-14 20:15:00,154.636,154.637,154.597,154.629,290.0,20,0.0
2025-11-14 20:20:00,154.63,154.637,154.606,154.626,189.0,20,0.0
2025-11-14 20:25:00,154.626,154.636,154.598,154.621,241.0,20,0.0
2025-11-14 20:30:00,154.619,154.631,154.584,154.6,323.0,20,0.0
2025-11-14 20:35:00,154.601,154.609,154.581,154.59,277.0,20,0.0
2025-11-14 20:40:00,154.591,154.596,154.563,154.572,364.0,21,0.0
2025-11-14 20:45:00,154.571,154.581,154.546,154.567,337.0,20,0.0
2025-11-14 20:50:00,154.567,154.596,154.567,154.58,427.0,20,0.0
2025-11-14 20:55:00,154.581,154.587,154.557,154.569,286.0,22,0.0
2025-11-14 21:00:00,154.568,154.574,154.516,154.526,329.0,20,0.0
2025-11-14 21:05:00,154.529,154.562,154.522,154.538,277.0,20,0.0
2025-11-14 21:10:00,154.538,154.556,154.517,154.527,297.0,20,0.0
2025-11-14 21:15:00,154.529,154.555,154.526,154.54,268.0,20,0.0
2025-11-14 21:20:00,154.537,154.56,154.534,154.55,201.0,20,0.0
2025-11-14 21:25:00,154.548,154.552,154.529,154.539,297.0,22,0.0
2025-11-14 21:30:00,154.538,154.546,154.524,154.524,264.0,21,0.0
2025-11-14 21:35:00,154.525,154.546,154.516,154.544,277.0,21,0.0
2025-11-14 21:40:00,154.545,154.551,154.529,154.539,246.0,22,0.0
2025-11-14 21:45:00,154.54,154.551,154.526,154.529,159.0,22,0.0
2025-11-14 21:50:00,154.529,154.554,154.528,154.536,240.0,20,0.0
2025-11-14 21:55:00,154.536,154.553,154.525,154.549,228.0,20,0.0
2025-11-14 22:00:00,154.55,154.56,154.518,154.527,336.0,20,0.0
2025-11-14 22:05:00,154.527,154.542,154.502,154.507,104.0,20,0.0
2025-11-14 22:10:00,154.508,154.518,154.495,154.516,150.0,20,0.0
2025-11-14 22:15:00,154.515,154.53,154.505,154.515,195.0,20,0.0
2025-11-14 22:20:00,154.515,154.528,154.507,154.521,148.0,21,0.0
2025-11-14 22:25:00,154.52,154.529,154.509,154.515,158.0,21,0.0
2025-11-14 22:30:00,154.514,154.551,154.51,154.53,188.0,21,0.0
2025-11-14 22:35:00,154.529,154.53,154.503,154.528,233.0,20,0.0
2025-11-14 22:40:00,154.526,154.527,154.507,154.514,127.0,20,0.0
2025-11-14 22:45:00,154.514,154.53,154.494,154.5,219.0,20,0.0
2025-11-14 22:50:00,154.5,154.521,154.49,154.511,179.0,20,0.0
2025-11-14 22:55:00,154.502,154.521,154.495,154.521,164.0,20,0.0
2025-11-14 23:00:00,154.519,154.52,154.505,154.507,68.0,21,0.0
2025-11-14 23:05:00,154.505,154.526,154.505,154.517,74.0,22,0.0
2025-11-14 23:10:00,154.516,154.556,154.515,154.555,103.0,20,0.0
2025-11-14 23:15:00,154.554,154.556,154.541,154.544,59.0,22,0.0
2025-11-14 23:20:00,154.544,154.545,154.534,154.534,71.0,22,0.0
2025-11-14 23:25:00,154.535,154.562,154.535,154.557,108.0,21,0.0
2025-11-14 23:30:00,154.558,154.563,154.553,154.557,74.0,20,0.0
2025-11-14 23:35:00,154.556,154.588,154.555,154.568,122.0,22,0.0
2025-11-14 23:40:00,154.568,154.568,154.544,154.549,210.0,20,0.0
2025-11-14 23:45:00,154.548,154.56,154.524,154.534,143.0,20,0.0
2025-11-14 23:50:00,154.533,154.533,154.498,154.502,372.0,26,0.0
2025-11-14 23:55:00,154.501,154.537,154.491,154.524,285.0,27,0.0
2025-11-17 00:00:00,154.5,154.5,154.475,154.475,11.0,221,0.0
2025-11-17 00:05:00,154.475,154.475,154.47,154.471,8.0,208,0.0
2025-11-17 00:10:00,154.498,154.498,154.489,154.495,12.0,154,0.0
2025-11-17 00:15:00,154.498,154.52,154.498,154.52,41.0,134,0.0
2025-11-17 00:20:00,154.521,154.536,154.519,154.529,92.0,77,0.0
2025-11-17 00:25:00,154.53,154.543,154.523,154.536,120.0,64,0.0
2025-11-17 00:30:00,154.535,154.541,154.51,154.54,76.0,59,0.0
2025-11-17 00:35:00,154.541,154.544,154.532,154.539,40.0,52,0.0
2025-11-17 00:40:00,154.537,154.544,154.519,154.519,40.0,54,0.0
2025-11-17 00:45:00,154.518,154.52,154.49,154.495,73.0,50,0.0
2025-11-17 00:50:00,154.496,154.5,154.485,154.498,55.0,43,0.0
2025-11-17 00:55:00,154.499,154.516,154.496,154.512,165.0,44,0.0
2025-11-17 01:00:00,154.499,154.518,154.432,154.457,413.0,21,0.0
2025-11-17 01:05:00,154.459,154.5,154.443,154.473,288.0,20,0.0
2025-11-17 01:10:00,154.473,154.514,154.46,154.514,195.0,21,0.0
2025-11-17 01:15:00,154.513,154.525,154.485,154.511,280.0,22,0.0
2025-11-17 01:20:00,154.512,154.549,154.512,154.526,251.0,20,0.0
2025-11-17 01:25:00,154.525,154.576,154.522,154.561,254.0,23,0.0
2025-11-17 01:30:00,154.56,154.587,154.519,154.534,296.0,20,0.0
2025-11-17 01:35:00,154.53,154.594,154.519,154.583,250.0,21,0.0
2025-11-17 01:40:00,154.584,154.595,154.567,154.574,148.0,22,0.0
2025-11-17 01:45:00,154.573,154.598,154.543,154.558,231.0,20,0.0
2025-11-17 01:50:00,154.557,154.623,154.531,154.622,285.0,21,0.0
2025-11-17 01:55:00,154.625,154.625,154.581,154.581,233.0,22,0.0
2025-11-17 02:00:00,154.58,154.621,154.533,154.615,670.0,20,0.0
2025-11-17 02:05:00,154.615,154.633,154.521,154.538,573.0,20,0.0
2025-11-17 02:10:00,154.537,154.562,154.489,154.527,493.0,21,0.0
2025-11-17 02:15:00,154.528,154.531,154.465,154.48,466.0,20,0.0
2025-11-17 02:20:00,154.48,154.504,154.405,154.442,508.0,20,0.0
2025-11-17 02:25:00,154.443,154.53,154.442,154.524,385.0,20,0.0
2025-11-17 02:30:00,154.521,154.612,154.514,154.582,527.0,20,0.0
2025-11-17 02:35:00,154.581,154.603,154.567,154.572,430.0,20,0.0
2025-11-17 02:40:00,154.572,154.582,154.541,154.561,323.0,20,0.0
2025-11-17 02:45:00,154.561,154.606,154.551,154.58,403.0,20,0.0
2025-11-17 02:50:00,154.58,154.641,154.55,154.641,742.0,20,0.0
2025-11-17 02:55:00,154.639,154.649,154.606,154.627,536.0,20,0.0
2025-11-17 03:00:00,154.628,154.644,154.564,154.576,649.0,20,0.0
2025-11-17 03:05:00,154.575,154.58,154.537,154.571,479.0,20,0.0
2025-11-17 03:10:00,154.572,154.576,154.541,154.572,351.0,20,0.0
2025-11-17 03:15:00,154.572,154.641,154.558,154.594,424.0,20,0.0
2025-11-17 03:20:00,154.605,154.624,154.564,154.57,232.0,20,0.0
2025-11-17 03:25:00,154.568,154.6,154.567,154.594,267.0,20,0.0
2025-11-17 03:30:00,154.595,154.605,154.559,154.563,327.0,20,0.0
2025-11-17 03:35:00,154.561,154.581,154.536,154.536,284.0,20,0.0
2025-11-17 03:40:00,154.535,154.548,154.5,154.521,225.0,21,0.0
2025-11-17 03:45:00,154.522,154.568,154.522,154.539,234.0,20,0.0
2025-11-17 03:50:00,154.544,154.552,154.524,154.536,208.0,20,0.0
2025-11-17 03:55:00,154.537,154.589,154.534,154.565,201.0,21,0.0
2025-11-17 04:00:00,154.565,154.601,154.561,154.578,333.0,20,0.0
2025-11-17 04:05:00,154.578,154.622,154.573,154.59,271.0,20,0.0
2025-11-17 04:10:00,154.593,154.643,154.586,154.63,298.0,20,0.0
2025-11-17 04:15:00,154.629,154.632,154.617,154.629,211.0,20,0.0
2025-11-17 04:20:00,154.629,154.658,154.627,154.631,287.0,21,0.0
2025-11-17 04:25:00,154.632,154.632,154.588,154.59,238.0,20,0.0
2025-11-17 04:30:00,154.589,154.608,154.588,154.605,154.0,22,0.0
2025-11-17 04:35:00,154.605,154.637,154.601,154.633,155.0,21,0.0
2025-11-17 04:40:00,154.632,154.684,154.631,154.681,210.0,20,0.0
2025-11-17 04:45:00,154.682,154.684,154.629,154.63,242.0,20,0.0
2025-11-17 04:50:00,154.63,154.67,154.627,154.666,251.0,21,0.0
2025-11-17 04:55:00,154.667,154.7,154.656,154.681,181.0,20,0.0
2025-11-17 05:00:00,154.692,154.764,154.691,154.725,331.0,20,0.0
2025-11-17 05:05:00,154.725,154.76,154.72,154.755,324.0,20,0.0
2025-11-17 05:10:00,154.754,154.778,154.737,154.739,266.0,20,0.0
2025-11-17 05:15:00,154.74,154.758,154.733,154.751,160.0,21,0.0
2025-11-17 05:20:00,154.75,154.758,154.712,154.729,199.0,20,0.0
2025-11-17 05:25:00,154.728,154.736,154.709,154.715,181.0,20,0.0
2025-11-17 05:30:00,154.716,154.727,154.697,154.699,192.0,20,0.0
2025-11-17 05:35:00,154.699,154.725,154.677,154.688,173.0,20,0.0
2025-11-17 05:40:00,154.688,154.74,154.688,154.725,139.0,20,0.0
2025-11-17 05:45:00,154.726,154.75,154.723,154.736,150.0,20,0.0
2025-11-17 05:50:00,154.737,154.749,154.705,154.71,152.0,20,0.0
2025-11-17 05:55:00,154.711,154.738,154.697,154.704,183.0,20,0.0
2025-11-17 06:00:00,154.706,154.721,154.676,154.687,160.0,20,0.0
2025-11-17 06:05:00,154.686,154.689,154.655,154.663,160.0,20,0.0
2025-11-17 06:10:00,154.663,154.682,154.655,154.668,138.0,20,0.0
2025-11-17 06:15:00,154.668,154.673,154.653,154.653,77.0,20,0.0
2025-11-17 06:20:00,154.654,154.658,154.636,154.642,158.0,20,0.0
2025-11-17 06:25:00,154.642,154.646,154.627,154.629,163.0,21,0.0
2025-11-17 06:30:00,154.629,154.646,154.599,154.642,173.0,21,0.0
2025-11-17 06:35:00,154.641,154.647,154.622,154.625,142.0,21,0.0
2025-11-17 06:40:00,154.626,154.662,154.626,154.653,132.0,22,0.0
2025-11-17 06:45:00,154.655,154.662,154.625,154.625,85.0,21,0.0
2025-11-17 06:50:00,154.626,154.654,154.621,154.645,106.0,21,0.0
2025-11-17 06:55:00,154.645,154.654,154.62,154.62,140.0,20,0.0
2025-11-17 07:00:00,154.619,154.647,154.605,154.632,200.0,21,0.0
2025-11-17 07:05:00,154.631,154.647,154.601,154.61,212.0,20,0.0
2025-11-17 07:10:00,154.607,154.615,154.596,154.611,115.0,21,0.0
2025-11-17 07:15:00,154.61,154.623,154.597,154.616,164.0,20,0.0
2025-11-17 07:20:00,154.615,154.617,154.582,154.61,146.0,21,0.0
2025-11-17 07:25:00,154.611,154.632,154.605,154.63,124.0,20,0.0
2025-11-17 07:30:00,154.631,154.633,154.607,154.607,123.0,20,0.0
2025-11-17 07:35:00,154.608,154.611,154.581,154.598,157.0,20,0.0
2025-11-17 07:40:00,154.6,154.611,154.586,154.608,136.0,20,0.0
2025-11-17 07:45:00,154.608,154.66,154.608,154.635,138.0,21,0.0
2025-11-17 07:50:00,154.635,154.681,154.633,154.681,112.0,20,0.0
2025-11-17 07:55:00,154.682,154.707,154.678,154.678,219.0,20,0.0
2025-11-17 08:00:00,154.678,154.729,154.673,154.729,236.0,21,0.0
2025-11-17 08:05:00,154.729,154.783,154.729,154.778,360.0,20,0.0
2025-11-17 08:10:00,154.778,154.778,154.746,154.774,304.0,22,0.0
2025-11-17 08:15:00,154.775,154.802,154.772,154.776,363.0,20,0.0
2025-11-17 08:20:00,154.776,154.791,154.749,154.749,288.0,20,0.0
2025-11-17 08:25:00,154.749,154.753,154.713,154.719,276.0,20,0.0
2025-11-17 08:30:00,154.723,154.728,154.674,154.711,379.0,20,0.0
2025-11-17 08:35:00,154.711,154.727,154.656,154.686,233.0,20,0.0
2025-11-17 08:40:00,154.687,154.702,154.684,154.688,174.0,20,0.0
2025-11-17 08:45:00,154.687,154.691,154.66,154.665,173.0,20,0.0
2025-11-17 08:50:00,154.664,154.664,154.629,154.64,202.0,21,0.0
2025-11-17 08:55:00,154.64,154.669,154.636,154.668,145.0,20,0.0
2025-11-17 09:00:00,154.669,154.683,154.635,154.652,353.0,20,0.0
2025-11-17 09:05:00,154.653,154.71,154.646,154.708,218.0,20,0.0
2025-11-17 09:10:00,154.707,154.733,154.706,154.731,159.0,20,0.0
2025-11-17 09:15:00,154.73,154.745,154.725,154.729,163.0,20,0.0
2025-11-17 09:20:00,154.728,154.782,154.72,154.763,344.0,20,0.0
2025-11-17 09:25:00,154.763,154.769,154.717,154.719,372.0,20,0.0
2025-11-17 09:30:00,154.72,154.734,154.695,154.729,296.0,20,0.0
2025-11-17 09:35:00,154.728,154.758,154.665,154.689,333.0,20,0.0
2025-11-17 09:40:00,154.692,154.704,154.65,154.654,229.0,20,0.0
2025-11-17 09:45:00,154.654,154.696,154.64,154.696,252.0,20,0.0
2025-11-17 09:50:00,154.697,154.721,154.674,154.707,218.0,20,0.0
2025-11-17 09:55:00,154.709,154.723,154.68,154.68,350.0,20,0.0
2025-11-17 10:00:00,154.681,154.73,154.643,154.664,690.0,20,0.0
2025-11-17 10:05:00,154.665,154.693,154.617,154.619,540.0,20,0.0
2025-11-17 10:10:00,154.62,154.694,154.615,154.691,394.0,20,0.0
2025-11-17 10:15:00,154.691,154.728,154.666,154.705,405.0,20,0.0
2025-11-17 10:20:00,154.704,154.736,154.685,154.714,447.0,20,0.0
2025-11-17 10:25:00,154.714,154.75,154.708,154.711,289.0,20,0.0
2025-11-17 10:30:00,154.712,154.782,154.708,154.779,567.0,20,0.0
2025-11-17 10:35:00,154.779,154.821,154.751,154.759,461.0,20,0.0
2025-11-17 10:40:00,154.757,154.781,154.73,154.744,392.0,20,0.0
2025-11-17 10:45:00,154.745,154.749,154.701,154.734,295.0,21,0.0
2025-11-17 10:50:00,154.736,154.748,154.7,154.7,254.0,20,0.0
2025-11-17 10:55:00,154.7,154.716,154.653,154.702,353.0,20,0.0
2025-11-17 11:00:00,154.701,154.725,154.697,154.719,327.0,20,0.0
2025-11-17 11:05:00,154.718,154.724,154.687,154.692,330.0,20,0.0
2025-11-17 11:10:00,154.7,154.732,154.698,154.71,318.0,20,0.0
2025-11-17 11:15:00,154.71,154.73,154.71,154.715,329.0,20,0.0
2025-11-17 11:20:00,154.714,154.728,154.693,154.716,358.0,20,0.0
2025-11-17 11:25:00,154.716,154.73,154.713,154.716,216.0,21,0.0
2025-11-17 11:30:00,154.717,154.729,154.681,154.703,306.0,21,0.0
2025-11-17 11:35:00,154.703,154.715,154.645,154.693,263.0,20,0.0
2025-11-17 11:40:00,154.693,154.728,154.685,154.705,229.0,20,0.0
2025-11-17 11:45:00,154.706,154.766,154.705,154.759,184.0,20,0.0
2025-11-17 11:50:00,154.762,154.777,154.75,154.759,262.0,20,0.0
2025-11-17 11:55:00,154.76,154.771,154.732,154.743,332.0,20,0.0
2025-11-17 12:00:00,154.744,154.759,154.73,154.734,278.0,20,0.0
2025-11-17 12:05:00,154.733,154.748,154.72,154.733,98.0,21,0.0
2025-11-17 12:10:00,154.733,154.758,154.725,154.74,142.0,20,0.0
2025-11-17 12:15:00,154.74,154.745,154.701,154.712,197.0,20,0.0
2025-11-17 12:20:00,154.711,154.73,154.684,154.724,269.0,20,0.0
2025-11-17 12:25:00,154.724,154.746,154.713,154.721,190.0,21,0.0
2025-11-17 12:30:00,154.722,154.756,154.72,154.751,260.0,20,0.0
2025-11-17 12:35:00,154.753,154.769,154.719,154.735,234.0,20,0.0
2025-11-17 12:40:00,154.736,154.779,154.733,154.77,204.0,20,0.0
2025-11-17 12:45:00,154.77,154.795,154.76,154.762,183.0,20,0.0
2025-11-17 12:50:00,154.762,154.821,154.761,154.809,357.0,20,0.0
2025-11-17 12:55:00,154.811,154.833,154.793,154.832,269.0,20,0.0
2025-11-17 13:00:00,154.826,154.845,154.803,154.83,288.0,20,0.0
2025-11-17 13:05:00,154.831,154.854,154.829,154.843,255.0,20,0.0
2025-11-17 13:10:00,154.844,154.861,154.835,154.844,112.0,20,0.0
2025-11-17 13:15:00,154.844,154.844,154.813,154.835,111.0,20,0.0
2025-11-17 13:20:00,154.835,154.839,154.812,154.815,72.0,20,0.0
2025-11-17 13:25:00,154.815,154.82,154.809,154.813,75.0,20,0.0
2025-11-17 13:30:00,154.814,154.837,154.813,154.825,182.0,20,0.0
2025-11-17 13:35:00,154.824,154.834,154.801,154.818,152.0,20,0.0
2025-11-17 13:40:00,154.817,154.819,154.782,154.782,215.0,20,0.0
2025-11-17 13:45:00,154.781,154.802,154.775,154.784,94.0,20,0.0
2025-11-17 13:50:00,154.785,154.799,154.78,154.784,184.0,20,0.0
2025-11-17 13:55:00,154.785,154.796,154.758,154.784,238.0,20,0.0
2025-11-17 14:00:00,154.785,154.81,154.771,154.774,231.0,20,0.0
2025-11-17 14:05:00,154.774,154.778,154.753,154.772,169.0,20,0.0
2025-11-17 14:10:00,154.771,154.781,154.762,154.775,109.0,20,0.0
2025-11-17 14:15:00,154.775,154.787,154.761,154.775,163.0,20,0.0
2025-11-17 14:20:00,154.776,154.778,154.751,154.762,134.0,20,0.0
2025-11-17 14:25:00,154.762,154.767,154.738,154.739,146.0,20,0.0
2025-11-17 14:30:00,154.738,154.76,154.727,154.748,120.0,20,0.0
2025-11-17 14:35:00,154.748,154.784,154.748,154.777,149.0,20,0.0
2025-11-17 14:40:00,154.777,154.79,154.76,154.77,181.0,20,0.0
2025-11-17 14:45:00,154.771,154.811,154.747,154.808,209.0,20,0.0
2025-11-17 14:50:00,154.808,154.845,154.804,154.845,264.0,20,0.0
2025-11-17 14:55:00,154.845,154.862,154.837,154.837,187.0,20,0.0
2025-11-17 15:00:00,154.836,154.875,154.828,154.854,300.0,20,0.0
2025-11-17 15:05:00,154.853,154.885,154.849,154.885,271.0,20,0.0
2025-11-17 15:10:00,154.885,154.907,154.839,154.854,348.0,20,0.0
2025-11-17 15:15:00,154.854,154.886,154.854,154.855,214.0,20,0.0
2025-11-17 15:20:00,154.853,154.875,154.834,154.843,232.0,20,0.0
2025-11-17 15:25:00,154.842,154.86,154.833,154.854,192.0,20,0.0
2025-11-17 15:30:00,154.855,154.892,154.835,154.845,304.0,20,0.0
2025-11-17 15:35:00,154.846,154.881,154.837,154.868,357.0,20,0.0
2025-11-17 15:40:00,154.869,154.871,154.828,154.833,195.0,20,0.0
2025-11-17 15:45:00,154.834,154.886,154.833,154.876,236.0,20,0.0
2025-11-17 15:50:00,154.876,154.882,154.851,154.876,200.0,20,0.0
2025-11-17 15:55:00,154.874,154.883,154.857,154.88,291.0,20,0.0
2025-11-17 16:00:00,154.878,154.888,154.855,154.875,257.0,20,0.0
2025-11-17 16:05:00,154.877,154.899,154.864,154.891,245.0,20,0.0
2025-11-17 16:10:00,154.891,154.892,154.865,154.867,180.0,20,0.0
2025-11-17 16:15:00,154.867,154.903,154.867,154.902,193.0,20,0.0
2025-11-17 16:20:00,154.902,154.919,154.894,154.914,169.0,20,0.0
2025-11-17 16:25:00,154.91,154.92,154.9,154.912,216.0,20,0.0
2025-11-17 16:30:00,154.913,154.926,154.89,154.908,447.0,20,0.0
2025-11-17 16:35:00,154.908,154.972,154.906,154.963,474.0,20,0.0
2025-11-17 16:40:00,154.963,154.971,154.947,154.963,309.0,20,0.0
2025-11-17 16:45:00,154.962,154.986,154.95,154.984,433.0,20,0.0
2025-11-17 16:50:00,154.985,154.993,154.878,154.925,570.0,20,0.0
2025-11-17 16:55:00,154.926,155.023,154.924,155.023,884.0,20,0.0
2025-11-17 17:00:00,155.023,155.113,154.994,155.105,923.0,20,0.0
2025-11-17 17:05:00,155.104,155.194,155.094,155.181,878.0,20,0.0
2025-11-17 17:10:00,155.185,155.288,155.18,155.267,727.0,20,0.0
2025-11-17 17:15:00,155.27,155.285,155.186,155.188,557.0,20,0.0
2025-11-17 17:20:00,155.19,155.208,155.136,155.157,398.0,20,0.0
2025-11-17 17:25:00,155.157,155.239,155.156,155.217,541.0,20,0.0
2025-11-17 17:30:00,155.218,155.285,155.208,155.22,504.0,20,0.0
2025-11-17 17:35:00,155.219,155.275,155.21,155.226,422.0,20,0.0
2025-11-17 17:40:00,155.225,155.288,155.215,155.284,512.0,20,0.0
2025-11-17 17:45:00,155.284,155.294,155.24,155.26,540.0,20,0.0
2025-11-17 17:50:00,155.262,155.291,155.244,155.252,477.0,20,0.0
2025-11-17 17:55:00,155.253,155.273,155.176,155.187,617.0,20,0.0
2025-11-17 18:00:00,155.186,155.192,155.144,155.175,398.0,20,0.0
2025-11-17 18:05:00,155.178,155.181,155.122,155.132,345.0,20,0.0
2025-11-17 18:10:00,155.132,155.136,155.098,155.12,318.0,20,0.0
2025-11-17 18:15:00,155.119,155.127,155.059,155.06,369.0,20,0.0
2025-11-17 18:20:00,155.059,155.117,155.048,155.108,298.0,20,0.0
2025-11-17 18:25:00,155.107,155.135,155.106,155.133,214.0,20,0.0
2025-11-17 18:30:00,155.132,155.155,155.124,155.145,441.0,20,0.0
2025-11-17 18:35:00,155.145,155.181,155.132,155.175,332.0,20,0.0
2025-11-17 18:40:00,155.176,155.193,155.156,155.166,279.0,20,0.0
2025-11-17 18:45:00,155.165,155.183,155.156,155.177,247.0,20,0.0
2025-11-17 18:50:00,155.178,155.195,155.162,155.178,198.0,20,0.0
2025-11-17 18:55:00,155.178,155.195,155.175,155.192,230.0,20,0.0
2025-11-17 19:00:00,155.192,155.193,155.175,155.18,176.0,20,0.0
2025-11-17 19:05:00,155.181,155.219,155.181,155.215,222.0,20,0.0
2025-11-17 19:10:00,155.214,155.219,155.189,155.204,148.0,20,0.0
2025-11-17 19:15:00,155.204,155.211,155.144,155.148,187.0,20,0.0
2025-11-17 19:20:00,155.15,155.166,155.132,155.152,203.0,20,0.0
2025-11-17 19:25:00,155.153,155.178,155.152,155.167,232.0,20,0.0
2025-11-17 19:30:00,155.166,155.191,155.163,155.176,376.0,20,0.0
2025-11-17 19:35:00,155.175,155.211,155.175,155.194,275.0,20,0.0
2025-11-17 19:40:00,155.194,155.199,155.162,155.166,203.0,20,0.0
2025-11-17 19:45:00,155.165,155.198,155.151,155.19,331.0,20,0.0
2025-11-17 19:50:00,155.189,155.193,155.165,155.178,234.0,20,0.0
2025-11-17 19:55:00,155.178,155.202,155.139,155.148,394.0,20,0.0
2025-11-17 20:00:00,155.148,155.161,155.126,155.158,269.0,20,0.0
2025-11-17 20:05:00,155.158,155.167,155.137,155.143,219.0,20,0.0
2025-11-17 20:10:00,155.143,155.191,155.142,155.175,244.0,20,0.0
2025-11-17 20:15:00,155.176,155.184,155.154,155.168,308.0,20,0.0
2025-11-17 20:20:00,155.169,155.189,155.168,155.178,167.0,20,0.0
2025-11-17 20:25:00,155.178,155.181,155.165,155.173,87.0,20,0.0
2025-11-17 20:30:00,155.172,155.189,155.166,155.183,114.0,20,0.0
2025-11-17 20:35:00,155.183,155.197,155.172,155.179,229.0,21,0.0
2025-11-17 20:40:00,155.179,155.185,155.16,155.176,348.0,21,0.0
2025-11-17 20:45:00,155.175,155.177,155.157,155.164,197.0,20,0.0
2025-11-17 20:50:00,155.165,155.165,155.151,155.152,93.0,21,0.0
2025-11-17 20:55:00,155.151,155.151,155.117,155.131,193.0,20,0.0
2025-11-17 21:00:00,155.132,155.134,155.095,155.114,203.0,20,0.0
2025-11-17 21:05:00,155.112,155.134,155.096,155.121,161.0,20,0.0
2025-11-17 21:10:00,155.121,155.136,155.111,155.12,140.0,20,0.0
2025-11-17 21:15:00,155.121,155.122,155.115,155.119,68.0,20,0.0
2025-11-17 21:20:00,155.119,155.121,155.108,155.114,133.0,21,0.0
2025-11-17 21:25:00,155.114,155.116,155.06,155.076,304.0,20,0.0
2025-11-17 21:30:00,155.075,155.143,155.072,155.142,343.0,20,0.0
2025-11-17 21:35:00,155.142,155.171,155.132,155.155,327.0,20,0.0
2025-11-17 21:40:00,155.151,155.196,155.117,155.189,359.0,20,0.0
2025-11-17 21:45:00,155.19,155.2,155.154,155.198,351.0,20,0.0
2025-11-17 21:50:00,155.198,155.231,155.19,155.217,501.0,20,0.0
2025-11-17 21:55:00,155.216,155.244,155.19,155.236,601.0,20,0.0
2025-11-17 22:00:00,155.237,155.25,155.185,155.196,312.0,20,0.0
2025-11-17 22:05:00,155.196,155.215,155.175,155.175,249.0,20,0.0
2025-11-17 22:10:00,155.175,155.19,155.156,155.189,308.0,20,0.0
2025-11-17 22:15:00,155.189,155.203,155.178,155.184,250.0,20,0.0
2025-11-17 22:20:00,155.185,155.223,155.18,155.216,142.0,20,0.0
2025-11-17 22:25:00,155.216,155.225,155.187,155.19,158.0,20,0.0
2025-11-17 22:30:00,155.19,155.215,155.174,155.174,285.0,20,0.0
2025-11-17 22:35:00,155.174,155.19,155.165,155.185,286.0,20,0.0
2025-11-17 22:40:00,155.186,155.202,155.178,155.185,167.0,20,0.0
2025-11-17 22:45:00,155.184,155.214,155.177,155.21,205.0,20,0.0
2025-11-17 22:50:00,155.212,155.241,155.185,155.201,380.0,20,0.0
2025-11-17 22:55:00,155.202,155.23,155.202,155.214,390.0,20,0.0
2025-11-17 23:00:00,155.219,155.238,155.209,155.216,313.0,20,0.0
2025-11-17 23:05:00,155.219,155.223,155.208,155.221,138.0,20,0.0
2025-11-17 23:10:00,155.22,155.227,155.22,155.224,135.0,22,0.0
2025-11-17 23:15:00,155.225,155.229,155.214,155.224,102.0,20,0.0
2025-11-17 23:20:00,155.225,155.228,155.221,155.225,93.0,21,0.0
2025-11-17 23:25:00,155.227,155.232,155.209,155.221,93.0,20,0.0
2025-11-17 23:30:00,155.22,155.22,155.206,155.214,68.0,22,0.0
2025-11-17 23:35:00,155.214,155.226,155.21,155.224,83.0,21,0.0
2025-11-17 23:40:00,155.224,155.225,155.207,155.224,65.0,20,0.0
2025-11-17 23:45:00,155.224,155.227,155.21,155.226,64.0,24,0.0
2025-11-17 23:50:00,155.226,155.23,155.206,155.224,96.0,22,0.0
2025-11-17 23:55:00,155.219,155.245,155.217,155.217,236.0,22,0.0
2025-11-18 00:00:00,155.216,155.216,155.136,155.136,7.0,71,0.0
2025-11-18 00:05:00,155.144,155.222,155.144,155.222,35.0,58,0.0
2025-11-18 00:10:00,155.222,155.222,155.207,155.222,5.0,41,0.0
2025-11-18 00:15:00,155.227,155.227,155.217,155.217,7.0,40,0.0
2025-11-18 00:20:00,155.216,155.216,155.2,155.2,17.0,43,0.0
2025-11-18 00:25:00,155.201,155.202,155.198,155.201,14.0,41,0.0
2025-11-18 00:30:00,155.2,155.209,155.199,155.208,36.0,40,0.0
2025-11-18 00:35:00,155.208,155.213,155.205,155.206,55.0,41,0.0
2025-11-18 00:40:00,155.207,155.207,155.197,155.197,59.0,42,0.0
2025-11-18 00:45:00,155.197,155.202,155.197,155.197,43.0,40,0.0
2025-11-18 00:50:00,155.197,155.202,155.174,155.176,147.0,22,0.0
2025-11-18 00:55:00,155.176,155.182,155.171,155.176,69.0,34,0.0
2025-11-18 01:00:00,155.186,155.248,155.175,155.246,164.0,20,0.0
2025-11-18 01:05:00,155.247,155.266,155.175,155.201,138.0,20,0.0
2025-11-18 01:10:00,155.202,155.209,155.195,155.198,54.0,26,0.0
2025-11-18 01:15:00,155.197,155.198,155.167,155.189,180.0,23,0.0
2025-11-18 01:20:00,155.19,155.198,155.183,155.198,112.0,25,0.0
2025-11-18 01:25:00,155.199,155.218,155.195,155.208,117.0,22,0.0
2025-11-18 01:30:00,155.212,155.224,155.187,155.213,108.0,23,0.0
2025-11-18 01:35:00,155.213,155.227,155.213,155.224,53.0,24,0.0
2025-11-18 01:40:00,155.225,155.261,155.224,155.249,234.0,20,0.0
2025-11-18 01:45:00,155.249,155.276,155.223,155.272,289.0,20,0.0
2025-11-18 01:50:00,155.272,155.278,155.223,155.224,180.0,21,0.0
2025-11-18 01:55:00,155.225,155.274,155.223,155.269,164.0,21,0.0
2025-11-18 02:00:00,155.269,155.322,155.244,155.321,482.0,20,0.0
2025-11-18 02:05:00,155.327,155.368,155.277,155.286,515.0,20,0.0
2025-11-18 02:10:00,155.285,155.309,155.234,155.235,465.0,20,0.0
2025-11-18 02:15:00,155.234,155.25,155.168,155.214,552.0,20,0.0
2025-11-18 02:20:00,155.214,155.254,155.211,155.227,197.0,20,0.0
2025-11-18 02:25:00,155.226,155.251,155.188,155.214,231.0,20,0.0
2025-11-18 02:30:00,155.214,155.241,155.174,155.19,239.0,20,0.0
2025-11-18 02:35:00,155.19,155.211,155.18,155.202,428.0,20,0.0
2025-11-18 02:40:00,155.202,155.219,155.185,155.19,443.0,20,0.0
2025-11-18 02:45:00,155.189,155.239,155.188,155.226,471.0,20,0.0
2025-11-18 02:50:00,155.226,155.287,155.222,155.283,656.0,20,0.0
2025-11-18 02:55:00,155.282,155.318,155.247,155.249,689.0,20,0.0
2025-11-18 03:00:00,155.25,155.302,155.204,155.238,594.0,20,0.0
2025-11-18 03:05:00,155.239,155.26,155.229,155.258,407.0,20,0.0
2025-11-18 03:10:00,155.258,155.33,155.256,155.295,434.0,20,0.0
2025-11-18 03:15:00,155.295,155.352,155.283,155.317,542.0,20,0.0
2025-11-18 03:20:00,155.316,155.317,155.251,155.258,449.0,20,0.0
2025-11-18 03:25:00,155.257,155.265,155.201,155.221,409.0,20,0.0
2025-11-18 03:30:00,155.22,155.237,155.21,155.227,213.0,20,0.0
2025-11-18 03:35:00,155.226,155.249,155.135,155.155,507.0,20,0.0
2025-11-18 03:40:00,155.153,155.186,155.151,155.153,286.0,20,0.0
2025-11-18 03:45:00,155.153,155.19,155.141,155.166,220.0,20,0.0
2025-11-18 03:50:00,155.165,155.203,155.161,155.201,232.0,20,0.0
2025-11-18 03:55:00,155.201,155.207,155.18,155.19,321.0,20,0.0
2025-11-18 04:00:00,155.191,155.208,155.182,155.206,259.0,21,0.0
2025-11-18 04:05:00,155.206,155.256,155.199,155.251,305.0,21,0.0
2025-11-18 04:10:00,155.252,155.275,155.222,155.224,207.0,20,0.0
2025-11-18 04:15:00,155.218,155.238,155.197,155.199,212.0,21,0.0
2025-11-18 04:20:00,155.198,155.211,155.181,155.184,163.0,21,0.0
2025-11-18 04:25:00,155.181,155.19,155.16,155.178,402.0,20,0.0
2025-11-18 04:30:00,155.177,155.195,155.166,155.166,452.0,21,0.0
2025-11-18 04:35:00,155.166,155.182,155.163,155.176,273.0,20,0.0
2025-11-18 04:40:00,155.176,155.194,155.17,155.19,119.0,20,0.0
2025-11-18 04:45:00,155.188,155.236,155.176,155.229,302.0,20,0.0
2025-11-18 04:50:00,155.229,155.255,155.222,155.232,263.0,20,0.0
2025-11-18 04:55:00,155.233,155.234,155.175,155.177,428.0,20,0.0
2025-11-18 05:00:00,155.177,155.178,155.132,155.133,311.0,20,0.0
2025-11-18 05:05:00,155.142,155.156,155.101,155.14,429.0,20,0.0
2025-11-18 05:10:00,155.141,155.165,155.13,155.131,304.0,20,0.0
2025-11-18 05:15:00,155.131,155.178,155.131,155.164,281.0,20,0.0
2025-11-18 05:20:00,155.165,155.171,155.15,155.155,197.0,21,0.0
2025-11-18 05:25:00,155.154,155.187,155.154,155.162,264.0,20,0.0
2025-11-18 05:30:00,155.163,155.172,155.141,155.165,429.0,20,0.0
2025-11-18 05:35:00,155.165,155.186,155.153,155.177,321.0,20,0.0
2025-11-18 05:40:00,155.177,155.178,155.147,155.154,351.0,20,0.0
2025-11-18 05:45:00,155.155,155.179,155.154,155.167,264.0,20,0.0
2025-11-18 05:50:00,155.167,155.19,155.164,155.175,214.0,20,0.0
2025-11-18 05:55:00,155.176,155.179,155.154,155.166,264.0,20,0.0
2025-11-18 06:00:00,155.166,155.18,155.154,155.161,158.0,20,0.0
2025-11-18 06:05:00,155.16,155.181,155.151,155.166,335.0,20,0.0
2025-11-18 06:10:00,155.165,155.166,155.079,155.082,546.0,20,0.0
2025-11-18 06:15:00,155.083,155.086,154.968,154.984,767.0,20,0.0
2025-11-18 06:20:00,154.986,155.001,154.835,154.87,1216.0,20,0.0
2025-11-18 06:25:00,154.871,154.911,154.805,154.867,827.0,20,0.0
2025-11-18 06:30:00,154.866,154.913,154.855,154.906,581.0,20,0.0
2025-11-18 06:35:00,154.905,154.931,154.835,154.93,502.0,20,0.0
2025-11-18 06:40:00,154.93,154.967,154.92,154.95,517.0,20,0.0
2025-11-18 06:45:00,154.949,154.965,154.916,154.962,383.0,20,0.0
2025-11-18 06:50:00,154.963,155.046,154.949,155.042,493.0,20,0.0
2025-11-18 06:55:00,155.042,155.096,155.024,155.042,672.0,20,0.0
2025-11-18 07:00:00,155.041,155.059,154.984,154.997,414.0,20,0.0
2025-11-18 07:05:00,154.997,155.055,154.993,155.024,400.0,20,0.0
2025-11-18 07:10:00,155.024,155.086,155.022,155.081,370.0,20,0.0
2025-11-18 07:15:00,155.08,155.082,155.035,155.063,219.0,20,0.0
2025-11-18 07:20:00,155.07,155.082,155.049,155.081,274.0,20,0.0
2025-11-18 07:25:00,155.081,155.091,155.038,155.053,254.0,20,0.0
2025-11-18 07:30:00,155.054,155.057,155.03,155.045,316.0,20,0.0
2025-11-18 07:35:00,155.045,155.048,155.017,155.021,207.0,20,0.0
2025-11-18 07:40:00,155.021,155.045,155.0,155.024,257.0,20,0.0
2025-11-18 07:45:00,155.025,155.069,155.019,155.056,306.0,20,0.0
2025-11-18 07:50:00,155.058,155.066,155.019,155.026,388.0,20,0.0
2025-11-18 07:55:00,155.027,155.093,155.022,155.073,304.0,20,0.0
2025-11-18 08:00:00,155.075,155.167,155.075,155.161,523.0,20,0.0
2025-11-18 08:05:00,155.161,155.181,155.115,155.121,331.0,20,0.0
2025-11-18 08:10:00,155.121,155.131,155.101,155.127,171.0,20,0.0
2025-11-18 08:15:00,155.127,155.158,155.113,155.131,243.0,20,0.0
2025-11-18 08:20:00,155.131,155.131,155.079,155.082,436.0,20,0.0
2025-11-18 08:25:00,155.083,155.095,155.054,155.073,283.0,20,0.0
2025-11-18 08:30:00,155.072,155.072,154.969,154.978,523.0,20,0.0
2025-11-18 08:35:00,154.978,154.984,154.859,154.944,765.0,20,0.0
2025-11-18 08:40:00,154.944,155.017,154.943,154.985,608.0,20,0.0
2025-11-18 08:45:00,154.984,155.046,154.975,155.046,523.0,20,0.0
2025-11-18 08:50:00,155.046,155.131,155.022,155.122,382.0,20,0.0
2025-11-18 08:55:00,155.121,155.207,155.028,155.167,622.0,20,0.0
2025-11-18 09:00:00,155.169,155.205,155.005,155.017,1239.0,20,0.0
2025-11-18 09:05:00,155.017,155.1,155.011,155.031,789.0,20,0.0
2025-11-18 09:10:00,155.032,155.083,154.958,154.996,799.0,20,0.0
2025-11-18 09:15:00,154.997,155.001,154.873,154.876,733.0,20,0.0
2025-11-18 09:20:00,154.875,155.008,154.862,154.998,770.0,20,0.0
2025-11-18 09:25:00,154.997,155.01,154.947,154.972,763.0,20,0.0
2025-11-18 09:30:00,154.972,155.057,154.94,155.051,660.0,20,0.0
2025-11-18 09:35:00,155.052,155.08,154.992,155.004,884.0,20,0.0
2025-11-18 09:40:00,155.005,155.06,154.993,155.021,643.0,20,0.0
2025-11-18 09:45:00,155.022,155.057,154.982,154.991,533.0,20,0.0
2025-11-18 09:50:00,154.99,155.027,154.972,154.972,541.0,20,0.0
2025-11-18 09:55:00,154.973,154.99,154.94,154.987,701.0,20,0.0
2025-11-18 10:00:00,154.988,155.07,154.981,155.032,981.0,20,0.0
2025-11-18 10:05:00,155.031,155.036,154.933,154.987,875.0,20,0.0
2025-11-18 10:10:00,154.987,154.989,154.9,154.924,563.0,20,0.0
2025-11-18 10:15:00,154.923,154.992,154.919,154.955,592.0,20,0.0
2025-11-18 10:20:00,154.956,154.976,154.934,154.959,509.0,20,0.0
2025-11-18 10:25:00,154.96,155.032,154.954,155.029,523.0,20,0.0
2025-11-18 10:30:00,155.029,155.136,155.014,155.136,612.0,20,0.0
2025-11-18 10:35:00,155.136,155.19,155.076,155.171,505.0,20,0.0
2025-11-18 10:40:00,155.17,155.209,155.133,155.185,544.0,20,0.0
2025-11-18 10:45:00,155.188,155.188,155.134,155.138,335.0,20,0.0
2025-11-18 10:50:00,155.139,155.139,155.073,155.091,392.0,20,0.0
2025-11-18 10:55:00,155.092,155.136,155.092,155.12,376.0,20,0.0
2025-11-18 11:00:00,155.125,155.151,155.073,155.092,652.0,20,0.0
2025-11-18 11:05:00,155.092,155.166,155.088,155.153,549.0,20,0.0
2025-11-18 11:10:00,155.153,155.199,155.121,155.191,396.0,20,0.0
2025-11-18 11:15:00,155.193,155.242,155.178,155.209,508.0,20,0.0
2025-11-18 11:20:00,155.209,155.213,155.18,155.198,380.0,20,0.0
2025-11-18 11:25:00,155.198,155.212,155.181,155.201,346.0,20,0.0
2025-11-18 11:30:00,155.2,155.234,155.185,155.194,408.0,20,0.0
2025-11-18 11:35:00,155.194,155.204,155.159,155.186,296.0,20,0.0
2025-11-18 11:40:00,155.185,155.204,155.161,155.191,381.0,20,0.0
2025-11-18 11:45:00,155.189,155.213,155.187,155.212,283.0,20,0.0
2025-11-18 11:50:00,155.213,155.235,155.209,155.233,276.0,20,0.0
2025-11-18 11:55:00,155.234,155.256,155.216,155.223,435.0,20,0.0
2025-11-18 12:00:00,155.224,155.256,155.217,155.253,481.0,20,0.0
2025-11-18 12:05:00,155.252,155.256,155.195,155.209,342.0,20,0.0
2025-11-18 12:10:00,155.209,155.225,155.209,155.21,187.0,20,0.0
2025-11-18 12:15:00,155.21,155.246,155.2,155.239,395.0,20,0.0
2025-11-18 12:20:00,155.236,155.255,155.222,155.247,303.0,20,0.0
2025-11-18 12:25:00,155.248,155.273,155.235,155.272,300.0,20,0.0
2025-11-18 12:30:00,155.271,155.309,155.271,155.301,474.0,20,0.0
2025-11-18 12:35:00,155.3,155.308,155.272,155.295,277.0,20,0.0
2025-11-18 12:40:00,155.296,155.352,155.295,155.325,250.0,20,0.0
2025-11-18 12:45:00,155.325,155.385,155.312,155.354,332.0,20,0.0
2025-11-18 12:50:00,155.355,155.388,155.346,155.382,401.0,20,0.0
2025-11-18 12:55:00,155.381,155.414,155.381,155.412,404.0,20,0.0
2025-11-18 13:00:00,155.413,155.413,155.36,155.4,308.0,20,0.0
2025-11-18 13:05:00,155.4,155.41,155.387,155.405,257.0,20,0.0
2025-11-18 13:10:00,155.404,155.413,155.351,155.37,331.0,20,0.0
2025-11-18 13:15:00,155.371,155.396,155.371,155.387,266.0,20,0.0
2025-11-18 13:20:00,155.387,155.416,155.386,155.391,290.0,20,0.0
2025-11-18 13:25:00,155.391,155.408,155.385,155.4,215.0,20,0.0
2025-11-18 13:30:00,155.401,155.406,155.375,155.377,263.0,20,0.0
2025-11-18 13:35:00,155.377,155.381,155.35,155.374,165.0,20,0.0
2025-11-18 13:40:00,155.376,155.417,155.376,155.402,248.0,20,0.0
2025-11-18 13:45:00,155.403,155.431,155.39,155.415,325.0,20,0.0
2025-11-18 13:50:00,155.415,155.424,155.393,155.416,380.0,20,0.0
2025-11-18 13:55:00,155.415,155.43,155.399,155.416,496.0,20,0.0
2025-11-18 14:00:00,155.415,155.429,155.33,155.33,498.0,20,0.0
2025-11-18 14:05:00,155.33,155.358,155.292,155.33,510.0,20,0.0
2025-11-18 14:10:00,155.331,155.344,155.288,155.309,413.0,20,0.0
2025-11-18 14:15:00,155.308,155.362,155.298,155.355,454.0,20,0.0
2025-11-18 14:20:00,155.356,155.364,155.309,155.318,358.0,20,0.0
2025-11-18 14:25:00,155.318,155.355,155.303,155.34,294.0,20,0.0
2025-11-18 14:30:00,155.341,155.359,155.291,155.305,397.0,20,0.0
2025-11-18 14:35:00,155.312,155.328,155.287,155.292,348.0,20,0.0
2025-11-18 14:40:00,155.294,155.304,155.252,155.292,406.0,20,0.0
2025-11-18 14:45:00,155.291,155.294,155.246,155.26,551.0,20,0.0
2025-11-18 14:50:00,155.26,155.26,155.207,155.221,386.0,20,0.0
2025-11-18 14:55:00,155.222,155.224,155.165,155.17,614.0,20,0.0
2025-11-18 15:00:00,155.17,155.221,155.138,155.195,701.0,20,0.0
2025-11-18 15:05:00,155.199,155.247,155.173,155.247,605.0,20,0.0
2025-11-18 15:10:00,155.246,155.253,155.22,155.22,505.0,20,0.0
2025-11-18 15:15:00,155.221,155.231,155.173,155.188,482.0,20,0.0
2025-11-18 15:20:00,155.188,155.191,155.15,155.164,462.0,20,0.0
2025-11-18 15:25:00,155.164,155.176,155.081,155.12,805.0,20,0.0
2025-11-18 15:30:00,155.12,155.221,155.052,155.17,1019.0,20,0.0
2025-11-18 15:35:00,155.17,155.173,155.075,155.083,829.0,20,0.0
2025-11-18 15:40:00,155.082,155.129,155.066,155.117,559.0,20,0.0
2025-11-18 15:45:00,155.116,155.165,155.102,155.15,501.0,20,0.0
2025-11-18 15:50:00,155.151,155.188,155.11,155.184,613.0,20,0.0
2025-11-18 15:55:00,155.186,155.19,155.158,155.16,565.0,20,0.0
2025-11-18 16:00:00,155.159,155.175,155.131,155.165,508.0,20,0.0
2025-11-18 16:05:00,155.165,155.218,155.161,155.218,459.0,20,0.0
2025-11-18 16:10:00,155.216,155.226,155.163,155.224,487.0,20,0.0
2025-11-18 16:15:00,155.224,155.283,155.219,155.251,399.0,20,0.0
2025-11-18 16:20:00,155.251,155.287,155.233,155.233,525.0,20,0.0
2025-11-18 16:25:00,155.233,155.281,155.219,155.268,557.0,20,0.0
2025-11-18 16:30:00,155.266,155.372,155.255,155.318,1100.0,20,0.0
2025-11-18 16:35:00,155.318,155.347,155.295,155.313,1020.0,20,0.0
2025-11-18 16:40:00,155.31,155.343,155.289,155.305,916.0,20,0.0
2025-11-18 16:45:00,155.306,155.351,155.3,155.32,889.0,20,0.0
2025-11-18 16:50:00,155.319,155.336,155.246,155.271,887.0,20,0.0
2025-11-18 16:55:00,155.271,155.274,155.22,155.22,725.0,20,0.0
2025-11-18 17:00:00,155.219,155.242,155.066,155.067,1215.0,20,0.0
2025-11-18 17:05:00,155.068,155.173,155.041,155.14,1131.0,20,0.0
2025-11-18 17:10:00,155.139,155.163,155.115,155.115,953.0,20,0.0
2025-11-18 17:15:00,155.115,155.129,155.059,155.123,894.0,20,0.0
2025-11-18 17:20:00,155.12,155.234,155.115,155.163,1111.0,20,0.0
2025-11-18 17:25:00,155.162,155.17,155.109,155.125,1124.0,20,0.0
2025-11-18 17:30:00,155.124,155.151,155.072,155.093,1160.0,20,0.0
2025-11-18 17:35:00,155.093,155.115,155.063,155.088,904.0,20,0.0
2025-11-18 17:40:00,155.087,155.11,155.06,155.099,828.0,20,0.0
2025-11-18 17:45:00,155.096,155.13,155.08,155.092,721.0,20,0.0
2025-11-18 17:50:00,155.092,155.161,155.068,155.154,855.0,20,0.0
2025-11-18 17:55:00,155.155,155.274,155.15,155.264,915.0,20,0.0
2025-11-18 18:00:00,155.263,155.298,155.255,155.264,806.0,20,0.0
2025-11-18 18:05:00,155.266,155.383,155.248,155.366,759.0,20,0.0
2025-11-18 18:10:00,155.365,155.422,155.349,155.36,804.0,20,0.0
2025-11-18 18:15:00,155.355,155.391,155.313,155.382,765.0,20,0.0
2025-11-18 18:20:00,155.381,155.457,155.372,155.416,726.0,20,0.0
2025-11-18 18:25:00,155.416,155.476,155.408,155.475,629.0,20,0.0
2025-11-18 18:30:00,155.476,155.488,155.452,155.469,794.0,20,0.0
2025-11-18 18:35:00,155.47,155.489,155.453,155.472,703.0,20,0.0
2025-11-18 18:40:00,155.472,155.491,155.456,155.484,754.0,20,0.0
2025-11-18 18:45:00,155.484,155.496,155.408,155.412,648.0,20,0.0
2025-11-18 18:50:00,155.417,155.448,155.404,155.437,724.0,20,0.0
2025-11-18 18:55:00,155.436,155.461,155.415,155.433,599.0,20,0.0
2025-11-18 19:00:00,155.433,155.472,155.418,155.447,540.0,20,0.0
2025-11-18 19:05:00,155.446,155.476,155.437,155.476,404.0,20,0.0
2025-11-18 19:10:00,155.476,155.554,155.476,155.496,595.0,20,0.0
2025-11-18 19:15:00,155.499,155.573,155.491,155.566,588.0,20,0.0
2025-11-18 19:20:00,155.567,155.594,155.557,155.57,556.0,20,0.0
2025-11-18 19:25:00,155.569,155.571,155.524,155.539,584.0,20,0.0
2025-11-18 19:30:00,155.543,155.565,155.508,155.562,669.0,20,0.0
2025-11-18 19:35:00,155.561,155.576,155.536,155.57,431.0,20,0.0
2025-11-18 19:40:00,155.569,155.617,155.569,155.616,571.0,20,0.0
2025-11-18 19:45:00,155.615,155.63,155.603,155.625,453.0,20,0.0
2025-11-18 19:50:00,155.625,155.647,155.61,155.642,388.0,20,0.0
2025-11-18 19:55:00,155.641,155.685,155.635,155.682,509.0,20,0.0
2025-11-18 20:00:00,155.682,155.697,155.652,155.669,574.0,20,0.0
2025-11-18 20:05:00,155.67,155.722,155.669,155.692,570.0,20,0.0
2025-11-18 20:10:00,155.697,155.723,155.667,155.67,431.0,20,0.0
2025-11-18 20:15:00,155.67,155.675,155.632,155.664,606.0,20,0.0
2025-11-18 20:20:00,155.664,155.666,155.619,155.641,517.0,21,0.0
2025-11-18 20:25:00,155.641,155.661,155.627,155.63,652.0,20,0.0
2025-11-18 20:30:00,155.63,155.661,155.63,155.646,534.0,20,0.0
2025-11-18 20:35:00,155.649,155.649,155.596,155.622,484.0,20,0.0
2025-11-18 20:40:00,155.622,155.656,155.558,155.57,461.0,20,0.0
2025-11-18 20:45:00,155.569,155.583,155.55,155.583,404.0,20,0.0
2025-11-18 20:50:00,155.581,155.602,155.575,155.594,432.0,20,0.0
2025-11-18 20:55:00,155.593,155.593,155.577,155.587,436.0,20,0.0
2025-11-18 21:00:00,155.586,155.627,155.572,155.574,457.0,20,0.0
2025-11-18 21:05:00,155.573,155.588,155.558,155.574,245.0,20,0.0
2025-11-18 21:10:00,155.574,155.576,155.556,155.559,370.0,20,0.0
2025-11-18 21:15:00,155.558,155.56,155.521,155.547,343.0,20,0.0
2025-11-18 21:20:00,155.546,155.55,155.513,155.526,319.0,20,0.0
2025-11-18 21:25:00,155.526,155.527,155.505,155.513,266.0,20,0.0
2025-11-18 21:30:00,155.514,155.536,155.508,155.52,336.0,20,0.0
2025-11-18 21:35:00,155.52,155.563,155.514,155.559,503.0,20,0.0
2025-11-18 21:40:00,155.56,155.568,155.538,155.542,537.0,20,0.0
2025-11-18 21:45:00,155.542,155.573,155.537,155.56,369.0,20,0.0
2025-11-18 21:50:00,155.559,155.56,155.518,155.521,437.0,20,0.0
2025-11-18 21:55:00,155.521,155.531,155.488,155.513,492.0,20,0.0
2025-11-18 22:00:00,155.513,155.525,155.494,155.51,276.0,20,0.0
2025-11-18 22:05:00,155.509,155.51,155.488,155.491,278.0,20,0.0
2025-11-18 22:10:00,155.491,155.495,155.468,155.475,290.0,20,0.0
2025-11-18 22:15:00,155.474,155.513,155.474,155.509,280.0,20,0.0
2025-11-18 22:20:00,155.509,155.514,155.499,155.511,290.0,21,0.0
2025-11-18 22:25:00,155.512,155.527,155.491,155.525,236.0,20,0.0
2025-11-18 22:30:00,155.525,155.542,155.517,155.527,254.0,20,0.0
2025-11-18 22:35:00,155.527,155.537,155.519,155.521,192.0,20,0.0
2025-11-18 22:40:00,155.521,155.538,155.505,155.536,175.0,20,0.0
2025-11-18 22:45:00,155.536,155.54,155.512,155.512,127.0,20,0.0
2025-11-18 22:50:00,155.511,155.548,155.511,155.534,274.0,20,0.0
2025-11-18 22:55:00,155.534,155.551,155.515,155.518,174.0,20,0.0
2025-11-18 23:00:00,155.517,155.526,155.51,155.516,230.0,20,0.0
2025-11-18 23:05:00,155.515,155.528,155.508,155.512,103.0,20,0.0
2025-11-18 23:10:00,155.515,155.524,155.505,155.511,172.0,20,0.0
2025-11-18 23:15:00,155.511,155.511,155.486,155.5,134.0,21,0.0
2025-11-18 23:20:00,155.501,155.511,155.483,155.505,258.0,20,0.0
2025-11-18 23:25:00,155.505,155.514,155.5,155.506,177.0,22,0.0
2025-11-18 23:30:00,155.505,155.517,155.5,155.502,199.0,22,0.0
2025-11-18 23:35:00,155.504,155.515,155.501,155.513,125.0,23,0.0
2025-11-18 23:40:00,155.513,155.514,155.501,155.513,211.0,23,0.0
2025-11-18 23:45:00,155.512,155.539,155.51,155.536,153.0,20,0.0
2025-11-18 23:50:00,155.536,155.537,155.523,155.524,136.0,22,0.0
2025-11-18 23:55:00,155.522,155.535,155.476,155.478,389.0,23,0.0
2025-11-19 00:00:00,155.481,155.481,155.424,155.451,7.0,62,0.0
2025-11-19 00:05:00,155.446,155.49,155.446,155.462,40.0,55,0.0
2025-11-19 00:10:00,155.462,155.466,155.447,155.452,24.0,38,0.0
2025-11-19 00:15:00,155.449,155.451,155.446,155.451,20.0,50,0.0
2025-11-19 00:20:00,155.451,155.47,155.442,155.47,11.0,41,0.0
2025-11-19 00:25:00,155.47,155.485,155.41,155.432,52.0,39,0.0
2025-11-19 00:30:00,155.434,155.469,155.434,155.462,75.0,41,0.0
2025-11-19 00:35:00,155.461,155.466,155.459,155.465,44.0,40,0.0
2025-11-19 00:40:00,155.465,155.466,155.459,155.464,62.0,40,0.0
2025-11-19 00:45:00,155.464,155.482,155.463,155.47,103.0,38,0.0
2025-11-19 00:50:00,155.476,155.521,155.47,155.504,49.0,37,0.0
2025-11-19 00:55:00,155.504,155.532,155.487,155.503,70.0,28,0.0
2025-11-19 01:00:00,155.494,155.528,155.483,155.506,195.0,24,0.0
2025-11-19 01:05:00,155.506,155.521,155.505,155.506,79.0,24,0.0
2025-11-19 01:10:00,155.507,155.529,155.506,155.527,110.0,20,0.0
2025-11-19 01:15:00,155.529,155.533,155.508,155.529,212.0,20,0.0
2025-11-19 01:20:00,155.53,155.536,155.52,155.531,248.0,21,0.0
2025-11-19 01:25:00,155.531,155.534,155.508,155.508,79.0,21,0.0
2025-11-19 01:30:00,155.508,155.533,155.504,155.521,147.0,22,0.0
2025-11-19 01:35:00,155.523,155.536,155.521,155.524,62.0,22,0.0
2025-11-19 01:40:00,155.522,155.56,155.522,155.559,153.0,20,0.0
2025-11-19 01:45:00,155.56,155.581,155.528,155.543,233.0,21,0.0
2025-11-19 01:50:00,155.542,155.547,155.519,155.534,227.0,23,0.0
2025-11-19 01:55:00,155.534,155.558,155.518,155.522,311.0,22,0.0
2025-11-19 02:00:00,155.521,155.57,155.432,155.436,701.0,20,0.0
2025-11-19 02:05:00,155.437,155.464,155.43,155.449,463.0,20,0.0
2025-11-19 02:10:00,155.45,155.489,155.414,155.448,508.0,20,0.0
2025-11-19 02:15:00,155.449,155.464,155.404,155.429,598.0,20,0.0
2025-11-19 02:20:00,155.429,155.441,155.385,155.391,502.0,20,0.0
2025-11-19 02:25:00,155.39,155.42,155.39,155.412,428.0,20,0.0
2025-11-19 02:30:00,155.411,155.449,155.411,155.445,443.0,20,0.0
2025-11-19 02:35:00,155.445,155.463,155.432,155.448,471.0,20,0.0
2025-11-19 02:40:00,155.447,155.447,155.409,155.416,274.0,20,0.0
2025-11-19 02:45:00,155.415,155.427,155.374,155.388,526.0,20,0.0
2025-11-19 02:50:00,155.387,155.476,155.363,155.469,760.0,20,0.0
2025-11-19 02:55:00,155.47,155.477,155.413,155.463,874.0,20,0.0
2025-11-19 03:00:00,155.463,155.49,155.421,155.458,696.0,20,0.0
2025-11-19 03:05:00,155.458,155.505,155.436,155.451,858.0,20,0.0
2025-11-19 03:10:00,155.45,155.475,155.428,155.435,704.0,20,0.0
2025-11-19 03:15:00,155.435,155.463,155.43,155.437,377.0,20,0.0
2025-11-19 03:20:00,155.437,155.526,155.436,155.518,627.0,20,0.0
2025-11-19 03:25:00,155.519,155.529,155.484,155.484,410.0,20,0.0
2025-11-19 03:30:00,155.483,155.493,155.444,155.459,414.0,20,0.0
2025-11-19 03:35:00,155.457,155.463,155.422,155.451,454.0,20,0.0
2025-11-19 03:40:00,155.452,155.472,155.436,155.465,284.0,20,0.0
2025-11-19 03:45:00,155.462,155.472,155.446,155.471,375.0,20,0.0
2025-11-19 03:50:00,155.472,155.495,155.466,155.475,475.0,20,0.0
2025-11-19 03:55:00,155.474,155.501,155.46,155.487,568.0,20,0.0
2025-11-19 04:00:00,155.486,155.529,155.481,155.521,511.0,20,0.0
2025-11-19 04:05:00,155.522,155.538,155.494,155.506,384.0,20,0.0
2025-11-19 04:10:00,155.506,155.544,155.424,155.425,617.0,20,0.0
2025-11-19 04:15:00,155.425,155.441,155.371,155.377,583.0,20,0.0
2025-11-19 04:20:00,155.377,155.402,155.35,155.401,530.0,20,0.0
2025-11-19 04:25:00,155.402,155.425,155.384,155.386,343.0,20,0.0
2025-11-19 04:30:00,155.386,155.401,155.352,155.361,403.0,21,0.0
2025-11-19 04:35:00,155.361,155.396,155.36,155.365,335.0,20,0.0
2025-11-19 04:40:00,155.366,155.375,155.322,155.326,302.0,20,0.0
2025-11-19 04:45:00,155.326,155.361,155.315,155.353,300.0,20,0.0
2025-11-19 04:50:00,155.353,155.359,155.317,155.317,272.0,20,0.0
2025-11-19 04:55:00,155.317,155.356,155.316,155.343,254.0,20,0.0
2025-11-19 05:00:00,155.342,155.342,155.284,155.326,378.0,20,0.0
2025-11-19 05:05:00,155.326,155.34,155.286,155.302,348.0,20,0.0
2025-11-19 05:10:00,155.301,155.317,155.282,155.282,284.0,20,0.0
2025-11-19 05:15:00,155.282,155.284,155.242,155.255,469.0,20,0.0
2025-11-19 05:20:00,155.256,155.37,155.252,155.269,699.0,20,0.0
2025-11-19 05:25:00,155.27,155.296,155.261,155.282,312.0,20,0.0
2025-11-19 05:30:00,155.281,155.332,155.278,155.307,535.0,21,0.0
2025-11-19 05:35:00,155.307,155.335,155.288,155.303,299.0,20,0.0
2025-11-19 05:40:00,155.302,155.307,155.25,155.255,362.0,20,0.0
2025-11-19 05:45:00,155.254,155.255,155.203,155.22,530.0,20,0.0
2025-11-19 05:50:00,155.219,155.26,155.212,155.258,394.0,20,0.0
2025-11-19 05:55:00,155.258,155.289,155.255,155.284,286.0,20,0.0
2025-11-19 06:00:00,155.283,155.319,155.283,155.311,361.0,20,0.0
2025-11-19 06:05:00,155.31,155.359,155.308,155.351,297.0,20,0.0
2025-11-19 06:10:00,155.35,155.385,155.338,155.375,364.0,20,0.0
2025-11-19 06:15:00,155.374,155.449,155.374,155.41,541.0,20,0.0
2025-11-19 06:20:00,155.409,155.451,155.402,155.448,483.0,20,0.0
2025-11-19 06:25:00,155.449,155.457,155.43,155.446,239.0,20,0.0
2025-11-19 06:30:00,155.453,155.454,155.413,155.424,359.0,20,0.0
2025-11-19 06:35:00,155.425,155.437,155.408,155.414,458.0,20,0.0
2025-11-19 06:40:00,155.413,155.415,155.386,155.387,359.0,21,0.0
2025-11-19 06:45:00,155.387,155.402,155.359,155.365,463.0,20,0.0
2025-11-19 06:50:00,155.364,155.375,155.335,155.336,306.0,20,0.0
2025-11-19 06:55:00,155.335,155.338,155.305,155.311,348.0,20,0.0
2025-11-19 07:00:00,155.311,155.328,155.276,155.314,333.0,20,0.0
2025-11-19 07:05:00,155.313,155.339,155.298,155.329,492.0,20,0.0
2025-11-19 07:10:00,155.33,155.348,155.311,155.312,354.0,20,0.0
2025-11-19 07:15:00,155.312,155.328,155.311,155.327,314.0,21,0.0
2025-11-19 07:20:00,155.328,155.372,155.325,155.362,318.0,21,0.0
2025-11-19 07:25:00,155.362,155.368,155.342,155.351,305.0,20,0.0
2025-11-19 07:30:00,155.351,155.351,155.322,155.326,261.0,20,0.0
2025-11-19 07:35:00,155.327,155.343,155.315,155.326,380.0,20,0.0
2025-11-19 07:40:00,155.326,155.33,155.259,155.275,356.0,20,0.0
2025-11-19 07:45:00,155.276,155.301,155.251,155.29,442.0,20,0.0
2025-11-19 07:50:00,155.291,155.344,155.289,155.317,631.0,20,0.0
2025-11-19 07:55:00,155.318,155.362,155.317,155.358,609.0,20,0.0
2025-11-19 08:00:00,155.358,155.391,155.327,155.374,375.0,20,0.0
2025-11-19 08:05:00,155.371,155.371,155.327,155.33,265.0,20,0.0
2025-11-19 08:10:00,155.33,155.367,155.33,155.354,306.0,20,0.0
2025-11-19 08:15:00,155.355,155.413,155.354,155.38,379.0,20,0.0
2025-11-19 08:20:00,155.38,155.382,155.355,155.368,273.0,20,0.0
2025-11-19 08:25:00,155.369,155.37,155.317,155.338,201.0,20,0.0
2025-11-19 08:30:00,155.34,155.367,155.315,155.353,444.0,20,0.0
2025-11-19 08:35:00,155.353,155.356,155.326,155.334,181.0,21,0.0
2025-11-19 08:40:00,155.333,155.378,155.329,155.371,330.0,20,0.0
2025-11-19 08:45:00,155.371,155.383,155.331,155.352,290.0,20,0.0
2025-11-19 08:50:00,155.353,155.448,155.347,155.435,354.0,20,0.0
2025-11-19 08:55:00,155.435,155.449,155.421,155.438,345.0,20,0.0
2025-11-19 09:00:00,155.439,155.466,155.439,155.448,432.0,20,0.0
2025-11-19 09:05:00,155.449,155.509,155.449,155.509,509.0,20,0.0
2025-11-19 09:10:00,155.509,155.517,155.482,155.494,281.0,20,0.0
2025-11-19 09:15:00,155.494,155.512,155.462,155.473,264.0,20,0.0
2025-11-19 09:20:00,155.472,155.507,155.448,155.459,269.0,20,0.0
2025-11-19 09:25:00,155.46,155.463,155.427,155.444,317.0,20,0.0
2025-11-19 09:30:00,155.445,155.458,155.397,155.41,401.0,20,0.0
2025-11-19 09:35:00,155.41,155.447,155.401,155.435,384.0,20,0.0
2025-11-19 09:40:00,155.434,155.448,155.408,155.445,293.0,20,0.0
2025-11-19 09:45:00,155.444,155.467,155.42,155.455,264.0,20,0.0
2025-11-19 09:50:00,155.456,155.46,155.42,155.458,332.0,20,0.0
2025-11-19 09:55:00,155.458,155.521,155.456,155.507,846.0,20,0.0
2025-11-19 10:00:00,155.508,155.513,155.47,155.492,536.0,20,0.0
2025-11-19 10:05:00,155.493,155.522,155.471,155.491,437.0,20,0.0
2025-11-19 10:10:00,155.491,155.518,155.491,155.511,363.0,20,0.0
2025-11-19 10:15:00,155.51,155.549,155.498,155.548,293.0,20,0.0
2025-11-19 10:20:00,155.549,155.6,155.549,155.576,412.0,20,0.0
2025-11-19 10:25:00,155.575,155.663,155.571,155.65,562.0,20,0.0
2025-11-19 10:30:00,155.65,155.668,155.616,155.618,481.0,20,0.0
2025-11-19 10:35:00,155.624,155.649,155.61,155.615,294.0,20,0.0
2025-11-19 10:40:00,155.615,155.642,155.61,155.623,482.0,20,0.0
2025-11-19 10:45:00,155.623,155.624,155.55,155.565,362.0,20,0.0
2025-11-19 10:50:00,155.565,155.577,155.552,155.572,346.0,20,0.0
2025-11-19 10:55:00,155.571,155.643,155.562,155.626,464.0,20,0.0
2025-11-19 11:00:00,155.627,155.653,155.574,155.582,468.0,20,0.0
2025-11-19 11:05:00,155.581,155.588,155.55,155.556,371.0,20,0.0
2025-11-19 11:10:00,155.555,155.597,155.545,155.581,251.0,20,0.0
2025-11-19 11:15:00,155.58,155.616,155.58,155.602,246.0,20,0.0
2025-11-19 11:20:00,155.602,155.641,155.601,155.637,222.0,20,0.0
2025-11-19 11:25:00,155.638,155.641,155.6,155.63,401.0,20,0.0
2025-11-19 11:30:00,155.631,155.669,155.623,155.63,369.0,20,0.0
2025-11-19 11:35:00,155.63,155.826,155.546,155.784,873.0,20,0.0
2025-11-19 11:40:00,155.783,155.867,155.754,155.845,887.0,20,0.0
2025-11-19 11:45:00,155.847,155.939,155.842,155.928,739.0,20,0.0
2025-11-19 11:50:00,155.929,155.94,155.886,155.904,572.0,20,0.0
2025-11-19 11:55:00,155.905,155.956,155.87,155.943,511.0,20,0.0
2025-11-19 12:00:00,155.942,155.973,155.925,155.965,500.0,20,0.0
2025-11-19 12:05:00,155.965,155.98,155.947,155.969,528.0,20,0.0
2025-11-19 12:10:00,155.968,155.979,155.951,155.97,381.0,20,0.0
2025-11-19 12:15:00,155.97,155.984,155.96,155.977,374.0,20,0.0
2025-11-19 12:20:00,155.976,155.981,155.94,155.952,278.0,20,0.0
2025-11-19 12:25:00,155.952,155.988,155.943,155.985,305.0,20,0.0
2025-11-19 12:30:00,155.986,156.073,155.963,156.021,585.0,20,0.0
2025-11-19 12:35:00,156.022,156.096,156.012,156.096,532.0,20,0.0
2025-11-19 12:40:00,156.1,156.151,156.093,156.127,549.0,21,0.0
2025-11-19 12:45:00,156.125,156.194,156.123,156.172,498.0,21,0.0
2025-11-19 12:50:00,156.171,156.216,156.171,156.205,536.0,21,0.0
2025-11-19 12:55:00,156.206,156.241,156.206,156.232,564.0,21,0.0
2025-11-19 13:00:00,156.232,156.285,156.232,156.269,536.0,21,0.0
2025-11-19 13:05:00,156.27,156.27,156.222,156.229,417.0,21,0.0
2025-11-19 13:10:00,156.231,156.235,156.166,156.167,588.0,21,0.0
2025-11-19 13:15:00,156.167,156.182,156.14,156.158,387.0,21,0.0
2025-11-19 13:20:00,156.158,156.222,156.158,156.205,313.0,21,0.0
2025-11-19 13:25:00,156.205,156.214,156.165,156.166,366.0,21,0.0
2025-11-19 13:30:00,156.167,156.17,156.129,156.152,352.0,21,0.0
2025-11-19 13:35:00,156.152,156.174,156.148,156.164,401.0,21,0.0
2025-11-19 13:40:00,156.166,156.167,156.127,156.141,278.0,21,0.0
2025-11-19 13:45:00,156.14,156.161,156.1,156.121,276.0,21,0.0
2025-11-19 13:50:00,156.12,156.157,156.088,156.092,351.0,21,0.0
2025-11-19 13:55:00,156.093,156.101,156.072,156.095,369.0,21,0.0
2025-11-19 14:00:00,156.089,156.113,156.06,156.087,428.0,21,0.0
2025-11-19 14:05:00,156.085,156.108,156.054,156.107,483.0,21,0.0
2025-11-19 14:10:00,156.107,156.11,156.082,156.099,308.0,21,0.0
2025-11-19 14:15:00,156.1,156.142,156.08,156.139,317.0,21,0.0
2025-11-19 14:20:00,156.139,156.181,156.133,156.16,321.0,21,0.0
2025-11-19 14:25:00,156.16,156.172,156.133,156.17,250.0,21,0.0
2025-11-19 14:30:00,156.171,156.183,156.139,156.18,318.0,21,0.0
2025-11-19 14:35:00,156.181,156.235,156.18,156.221,410.0,21,0.0
2025-11-19 14:40:00,156.221,156.239,156.204,156.239,255.0,21,0.0
2025-11-19 14:45:00,156.242,156.245,156.199,156.221,233.0,21,0.0
2025-11-19 14:50:00,156.221,156.23,156.202,156.207,156.0,21,0.0
2025-11-19 14:55:00,156.208,156.252,156.207,156.237,295.0,21,0.0
2025-11-19 15:00:00,156.236,156.245,156.154,156.159,451.0,21,0.0
2025-11-19 15:05:00,156.158,156.171,156.098,156.125,389.0,21,0.0
2025-11-19 15:10:00,156.124,156.124,156.041,156.075,418.0,21,0.0
2025-11-19 15:15:00,156.075,156.08,156.029,156.073,306.0,21,0.0
2025-11-19 15:20:00,156.073,156.108,156.051,156.101,361.0,21,0.0
2025-11-19 15:25:00,156.101,156.175,156.089,156.172,255.0,21,0.0
2025-11-19 15:30:00,156.172,156.212,156.146,156.202,326.0,21,0.0
2025-11-19 15:35:00,156.199,156.201,156.174,156.193,439.0,21,0.0
2025-11-19 15:40:00,156.192,156.213,156.138,156.175,508.0,21,0.0
2025-11-19 15:45:00,156.175,156.187,156.146,156.157,461.0,21,0.0
2025-11-19 15:50:00,156.157,156.232,156.154,156.22,470.0,21,0.0
2025-11-19 15:55:00,156.219,156.281,156.199,156.273,544.0,21,0.0
2025-11-19 16:00:00,156.272,156.342,156.253,156.328,818.0,21,0.0
2025-11-19 16:05:00,156.328,156.392,156.316,156.365,552.0,21,0.0
2025-11-19 16:10:00,156.365,156.371,156.31,156.316,574.0,21,0.0
2025-11-19 16:15:00,156.317,156.38,156.303,156.379,481.0,21,0.0
2025-11-19 16:20:00,156.38,156.42,156.354,156.385,529.0,21,0.0
2025-11-19 16:25:00,156.379,156.381,156.336,156.36,541.0,21,0.0
2025-11-19 16:30:00,156.36,156.376,156.301,156.33,707.0,21,0.0
2025-11-19 16:35:00,156.328,156.438,156.322,156.43,826.0,21,0.0
2025-11-19 16:40:00,156.43,156.452,156.409,156.44,554.0,21,0.0
2025-11-19 16:45:00,156.442,156.535,156.436,156.508,807.0,21,0.0
2025-11-19 16:50:00,156.509,156.545,156.461,156.511,706.0,21,0.0
2025-11-19 16:55:00,156.509,156.615,156.494,156.613,786.0,21,0.0
2025-11-19 17:00:00,156.613,156.68,156.584,156.67,844.0,21,0.0
2025-11-19 17:05:00,156.67,156.71,156.639,156.661,688.0,21,0.0
2025-11-19 17:10:00,156.661,156.684,156.593,156.595,804.0,21,0.0
2025-11-19 17:15:00,156.596,156.641,156.567,156.582,734.0,21,0.0
2025-11-19 17:20:00,156.582,156.604,156.532,156.547,560.0,21,0.0
2025-11-19 17:25:00,156.548,156.602,156.532,156.585,608.0,21,0.0
2025-11-19 17:30:00,156.586,156.654,156.583,156.601,771.0,21,0.0
2025-11-19 17:35:00,156.602,156.606,156.55,156.561,586.0,21,0.0
2025-11-19 17:40:00,156.565,156.639,156.535,156.635,629.0,21,0.0
2025-11-19 17:45:00,156.636,156.67,156.6,156.612,660.0,21,0.0
2025-11-19 17:50:00,156.611,156.625,156.524,156.539,747.0,21,0.0
2025-11-19 17:55:00,156.54,156.543,156.486,156.498,708.0,21,0.0
2025-11-19 18:00:00,156.494,156.52,156.453,156.457,839.0,21,0.0
2025-11-19 18:05:00,156.458,156.503,156.453,156.503,647.0,21,0.0
2025-11-19 18:10:00,156.502,156.532,156.473,156.495,516.0,21,0.0
2025-11-19 18:15:00,156.495,156.578,156.486,156.575,446.0,21,0.0
2025-11-19 18:20:00,156.575,156.635,156.565,156.634,431.0,21,0.0
2025-11-19 18:25:00,156.633,156.662,156.604,156.661,531.0,21,0.0
2025-11-19 18:30:00,156.662,156.676,156.63,156.652,654.0,21,0.0
2025-11-19 18:35:00,156.654,156.697,156.633,156.664,598.0,21,0.0
2025-11-19 18:40:00,156.662,156.663,156.581,156.59,650.0,21,0.0
2025-11-19 18:45:00,156.59,156.645,156.585,156.6,546.0,21,0.0
2025-11-19 18:50:00,156.599,156.61,156.583,156.602,449.0,21,0.0
2025-11-19 18:55:00,156.601,156.627,156.597,156.626,482.0,21,0.0
2025-11-19 19:00:00,156.626,156.671,156.609,156.624,683.0,21,0.0
2025-11-19 19:05:00,156.625,156.683,156.622,156.681,699.0,21,0.0
2025-11-19 19:10:00,156.676,156.678,156.643,156.662,398.0,21,0.0
2025-11-19 19:15:00,156.662,156.679,156.644,156.67,531.0,21,0.0
2025-11-19 19:20:00,156.671,156.795,156.669,156.761,858.0,21,0.0
2025-11-19 19:25:00,156.76,156.799,156.745,156.785,643.0,21,0.0
2025-11-19 19:30:00,156.784,156.804,156.766,156.793,408.0,21,0.0
2025-11-19 19:35:00,156.792,156.799,156.766,156.794,579.0,21,0.0
2025-11-19 19:40:00,156.792,156.833,156.782,156.807,303.0,21,0.0
2025-11-19 19:45:00,156.808,156.855,156.769,156.781,456.0,21,0.0
2025-11-19 19:50:00,156.781,156.783,156.762,156.772,370.0,21,0.0
2025-11-19 19:55:00,156.771,156.788,156.736,156.743,448.0,21,0.0
2025-11-19 20:00:00,156.74,156.799,156.735,156.782,455.0,21,0.0
2025-11-19 20:05:00,156.783,156.822,156.782,156.808,287.0,21,0.0
2025-11-19 20:10:00,156.808,156.815,156.782,156.793,257.0,21,0.0
2025-11-19 20:15:00,156.792,156.801,156.775,156.793,306.0,21,0.0
2025-11-19 20:20:00,156.793,156.831,156.793,156.82,269.0,22,0.0
2025-11-19 20:25:00,156.821,156.826,156.799,156.805,326.0,21,0.0
2025-11-19 20:30:00,156.804,156.826,156.783,156.822,423.0,21,0.0
2025-11-19 20:35:00,156.822,156.838,156.805,156.815,439.0,21,0.0
2025-11-19 20:40:00,156.815,156.817,156.769,156.774,472.0,21,0.0
2025-11-19 20:45:00,156.774,156.775,156.68,156.72,519.0,21,0.0
2025-11-19 20:50:00,156.721,156.757,156.709,156.757,297.0,21,0.0
2025-11-19 20:55:00,156.756,156.794,156.745,156.786,357.0,21,0.0
2025-11-19 21:00:00,156.785,156.905,156.76,156.895,642.0,21,0.0
2025-11-19 21:05:00,156.895,156.916,156.848,156.859,621.0,21,0.0
2025-11-19 21:10:00,156.861,156.875,156.829,156.865,398.0,21,0.0
2025-11-19 21:15:00,156.869,156.888,156.861,156.876,423.0,21,0.0
2025-11-19 21:20:00,156.875,156.888,156.864,156.882,385.0,21,0.0
2025-11-19 21:25:00,156.881,156.885,156.841,156.876,387.0,21,0.0
2025-11-19 21:30:00,156.879,156.902,156.839,156.849,406.0,21,0.0
2025-11-19 21:35:00,156.85,156.947,156.85,156.944,243.0,21,0.0
2025-11-19 21:40:00,156.945,156.962,156.919,156.958,314.0,21,0.0
2025-11-19 21:45:00,156.957,156.978,156.951,156.969,361.0,21,0.0
2025-11-19 21:50:00,156.969,157.005,156.963,156.989,475.0,21,0.0
2025-11-19 21:55:00,156.99,157.028,156.99,157.019,528.0,21,0.0
2025-11-19 22:00:00,157.018,157.036,156.974,156.985,518.0,21,0.0
2025-11-19 22:05:00,156.985,157.002,156.964,156.978,360.0,21,0.0
2025-11-19 22:10:00,156.979,156.986,156.954,156.954,333.0,21,0.0
2025-11-19 22:15:00,156.954,156.976,156.95,156.964,284.0,21,0.0
2025-11-19 22:20:00,156.964,156.99,156.964,156.978,380.0,21,0.0
2025-11-19 22:25:00,156.977,156.978,156.961,156.974,328.0,21,0.0
2025-11-19 22:30:00,156.974,156.995,156.972,156.984,194.0,22,0.0
2025-11-19 22:35:00,156.984,156.997,156.959,156.964,251.0,21,0.0
2025-11-19 22:40:00,156.963,156.985,156.955,156.965,202.0,22,0.0
2025-11-19 22:45:00,156.968,156.975,156.961,156.967,103.0,21,0.0
2025-11-19 22:50:00,156.966,156.976,156.95,156.961,163.0,21,0.0
2025-11-19 22:55:00,156.96,156.965,156.927,156.95,301.0,21,0.0
2025-11-19 23:00:00,156.949,156.996,156.949,156.993,259.0,21,0.0
2025-11-19 23:05:00,156.994,157.007,156.987,157.003,131.0,22,0.0
2025-11-19 23:10:00,157.004,157.029,157.003,157.029,175.0,21,0.0
2025-11-19 23:15:00,157.029,157.054,156.997,157.031,208.0,21,0.0
2025-11-19 23:20:00,157.033,157.134,157.012,157.064,604.0,21,0.0
2025-11-19 23:25:00,157.063,157.071,157.008,157.054,321.0,21,0.0
2025-11-19 23:30:00,157.054,157.128,157.053,157.102,221.0,21,0.0
2025-11-19 23:35:00,157.101,157.137,157.097,157.115,173.0,21,0.0
2025-11-19 23:40:00,157.114,157.147,157.11,157.147,155.0,24,0.0
2025-11-19 23:45:00,157.148,157.172,157.135,157.162,227.0,21,0.0
2025-11-19 23:50:00,157.162,157.165,157.153,157.163,253.0,23,0.0
2025-11-19 23:55:00,157.159,157.168,157.124,157.124,693.0,23,0.0
2025-11-20 00:00:00,157.123,157.129,157.111,157.125,23.0,50,0.0
2025-11-20 00:05:00,157.123,157.129,157.022,157.024,35.0,29,0.0
2025-11-20 00:10:00,157.022,157.054,157.022,157.05,67.0,36,0.0
2025-11-20 00:15:00,157.053,157.063,157.053,157.063,15.0,71,0.0
2025-11-20 00:20:00,157.063,157.088,157.063,157.088,29.0,61,0.0
2025-11-20 00:25:00,157.087,157.087,157.076,157.077,9.0,57,0.0
2025-11-20 00:30:00,157.077,157.077,157.061,157.061,28.0,65,0.0
2025-11-20 00:35:00,157.061,157.065,157.057,157.065,43.0,54,0.0
2025-11-20 00:40:00,157.064,157.066,157.04,157.047,224.0,53,0.0
2025-11-20 00:45:00,157.047,157.063,157.043,157.053,54.0,37,0.0
2025-11-20 00:50:00,157.053,157.07,157.049,157.056,74.0,44,0.0
2025-11-20 00:55:00,157.056,157.07,157.049,157.061,61.0,44,0.0
2025-11-20 01:00:00,157.061,157.144,156.965,157.107,343.0,24,0.0
2025-11-20 01:05:00,157.106,157.109,157.049,157.051,148.0,21,0.0
2025-11-20 01:10:00,157.053,157.066,157.032,157.049,142.0,21,0.0
2025-11-20 01:15:00,157.049,157.049,157.008,157.011,204.0,25,0.0
2025-11-20 01:20:00,157.012,157.04,156.989,157.02,362.0,23,0.0
2025-11-20 01:25:00,157.018,157.026,157.0,157.025,229.0,22,0.0
2025-11-20 01:30:00,157.033,157.065,157.008,157.01,321.0,21,0.0
2025-11-20 01:35:00,157.009,157.064,157.003,157.063,383.0,21,0.0
2025-11-20 01:40:00,157.063,157.064,157.022,157.046,291.0,21,0.0
2025-11-20 01:45:00,157.045,157.073,157.014,157.023,329.0,21,0.0
2025-11-20 01:50:00,157.032,157.036,156.998,157.001,237.0,23,0.0
2025-11-20 01:55:00,157.002,157.01,156.972,156.984,141.0,22,0.0
2025-11-20 02:00:00,156.984,157.026,156.871,156.913,560.0,21,0.0
2025-11-20 02:05:00,156.914,157.014,156.886,156.887,620.0,21,0.0
2025-11-20 02:10:00,156.887,156.942,156.873,156.905,526.0,21,0.0
2025-11-20 02:15:00,156.906,156.955,156.867,156.945,605.0,21,0.0
2025-11-20 02:20:00,156.945,157.042,156.93,157.025,661.0,21,0.0
2025-11-20 02:25:00,157.026,157.167,157.025,157.162,463.0,21,0.0
2025-11-20 02:30:00,157.163,157.165,157.067,157.102,618.0,21,0.0
2025-11-20 02:35:00,157.101,157.168,157.101,157.103,557.0,21,0.0
2025-11-20 02:40:00,157.103,157.163,157.067,157.154,593.0,21,0.0
2025-11-20 02:45:00,157.154,157.168,157.096,157.109,663.0,21,0.0
2025-11-20 02:50:00,157.109,157.176,157.057,157.174,999.0,21,0.0
2025-11-20 02:55:00,157.173,157.199,157.065,157.065,712.0,21,0.0
2025-11-20 03:00:00,157.064,157.11,157.025,157.077,543.0,21,0.0
2025-11-20 03:05:00,157.078,157.107,157.067,157.079,307.0,21,0.0
2025-11-20 03:10:00,157.09,157.097,157.055,157.09,332.0,21,0.0
2025-11-20 03:15:00,157.091,157.109,157.072,157.084,496.0,21,0.0
2025-11-20 03:20:00,157.085,157.111,157.032,157.04,322.0,21,0.0
2025-11-20 03:25:00,157.043,157.168,157.041,157.125,442.0,21,0.0
2025-11-20 03:30:00,157.127,157.153,157.023,157.108,872.0,21,0.0
2025-11-20 03:35:00,157.107,157.217,157.098,157.127,651.0,21,0.0
2025-11-20 03:40:00,157.127,157.284,157.127,157.274,744.0,21,0.0
2025-11-20 03:45:00,157.273,157.325,157.256,157.299,576.0,21,0.0
2025-11-20 03:50:00,157.299,157.414,157.297,157.376,592.0,21,0.0
2025-11-20 03:55:00,157.374,157.425,157.361,157.412,462.0,21,0.0
2025-11-20 04:00:00,157.412,157.445,157.395,157.424,658.0,21,0.0
2025-11-20 04:05:00,157.42,157.461,157.401,157.45,384.0,21,0.0
2025-11-20 04:10:00,157.449,157.453,157.317,157.399,543.0,21,0.0
2025-11-20 04:15:00,157.398,157.431,157.361,157.425,537.0,21,0.0
2025-11-20 04:20:00,157.431,157.463,157.37,157.394,562.0,21,0.0
2025-11-20 04:25:00,157.392,157.406,157.366,157.384,376.0,21,0.0
2025-11-20 04:30:00,157.384,157.393,157.318,157.321,252.0,21,0.0
2025-11-20 04:35:00,157.322,157.348,157.278,157.312,363.0,21,0.0
2025-11-20 04:40:00,157.311,157.339,157.295,157.336,396.0,21,0.0
2025-11-20 04:45:00,157.335,157.335,157.307,157.311,188.0,21,0.0
2025-11-20 04:50:00,157.312,157.34,157.292,157.336,150.0,21,0.0
2025-11-20 04:55:00,157.337,157.337,157.297,157.305,310.0,21,0.0
2025-11-20 05:00:00,157.309,157.377,157.271,157.312,761.0,21,0.0
2025-11-20 05:05:00,157.311,157.381,157.311,157.37,255.0,21,0.0
2025-11-20 05:10:00,157.37,157.421,157.37,157.4,189.0,21,0.0
2025-11-20 05:15:00,157.4,157.4,157.336,157.38,280.0,21,0.0
2025-11-20 05:20:00,157.38,157.388,157.354,157.369,231.0,21,0.0
2025-11-20 05:25:00,157.368,157.372,157.328,157.345,198.0,21,0.0
2025-11-20 05:30:00,157.344,157.373,157.318,157.319,187.0,21,0.0
2025-11-20 05:35:00,157.321,157.33,157.269,157.324,259.0,21,0.0
2025-11-20 05:40:00,157.323,157.393,157.318,157.38,324.0,21,0.0
2025-11-20 05:45:00,157.38,157.381,157.31,157.334,320.0,21,0.0
2025-11-20 05:50:00,157.334,157.371,157.329,157.356,257.0,21,0.0
2025-11-20 05:55:00,157.356,157.405,157.346,157.405,338.0,21,0.0
2025-11-20 06:00:00,157.405,157.409,157.346,157.346,222.0,21,0.0
2025-11-20 06:05:00,157.346,157.347,157.279,157.28,323.0,21,0.0
2025-11-20 06:10:00,157.279,157.333,157.272,157.321,246.0,21,0.0
2025-11-20 06:15:00,157.32,157.321,157.268,157.298,305.0,21,0.0
2025-11-20 06:20:00,157.299,157.335,157.293,157.304,175.0,21,0.0
2025-11-20 06:25:00,157.318,157.345,157.307,157.321,294.0,21,0.0
2025-11-20 06:30:00,157.32,157.332,157.307,157.309,333.0,21,0.0
2025-11-20 06:35:00,157.308,157.318,157.251,157.253,222.0,21,0.0
2025-11-20 06:40:00,157.255,157.336,157.254,157.333,311.0,21,0.0
2025-11-20 06:45:00,157.332,157.36,157.325,157.355,221.0,21,0.0
2025-11-20 06:50:00,157.355,157.373,157.333,157.37,246.0,21,0.0
2025-11-20 06:55:00,157.37,157.407,157.36,157.387,168.0,21,0.0
2025-11-20 07:00:00,157.386,157.478,157.385,157.465,295.0,21,0.0
2025-11-20 07:05:00,157.466,157.53,157.455,157.508,515.0,21,0.0
2025-11-20 07:10:00,157.509,157.524,157.466,157.469,276.0,21,0.0
2025-11-20 07:15:00,157.468,157.523,157.447,157.52,311.0,21,0.0
2025-11-20 07:20:00,157.519,157.519,157.479,157.506,209.0,21,0.0
2025-11-20 07:25:00,157.507,157.508,157.461,157.468,121.0,21,0.0
2025-11-20 07:30:00,157.468,157.501,157.454,157.464,167.0,21,0.0
2025-11-20 07:35:00,157.466,157.53,157.418,157.495,360.0,21,0.0
2025-11-20 07:40:00,157.495,157.532,157.448,157.483,330.0,21,0.0
2025-11-20 07:45:00,157.485,157.508,157.464,157.482,253.0,21,0.0
2025-11-20 07:50:00,157.484,157.493,157.418,157.427,303.0,21,0.0
2025-11-20 07:55:00,157.427,157.561,157.425,157.547,578.0,21,0.0
2025-11-20 08:00:00,157.548,157.584,157.548,157.571,494.0,21,0.0
2025-11-20 08:05:00,157.571,157.573,157.477,157.515,646.0,21,0.0
2025-11-20 08:10:00,157.516,157.56,157.492,157.55,295.0,21,0.0
2025-11-20 08:15:00,157.551,157.601,157.522,157.587,389.0,21,0.0
2025-11-20 08:20:00,157.588,157.617,157.556,157.567,383.0,21,0.0
2025-11-20 08:25:00,157.568,157.58,157.518,157.53,417.0,21,0.0
2025-11-20 08:30:00,157.531,157.595,157.531,157.59,421.0,21,0.0
2025-11-20 08:35:00,157.59,157.617,157.586,157.611,279.0,21,0.0
2025-11-20 08:40:00,157.61,157.68,157.61,157.666,430.0,21,0.0
2025-11-20 08:45:00,157.667,157.682,157.652,157.67,304.0,22,0.0
2025-11-20 08:50:00,157.673,157.721,157.663,157.68,378.0,21,0.0
2025-11-20 08:55:00,157.68,157.727,157.665,157.724,218.0,21,0.0
2025-11-20 09:00:00,157.724,157.768,157.715,157.741,569.0,21,0.0
2025-11-20 09:05:00,157.738,157.738,157.602,157.656,596.0,21,0.0
2025-11-20 09:10:00,157.656,157.698,157.615,157.648,579.0,21,0.0
2025-11-20 09:15:00,157.647,157.661,157.568,157.589,523.0,21,0.0
2025-11-20 09:20:00,157.59,157.604,157.544,157.58,439.0,21,0.0
2025-11-20 09:25:00,157.579,157.657,157.573,157.607,436.0,21,0.0
2025-11-20 09:30:00,157.607,157.611,157.558,157.563,426.0,21,0.0
2025-11-20 09:35:00,157.559,157.588,157.523,157.529,354.0,21,0.0
2025-11-20 09:40:00,157.53,157.548,157.491,157.519,433.0,21,0.0
2025-11-20 09:45:00,157.52,157.522,157.365,157.39,696.0,21,0.0
2025-11-20 09:50:00,157.391,157.467,157.389,157.456,557.0,21,0.0
2025-11-20 09:55:00,157.457,157.491,157.44,157.446,559.0,21,0.0
2025-11-20 10:00:00,157.445,157.485,157.372,157.375,707.0,21,0.0
2025-11-20 10:05:00,157.374,157.425,157.351,157.372,647.0,21,0.0
2025-11-20 10:10:00,157.371,157.38,157.287,157.313,631.0,21,0.0
2025-11-20 10:15:00,157.312,157.353,157.265,157.349,542.0,21,0.0
2025-11-20 10:20:00,157.349,157.361,157.309,157.338,399.0,21,0.0
2025-11-20 10:25:00,157.337,157.358,157.253,157.314,508.0,21,0.0
2025-11-20 10:30:00,157.313,157.333,157.203,157.219,557.0,21,0.0
2025-11-20 10:35:00,157.22,157.251,157.199,157.2,515.0,21,0.0
2025-11-20 10:40:00,157.2,157.212,157.13,157.154,548.0,21,0.0
2025-11-20 10:45:00,157.155,157.161,157.109,157.141,541.0,21,0.0
2025-11-20 10:50:00,157.147,157.15,157.097,157.139,380.0,21,0.0
2025-11-20 10:55:00,157.139,157.149,157.103,157.141,418.0,21,0.0
2025-11-20 11:00:00,157.152,157.212,157.15,157.203,641.0,21,0.0
2025-11-20 11:05:00,157.203,157.211,157.15,157.154,399.0,21,0.0
2025-11-20 11:10:00,157.154,157.25,157.152,157.241,393.0,21,0.0
2025-11-20 11:15:00,157.241,157.261,157.211,157.219,339.0,21,0.0
2025-11-20 11:20:00,157.22,157.228,157.174,157.207,303.0,21,0.0
2025-11-20 11:25:00,157.206,157.227,157.164,157.195,378.0,21,0.0
2025-11-20 11:30:00,157.196,157.198,157.131,157.176,519.0,21,0.0
2025-11-20 11:35:00,157.175,157.2,157.164,157.188,425.0,21,0.0
2025-11-20 11:40:00,157.189,157.21,157.16,157.161,480.0,21,0.0
2025-11-20 11:45:00,157.161,157.165,157.113,157.155,410.0,21,0.0
2025-11-20 11:50:00,157.155,157.176,157.123,157.125,232.0,21,0.0
2025-11-20 11:55:00,157.126,157.17,157.124,157.169,321.0,21,0.0
2025-11-20 12:00:00,157.168,157.197,157.14,157.194,340.0,21,0.0
2025-11-20 12:05:00,157.195,157.232,157.187,157.223,342.0,21,0.0
2025-11-20 12:10:00,157.222,157.259,157.222,157.235,287.0,21,0.0
2025-11-20 12:15:00,157.236,157.28,157.235,157.28,290.0,21,0.0
2025-11-20 12:20:00,157.28,157.284,157.261,157.281,273.0,21,0.0
2025-11-20 12:25:00,157.282,157.314,157.271,157.312,204.0,21,0.0
2025-11-20 12:30:00,157.312,157.313,157.267,157.298,247.0,22,0.0
2025-11-20 12:35:00,157.298,157.314,157.297,157.301,201.0,21,0.0
2025-11-20 12:40:00,157.302,157.321,157.297,157.31,144.0,21,0.0
2025-11-20 12:45:00,157.311,157.339,157.293,157.337,148.0,21,0.0
2025-11-20 12:50:00,157.337,157.374,157.326,157.361,227.0,21,0.0
2025-11-20 12:55:00,157.362,157.401,157.361,157.371,374.0,21,0.0
2025-11-20 13:00:00,157.371,157.405,157.364,157.403,164.0,21,0.0
2025-11-20 13:05:00,157.403,157.41,157.367,157.396,253.0,21,0.0
2025-11-20 13:10:00,157.397,157.417,157.382,157.4,288.0,21,0.0
2025-11-20 13:15:00,157.401,157.407,157.344,157.374,254.0,21,0.0
2025-11-20 13:20:00,157.374,157.416,157.351,157.414,237.0,21,0.0
2025-11-20 13:25:00,157.414,157.448,157.405,157.447,273.0,21,0.0
2025-11-20 13:30:00,157.456,157.464,157.41,157.432,174.0,21,0.0
2025-11-20 13:35:00,157.436,157.441,157.41,157.424,211.0,21,0.0
2025-11-20 13:40:00,157.43,157.47,157.427,157.467,246.0,21,0.0
2025-11-20 13:45:00,157.466,157.487,157.449,157.484,206.0,21,0.0
2025-11-20 13:50:00,157.485,157.521,157.483,157.516,219.0,21,0.0
2025-11-20 13:55:00,157.516,157.528,157.486,157.499,246.0,21,0.0
2025-11-20 14:00:00,157.498,157.543,157.495,157.535,276.0,21,0.0
2025-11-20 14:05:00,157.535,157.601,157.535,157.595,276.0,21,0.0
2025-11-20 14:10:00,157.596,157.668,157.581,157.651,398.0,21,0.0
2025-11-20 14:15:00,157.651,157.665,157.619,157.62,327.0,21,0.0
2025-11-20 14:20:00,157.62,157.654,157.617,157.635,243.0,21,0.0
2025-11-20 14:25:00,157.635,157.661,157.628,157.639,243.0,21,0.0
2025-11-20 14:30:00,157.64,157.668,157.63,157.654,283.0,21,0.0
2025-11-20 14:35:00,157.654,157.676,157.645,157.659,366.0,21,0.0
2025-11-20 14:40:00,157.658,157.688,157.658,157.685,254.0,21,0.0
2025-11-20 14:45:00,157.686,157.728,157.679,157.69,294.0,21,0.0
2025-11-20 14:50:00,157.691,157.718,157.682,157.699,234.0,21,0.0
2025-11-20 14:55:00,157.699,157.705,157.685,157.689,374.0,21,0.0
2025-11-20 15:00:00,157.69,157.697,157.632,157.65,389.0,21,0.0
2025-11-20 15:05:00,157.65,157.666,157.583,157.588,440.0,21,0.0
2025-11-20 15:10:00,157.587,157.69,157.568,157.659,565.0,21,0.0
2025-11-20 15:15:00,157.66,157.688,157.618,157.623,421.0,21,0.0
2025-11-20 15:20:00,157.622,157.662,157.594,157.616,675.0,21,0.0
2025-11-20 15:25:00,157.616,157.636,157.568,157.568,636.0,21,0.0
2025-11-20 15:30:00,157.556,157.869,157.214,157.481,2028.0,21,0.0
2025-11-20 15:35:00,157.482,157.487,157.351,157.356,1667.0,21,0.0
2025-11-20 15:40:00,157.353,157.502,157.283,157.497,1480.0,21,0.0
2025-11-20 15:45:00,157.502,157.733,157.49,157.64,1359.0,21,0.0
2025-11-20 15:50:00,157.639,157.672,157.585,157.647,1226.0,21,0.0
2025-11-20 15:55:00,157.644,157.677,157.499,157.561,991.0,21,0.0
2025-11-20 16:00:00,157.561,157.644,157.483,157.633,1064.0,21,0.0
2025-11-20 16:05:00,157.634,157.726,157.601,157.677,1105.0,21,0.0
2025-11-20 16:10:00,157.677,157.819,157.677,157.698,1129.0,21,0.0
2025-11-20 16:15:00,157.698,157.734,157.632,157.641,1050.0,21,0.0
2025-11-20 16:20:00,157.644,157.714,157.618,157.709,969.0,21,0.0
2025-11-20 16:25:00,157.71,157.744,157.591,157.604,813.0,21,0.0
2025-11-20 16:30:00,157.604,157.633,157.506,157.581,1166.0,21,0.0
2025-11-20 16:35:00,157.583,157.622,157.493,157.594,1010.0,21,0.0
2025-11-20 16:40:00,157.595,157.63,157.551,157.606,1102.0,21,0.0
2025-11-20 16:45:00,157.605,157.681,157.572,157.608,857.0,21,0.0
2025-11-20 16:50:00,157.608,157.646,157.554,157.558,757.0,21,0.0
2025-11-20 16:55:00,157.559,157.629,157.555,157.616,565.0,21,0.0
2025-11-20 17:00:00,157.615,157.685,157.615,157.681,598.0,21,0.0
2025-11-20 17:05:00,157.682,157.685,157.621,157.63,683.0,21,0.0
2025-11-20 17:10:00,157.631,157.766,157.627,157.756,898.0,21,0.0
2025-11-20 17:15:00,157.762,157.77,157.704,157.754,556.0,21,0.0
2025-11-20 17:20:00,157.761,157.865,157.748,157.836,654.0,21,0.0
2025-11-20 17:25:00,157.835,157.836,157.753,157.78,583.0,21,0.0
2025-11-20 17:30:00,157.782,157.868,157.781,157.866,592.0,21,0.0
2025-11-20 17:35:00,157.865,157.874,157.839,157.85,347.0,21,0.0
2025-11-20 17:40:00,157.849,157.882,157.814,157.817,513.0,21,0.0
2025-11-20 17:45:00,157.817,157.857,157.779,157.856,723.0,21,0.0
2025-11-20 17:50:00,157.858,157.869,157.804,157.83,738.0,21,0.0
2025-11-20 17:55:00,157.83,157.832,157.668,157.669,814.0,21,0.0
2025-11-20 18:00:00,157.669,157.673,157.508,157.525,924.0,21,0.0
2025-11-20 18:05:00,157.525,157.554,157.428,157.478,1014.0,21,0.0
2025-11-20 18:10:00,157.478,157.488,157.353,157.385,825.0,21,0.0
2025-11-20 18:15:00,157.385,157.394,157.275,157.375,1094.0,21,0.0
2025-11-20 18:20:00,157.373,157.446,157.342,157.416,1146.0,21,0.0
2025-11-20 18:25:00,157.415,157.54,157.394,157.486,1189.0,21,0.0
2025-11-20 18:30:00,157.486,157.509,157.409,157.409,970.0,21,0.0
2025-11-20 18:35:00,157.408,157.556,157.393,157.539,1103.0,21,0.0
2025-11-20 18:40:00,157.542,157.597,157.479,157.572,852.0,21,0.0
2025-11-20 18:45:00,157.573,157.574,157.507,157.543,901.0,21,0.0
2025-11-20 18:50:00,157.543,157.635,157.496,157.51,917.0,21,0.0
2025-11-20 18:55:00,157.509,157.509,157.401,157.41,1183.0,21,0.0
2025-11-20 19:00:00,157.407,157.527,157.389,157.469,1531.0,21,0.0
2025-11-20 19:05:00,157.468,157.489,157.4,157.427,1342.0,21,0.0
2025-11-20 19:10:00,157.425,157.429,157.264,157.334,1353.0,21,0.0
2025-11-20 19:15:00,157.326,157.347,157.252,157.325,1268.0,21,0.0
2025-11-20 19:20:00,157.324,157.423,157.282,157.366,1245.0,21,0.0
2025-11-20 19:25:00,157.366,157.459,157.339,157.444,1368.0,21,0.0
2025-11-20 19:30:00,157.444,157.49,157.41,157.432,1137.0,21,0.0
2025-11-20 19:35:00,157.434,157.487,157.343,157.465,1174.0,21,0.0
2025-11-20 19:40:00,157.463,157.483,157.398,157.428,1025.0,21,0.0
2025-11-20 19:45:00,157.428,157.436,157.368,157.398,1028.0,21,0.0
2025-11-20 19:50:00,157.399,157.496,157.397,157.466,1101.0,21,0.0
2025-11-20 19:55:00,157.467,157.519,157.457,157.506,958.0,21,0.0
2025-11-20 20:00:00,157.507,157.592,157.494,157.59,607.0,21,0.0
2025-11-20 20:05:00,157.589,157.64,157.561,157.632,733.0,21,0.0
2025-11-20 20:10:00,157.633,157.681,157.615,157.678,691.0,21,0.0
2025-11-20 20:15:00,157.679,157.685,157.544,157.545,807.0,21,0.0
2025-11-20 20:20:00,157.544,157.605,157.541,157.547,838.0,21,0.0
2025-11-20 20:25:00,157.548,157.61,157.54,157.59,884.0,21,0.0
2025-11-20 20:30:00,157.588,157.597,157.531,157.563,945.0,21,0.0
2025-11-20 20:35:00,157.564,157.568,157.519,157.535,685.0,21,0.0
2025-11-20 20:40:00,157.532,157.543,157.487,157.519,470.0,21,0.0
2025-11-20 20:45:00,157.52,157.525,157.465,157.474,367.0,21,0.0
2025-11-20 20:50:00,157.471,157.474,157.416,157.435,432.0,21,0.0
2025-11-20 20:55:00,157.435,157.472,157.421,157.449,394.0,21,0.0
2025-11-20 21:00:00,157.45,157.469,157.441,157.46,435.0,21,0.0
2025-11-20 21:05:00,157.46,157.479,157.441,157.458,323.0,21,0.0
2025-11-20 21:10:00,157.459,157.506,157.454,157.497,497.0,21,0.0
2025-11-20 21:15:00,157.498,157.524,157.469,157.51,450.0,21,0.0
2025-11-20 21:20:00,157.511,157.532,157.444,157.445,663.0,21,0.0
2025-11-20 21:25:00,157.445,157.524,157.442,157.51,595.0,21,0.0
2025-11-20 21:30:00,157.509,157.527,157.487,157.525,713.0,21,0.0
2025-11-20 21:35:00,157.524,157.553,157.48,157.482,484.0,21,0.0
2025-11-20 21:40:00,157.482,157.529,157.482,157.514,460.0,21,0.0
2025-11-20 21:45:00,157.514,157.515,157.451,157.493,424.0,21,0.0
2025-11-20 21:50:00,157.493,157.523,157.489,157.51,522.0,21,0.0
2025-11-20 21:55:00,157.51,157.54,157.505,157.528,482.0,21,0.0
2025-11-20 22:00:00,157.529,157.559,157.506,157.549,492.0,21,0.0
2025-11-20 22:05:00,157.548,157.583,157.545,157.556,272.0,21,0.0
2025-11-20 22:10:00,157.556,157.559,157.534,157.55,278.0,21,0.0
2025-11-20 22:15:00,157.549,157.601,157.548,157.564,317.0,21,0.0
2025-11-20 22:20:00,157.564,157.627,157.564,157.62,297.0,21,0.0
2025-11-20 22:25:00,157.62,157.631,157.593,157.62,233.0,21,0.0
2025-11-20 22:30:00,157.621,157.634,157.6,157.62,268.0,21,0.0
2025-11-20 22:35:00,157.62,157.628,157.598,157.609,255.0,21,0.0
2025-11-20 22:40:00,157.609,157.61,157.583,157.595,192.0,21,0.0
2025-11-20 22:45:00,157.596,157.61,157.585,157.606,273.0,21,0.0
2025-11-20 22:50:00,157.61,157.616,157.568,157.58,358.0,21,0.0
2025-11-20 22:55:00,157.581,157.637,157.539,157.565,660.0,21,0.0
2025-11-20 23:00:00,157.565,157.575,157.468,157.543,612.0,21,0.0
2025-11-20 23:05:00,157.538,157.567,157.516,157.518,177.0,23,0.0
2025-11-20 23:10:00,157.519,157.57,157.519,157.555,198.0,21,0.0
2025-11-20 23:15:00,157.555,157.58,157.545,157.545,182.0,21,0.0
2025-11-20 23:20:00,157.545,157.557,157.532,157.548,99.0,22,0.0
2025-11-20 23:25:00,157.548,157.557,157.535,157.543,145.0,22,0.0
2025-11-20 23:30:00,157.544,157.556,157.529,157.532,101.0,22,0.0
2025-11-20 23:35:00,157.529,157.538,157.517,157.53,91.0,23,0.0
2025-11-20 23:40:00,157.531,157.534,157.491,157.492,61.0,24,0.0
2025-11-20 23:45:00,157.491,157.492,157.433,157.452,362.0,21,0.0
2025-11-20 23:50:00,157.452,157.487,157.439,157.442,399.0,22,0.0
2025-11-20 23:55:00,157.444,157.457,157.428,157.447,326.0,30,0.0
2025-11-21 00:00:00,157.448,157.448,157.408,157.434,14.0,66,0.0
2025-11-21 00:05:00,157.434,157.51,157.411,157.411,36.0,51,0.0
2025-11-21 00:10:00,157.427,157.45,157.423,157.443,30.0,52,0.0
2025-11-21 00:15:00,157.444,157.459,157.438,157.446,37.0,49,0.0
2025-11-21 00:20:00,157.458,157.462,157.458,157.459,18.0,51,0.0
2025-11-21 00:25:00,157.459,157.485,157.457,157.482,21.0,42,0.0
2025-11-21 00:30:00,157.481,157.482,157.454,157.458,49.0,48,0.0
2025-11-21 00:35:00,157.458,157.476,157.458,157.466,128.0,35,0.0
2025-11-21 00:40:00,157.465,157.467,157.42,157.426,71.0,25,0.0
2025-11-21 00:45:00,157.42,157.433,157.405,157.414,306.0,25,0.0
2025-11-21 00:50:00,157.412,157.429,157.411,157.419,98.0,34,0.0
2025-11-21 00:55:00,157.419,157.441,157.418,157.437,185.0,46,0.0
2025-11-21 01:00:00,157.434,157.457,157.326,157.392,175.0,21,0.0
2025-11-21 01:05:00,157.393,157.393,157.339,157.36,119.0,23,0.0
2025-11-21 01:10:00,157.362,157.377,157.323,157.362,271.0,22,0.0
2025-11-21 01:15:00,157.361,157.441,157.36,157.402,288.0,22,0.0
2025-11-21 01:20:00,157.402,157.44,157.38,157.416,207.0,24,0.0
2025-11-21 01:25:00,157.414,157.421,157.401,157.414,149.0,25,0.0
2025-11-21 01:30:00,157.415,157.462,157.412,157.43,247.0,21,0.0
2025-11-21 01:35:00,157.43,157.447,157.321,157.353,247.0,22,0.0
2025-11-21 01:40:00,157.354,157.373,157.18,157.298,950.0,21,0.0
2025-11-21 01:45:00,157.298,157.366,157.275,157.285,613.0,21,0.0
2025-11-21 01:50:00,157.285,157.297,157.221,157.287,481.0,21,0.0
2025-11-21 01:55:00,157.287,157.387,157.282,157.377,616.0,21,0.0
2025-11-21 02:00:00,157.377,157.501,157.357,157.467,988.0,21,0.0
2025-11-21 02:05:00,157.467,157.501,157.451,157.492,502.0,21,0.0
2025-11-21 02:10:00,157.492,157.531,157.417,157.419,693.0,21,0.0
2025-11-21 02:15:00,157.421,157.458,157.41,157.427,599.0,21,0.0
2025-11-21 02:20:00,157.428,157.488,157.427,157.481,516.0,21,0.0
2025-11-21 02:25:00,157.483,157.521,157.474,157.475,489.0,21,0.0
2025-11-21 02:30:00,157.476,157.494,157.439,157.455,334.0,21,0.0
2025-11-21 02:35:00,157.465,157.487,157.38,157.393,505.0,21,0.0
2025-11-21 02:40:00,157.393,157.396,157.32,157.323,481.0,21,0.0
2025-11-21 02:45:00,157.323,157.325,157.21,157.223,570.0,21,0.0
2025-11-21 02:50:00,157.223,157.381,157.221,157.377,760.0,21,0.0
2025-11-21 02:55:00,157.382,157.404,157.27,157.304,878.0,21,0.0
2025-11-21 03:00:00,157.305,157.371,157.256,157.268,707.0,21,0.0
2025-11-21 03:05:00,157.269,157.283,157.196,157.238,666.0,21,0.0
2025-11-21 03:10:00,157.237,157.283,157.229,157.28,425.0,21,0.0
2025-11-21 03:15:00,157.279,157.335,157.279,157.335,397.0,21,0.0
2025-11-21 03:20:00,157.334,157.379,157.315,157.379,305.0,21,0.0
2025-11-21 03:25:00,157.378,157.44,157.37,157.42,327.0,21,0.0
2025-11-21 03:30:00,157.421,157.436,157.373,157.389,481.0,21,0.0
2025-11-21 03:35:00,157.389,157.394,157.299,157.393,397.0,21,0.0
2025-11-21 03:40:00,157.394,157.431,157.363,157.363,269.0,21,0.0
2025-11-21 03:45:00,157.362,157.403,157.339,157.341,365.0,22,0.0
2025-11-21 03:50:00,157.34,157.414,157.339,157.412,286.0,21,0.0
2025-11-21 03:55:00,157.412,157.486,157.412,157.476,391.0,21,0.0
2025-11-21 04:00:00,157.476,157.479,157.402,157.405,407.0,21,0.0
2025-11-21 04:05:00,157.405,157.413,157.359,157.369,580.0,21,0.0
2025-11-21 04:10:00,157.368,157.409,157.368,157.393,625.0,21,0.0
2025-11-21 04:15:00,157.392,157.451,157.387,157.426,353.0,21,0.0
2025-11-21 04:20:00,157.428,157.448,157.403,157.439,291.0,22,0.0
2025-11-21 04:25:00,157.438,157.449,157.339,157.343,551.0,21,0.0
2025-11-21 04:30:00,157.343,157.395,157.285,157.382,707.0,21,0.0
2025-11-21 04:35:00,157.388,157.405,157.332,157.371,538.0,21,0.0
2025-11-21 04:40:00,157.371,157.405,157.37,157.392,251.0,21,0.0
2025-11-21 04:45:00,157.392,157.413,157.383,157.398,204.0,22,0.0
2025-11-21 04:50:00,157.412,157.433,157.351,157.37,280.0,21,0.0
2025-11-21 04:55:00,157.369,157.383,157.334,157.338,183.0,21,0.0
2025-11-21 05:00:00,157.338,157.383,157.331,157.375,327.0,21,0.0
2025-11-21 05:05:00,157.376,157.394,157.352,157.356,218.0,21,0.0
2025-11-21 05:10:00,157.357,157.418,157.357,157.38,232.0,21,0.0
2025-11-21 05:15:00,157.378,157.395,157.358,157.387,223.0,21,0.0
2025-11-21 05:20:00,157.385,157.385,157.358,157.369,237.0,21,0.0
2025-11-21 05:25:00,157.367,157.381,157.356,157.37,262.0,22,0.0
2025-11-21 05:30:00,157.37,157.373,157.354,157.368,212.0,21,0.0
2025-11-21 05:35:00,157.369,157.39,157.352,157.369,322.0,21,0.0
2025-11-21 05:40:00,157.368,157.382,157.34,157.37,396.0,21,0.0
2025-11-21 05:45:00,157.372,157.405,157.358,157.393,262.0,21,0.0
2025-11-21 05:50:00,157.393,157.393,157.322,157.339,230.0,21,0.0
2025-11-21 05:55:00,157.338,157.344,157.284,157.291,271.0,21,0.0
2025-11-21 06:00:00,157.29,157.293,157.156,157.199,666.0,21,0.0
2025-11-21 06:05:00,157.2,157.208,157.073,157.171,611.0,21,0.0
2025-11-21 06:10:00,157.171,157.214,157.12,157.138,474.0,21,0.0
2025-11-21 06:15:00,157.137,157.195,157.113,157.183,442.0,21,0.0
2025-11-21 06:20:00,157.186,157.207,157.142,157.15,335.0,21,0.0
2025-11-21 06:25:00,157.149,157.185,157.145,157.181,289.0,21,0.0
2025-11-21 06:30:00,157.183,157.188,157.144,157.171,336.0,21,0.0
2025-11-21 06:35:00,157.17,157.201,157.121,157.163,412.0,21,0.0
2025-11-21 06:40:00,157.163,157.199,157.146,157.195,282.0,21,0.0
2025-11-21 06:45:00,157.196,157.244,157.179,157.241,246.0,21,0.0
2025-11-21 06:50:00,157.24,157.277,157.229,157.273,408.0,21,0.0
2025-11-21 06:55:00,157.274,157.283,157.245,157.259,394.0,21,0.0
2025-11-21 07:00:00,157.259,157.269,157.242,157.242,233.0,22,0.0
2025-11-21 07:05:00,157.24,157.247,157.163,157.206,348.0,21,0.0
2025-11-21 07:10:00,157.207,157.214,157.192,157.206,281.0,21,0.0
2025-11-21 07:15:00,157.207,157.218,157.181,157.198,207.0,21,0.0
2025-11-21 07:20:00,157.202,157.273,157.202,157.27,280.0,21,0.0
2025-11-21 07:25:00,157.269,157.293,157.222,157.225,252.0,21,0.0
2025-11-21 07:30:00,157.226,157.253,157.154,157.16,423.0,21,0.0
2025-11-21 07:35:00,157.162,157.217,157.156,157.217,363.0,21,0.0
2025-11-21 07:40:00,157.217,157.221,157.164,157.191,415.0,21,0.0
2025-11-21 07:45:00,157.19,157.218,157.178,157.214,348.0,21,0.0
2025-11-21 07:50:00,157.215,157.279,157.192,157.226,395.0,21,0.0
2025-11-21 07:55:00,157.227,157.232,157.159,157.215,581.0,21,0.0
2025-11-21 08:00:00,157.216,157.246,157.166,157.186,390.0,21,0.0
2025-11-21 08:05:00,157.186,157.192,157.043,157.072,702.0,21,0.0
2025-11-21 08:10:00,157.073,157.109,157.045,157.047,725.0,21,0.0
2025-11-21 08:15:00,157.048,157.098,157.04,157.061,654.0,21,0.0
2025-11-21 08:20:00,157.064,157.133,157.048,157.121,565.0,21,0.0
2025-11-21 08:25:00,157.122,157.132,157.089,157.089,408.0,21,0.0
2025-11-21 08:30:00,157.089,157.142,157.085,157.139,306.0,21,0.0
2025-11-21 08:35:00,157.14,157.154,157.125,157.143,238.0,21,0.0
2025-11-21 08:40:00,157.144,157.177,157.139,157.14,252.0,21,0.0
2025-11-21 08:45:00,157.142,157.195,157.129,157.18,306.0,21,0.0
2025-11-21 08:50:00,157.181,157.189,157.151,157.154,285.0,22,0.0
2025-11-21 08:55:00,157.155,157.177,157.151,157.156,210.0,22,0.0
2025-11-21 09:00:00,157.159,157.182,157.104,157.106,567.0,21,0.0
2025-11-21 09:05:00,157.107,157.147,157.086,157.092,336.0,21,0.0
2025-11-21 09:10:00,157.091,157.107,157.067,157.1,320.0,21,0.0
2025-11-21 09:15:00,157.101,157.145,157.094,157.107,309.0,21,0.0
2025-11-21 09:20:00,157.109,157.109,157.012,157.013,425.0,21,0.0
2025-11-21 09:25:00,157.013,157.064,157.002,157.057,454.0,21,0.0
2025-11-21 09:30:00,157.056,157.07,156.94,156.948,758.0,21,0.0
2025-11-21 09:35:00,156.947,156.965,156.825,156.925,970.0,21,0.0
2025-11-21 09:40:00,156.925,156.926,156.763,156.763,859.0,21,0.0
2025-11-21 09:45:00,156.764,156.778,156.667,156.713,685.0,21,0.0
2025-11-21 09:50:00,156.714,156.754,156.64,156.656,667.0,21,0.0
2025-11-21 09:55:00,156.646,156.733,156.6,156.723,801.0,21,0.0
2025-11-21 10:00:00,156.722,156.762,156.645,156.716,864.0,21,0.0
2025-11-21 10:05:00,156.718,156.831,156.718,156.804,858.0,21,0.0
2025-11-21 10:10:00,156.806,156.807,156.673,156.716,725.0,21,0.0
2025-11-21 10:15:00,156.715,156.765,156.577,156.617,739.0,21,0.0
2025-11-21 10:20:00,156.617,156.676,156.581,156.63,716.0,21,0.0
2025-11-21 10:25:00,156.628,156.63,156.554,156.598,762.0,21,0.0
2025-11-21 10:30:00,156.606,156.744,156.591,156.719,473.0,21,0.0
2025-11-21 10:35:00,156.718,156.777,156.657,156.775,525.0,21,0.0
2025-11-21 10:40:00,156.776,156.786,156.73,156.754,494.0,21,0.0
2025-11-21 10:45:00,156.754,156.857,156.738,156.843,597.0,21,0.0
2025-11-21 10:50:00,156.842,156.896,156.821,156.879,648.0,21,0.0
2025-11-21 10:55:00,156.884,156.941,156.884,156.9,602.0,21,0.0
2025-11-21 11:00:00,156.901,156.914,156.828,156.839,671.0,21,0.0
2025-11-21 11:05:00,156.839,156.926,156.839,156.913,420.0,21,0.0
2025-11-21 11:10:00,156.914,156.914,156.87,156.895,516.0,21,0.0
2025-11-21 11:15:00,156.904,156.941,156.853,156.854,515.0,21,0.0
2025-11-21 11:20:00,156.855,156.855,156.775,156.778,621.0,21,0.0
2025-11-21 11:25:00,156.777,156.84,156.728,156.833,505.0,21,0.0
2025-11-21 11:30:00,156.836,156.843,156.77,156.779,470.0,21,0.0
2025-11-21 11:35:00,156.779,156.784,156.732,156.75,484.0,21,0.0
2025-11-21 11:40:00,156.751,156.781,156.701,156.701,394.0,21,0.0
2025-11-21 11:45:00,156.7,156.756,156.662,156.756,737.0,21,0.0
2025-11-21 11:50:00,156.759,156.788,156.702,156.739,463.0,21,0.0
2025-11-21 11:55:00,156.739,156.759,156.708,156.75,462.0,21,0.0
2025-11-21 12:00:00,156.75,156.756,156.589,156.66,830.0,21,0.0
2025-11-21 12:05:00,156.661,156.69,156.544,156.547,891.0,21,0.0
2025-11-21 12:10:00,156.545,156.637,156.545,156.616,780.0,21,0.0
2025-11-21 12:15:00,156.615,156.649,156.586,156.61,650.0,21,0.0
2025-11-21 12:20:00,156.608,156.645,156.587,156.611,584.0,21,0.0
2025-11-21 12:25:00,156.614,156.647,156.589,156.647,497.0,21,0.0
2025-11-21 12:30:00,156.649,156.738,156.648,156.72,632.0,21,0.0
2025-11-21 12:35:00,156.72,156.736,156.684,156.687,580.0,21,0.0
2025-11-21 12:40:00,156.688,156.7,156.664,156.681,495.0,21,0.0
2025-11-21 12:45:00,156.683,156.757,156.678,156.755,590.0,21,0.0
2025-11-21 12:50:00,156.752,156.805,156.745,156.787,516.0,21,0.0
2025-11-21 12:55:00,156.784,156.808,156.759,156.771,457.0,21,0.0
2025-11-21 13:00:00,156.771,156.807,156.739,156.745,664.0,21,0.0
2025-11-21 13:05:00,156.745,156.816,156.74,156.806,571.0,21,0.0
2025-11-21 13:10:00,156.805,156.851,156.805,156.844,424.0,21,0.0
2025-11-21 13:15:00,156.849,156.884,156.834,156.856,404.0,21,0.0
2025-11-21 13:20:00,156.854,156.866,156.802,156.819,328.0,21,0.0
2025-11-21 13:25:00,156.818,156.845,156.762,156.769,272.0,21,0.0
2025-11-21 13:30:00,156.766,156.797,156.759,156.791,353.0,21,0.0
2025-11-21 13:35:00,156.794,156.833,156.786,156.821,286.0,21,0.0
2025-11-21 13:40:00,156.823,156.87,156.799,156.849,364.0,21,0.0
2025-11-21 13:45:00,156.848,156.858,156.751,156.781,493.0,21,0.0
2025-11-21 13:50:00,156.781,156.851,156.769,156.831,467.0,21,0.0
2025-11-21 13:55:00,156.832,156.845,156.776,156.842,495.0,21,0.0
2025-11-21 14:00:00,156.843,156.844,156.769,156.77,635.0,21,0.0
2025-11-21 14:05:00,156.769,156.79,156.739,156.766,425.0,21,0.0
2025-11-21 14:10:00,156.766,156.836,156.757,156.833,456.0,21,0.0
2025-11-21 14:15:00,156.833,156.874,156.821,156.87,507.0,21,0.0
2025-11-21 14:20:00,156.868,156.883,156.823,156.867,740.0,21,0.0
2025-11-21 14:25:00,156.865,156.884,156.803,156.812,755.0,21,0.0
2025-11-21 14:30:00,156.81,156.815,156.597,156.686,1794.0,21,0.0
2025-11-21 14:35:00,156.687,156.765,156.634,156.701,1182.0,21,0.0
2025-11-21 14:40:00,156.7,156.7,156.616,156.697,1174.0,21,0.0
2025-11-21 14:45:00,156.698,156.744,156.645,156.73,1103.0,21,0.0
2025-11-21 14:50:00,156.73,156.858,156.73,156.843,759.0,21,0.0
2025-11-21 14:55:00,156.843,156.851,156.731,156.738,923.0,21,0.0
2025-11-21 15:00:00,156.74,156.792,156.683,156.684,1045.0,21,0.0
2025-11-21 15:05:00,156.683,156.757,156.668,156.713,762.0,21,0.0
2025-11-21 15:10:00,156.714,156.786,156.709,156.772,666.0,21,0.0
2025-11-21 15:15:00,156.771,156.838,156.763,156.814,676.0,21,0.0
2025-11-21 15:20:00,156.817,156.822,156.717,156.748,845.0,21,0.0
2025-11-21 15:25:00,156.749,156.805,156.728,156.792,523.0,21,0.0
2025-11-21 15:30:00,156.794,156.833,156.771,156.799,456.0,21,0.0
2025-11-21 15:35:00,156.799,156.854,156.795,156.819,608.0,21,0.0
2025-11-21 15:40:00,156.818,156.85,156.805,156.83,357.0,22,0.0
2025-11-21 15:45:00,156.829,156.83,156.751,156.759,528.0,21,0.0
2025-11-21 15:50:00,156.759,156.785,156.729,156.773,544.0,21,0.0
2025-11-21 15:55:00,156.776,156.811,156.742,156.803,563.0,21,0.0
2025-11-21 16:00:00,156.803,156.826,156.752,156.774,1132.0,21,0.0
2025-11-21 16:05:00,156.775,156.83,156.746,156.815,651.0,21,0.0
2025-11-21 16:10:00,156.814,156.857,156.79,156.833,740.0,21,0.0
2025-11-21 16:15:00,156.832,156.839,156.802,156.819,552.0,21,0.0
2025-11-21 16:20:00,156.82,156.831,156.778,156.783,491.0,21,0.0
2025-11-21 16:25:00,156.784,156.846,156.784,156.828,536.0,21,0.0
2025-11-21 16:30:00,156.829,156.936,156.812,156.92,1220.0,21,0.0
2025-11-21 16:35:00,156.92,156.955,156.874,156.882,1022.0,21,0.0
2025-11-21 16:40:00,156.881,156.931,156.822,156.837,683.0,21,0.0
2025-11-21 16:45:00,156.836,156.877,156.643,156.65,1153.0,21,0.0
2025-11-21 16:50:00,156.65,156.748,156.645,156.722,1107.0,21,0.0
2025-11-21 16:55:00,156.722,156.754,156.666,156.689,981.0,21,0.0
2025-11-21 17:00:00,156.699,156.705,156.188,156.477,1617.0,21,0.0
2025-11-21 17:05:00,156.478,156.627,156.478,156.543,1403.0,21,0.0
2025-11-21 17:10:00,156.544,156.546,156.353,156.378,1426.0,21,0.0
2025-11-21 17:15:00,156.377,156.439,156.339,156.373,1277.0,21,0.0
2025-11-21 17:20:00,156.374,156.388,156.293,156.37,1344.0,21,0.0
2025-11-21 17:25:00,156.369,156.505,156.365,156.405,1165.0,21,0.0
2025-11-21 17:30:00,156.4,156.473,156.355,156.39,1190.0,21,0.0
2025-11-21 17:35:00,156.404,156.404,156.231,156.244,1370.0,21,0.0
2025-11-21 17:40:00,156.245,156.429,156.213,156.416,1398.0,21,0.0
2025-11-21 17:45:00,156.417,156.509,156.228,156.327,1408.0,21,0.0
2025-11-21 17:50:00,156.325,156.426,156.282,156.418,1468.0,21,0.0
2025-11-21 17:55:00,156.418,156.545,156.376,156.525,1243.0,21,0.0
2025-11-21 18:00:00,156.525,156.592,156.501,156.526,1103.0,21,0.0
2025-11-21 18:05:00,156.524,156.637,156.477,156.625,1077.0,21,0.0
2025-11-21 18:10:00,156.625,156.66,156.611,156.627,1017.0,21,0.0
2025-11-21 18:15:00,156.626,156.744,156.61,156.635,1036.0,21,0.0
2025-11-21 18:20:00,156.63,156.744,156.622,156.721,963.0,21,0.0
2025-11-21 18:25:00,156.716,156.716,156.67,156.694,627.0,21,0.0
2025-11-21 18:30:00,156.694,156.696,156.612,156.623,741.0,21,0.0
2025-11-21 18:35:00,156.623,156.647,156.453,156.607,1118.0,21,0.0
2025-11-21 18:40:00,156.606,156.688,156.606,156.633,699.0,21,0.0
2025-11-21 18:45:00,156.63,156.632,156.519,156.534,770.0,21,0.0
2025-11-21 18:50:00,156.535,156.537,156.485,156.537,834.0,21,0.0
2025-11-21 18:55:00,156.539,156.568,156.51,156.561,607.0,21,0.0
2025-11-21 19:00:00,156.561,156.579,156.524,156.57,738.0,21,0.0
2025-11-21 19:05:00,156.573,156.581,156.528,156.548,711.0,21,0.0
2025-11-21 19:10:00,156.548,156.566,156.488,156.55,624.0,21,0.0
2025-11-21 19:15:00,156.55,156.627,156.527,156.626,391.0,21,0.0
2025-11-21 19:20:00,156.626,156.72,156.625,156.686,512.0,21,0.0
2025-11-21 19:25:00,156.686,156.707,156.619,156.627,635.0,21,0.0
2025-11-21 19:30:00,156.627,156.627,156.541,156.572,471.0,21,0.0
2025-11-21 19:35:00,156.572,156.576,156.509,156.512,405.0,21,0.0
2025-11-21 19:40:00,156.512,156.565,156.502,156.56,512.0,21,0.0
2025-11-21 19:45:00,156.561,156.575,156.529,156.547,305.0,21,0.0
2025-11-21 19:50:00,156.547,156.551,156.494,156.52,313.0,21,0.0
2025-11-21 19:55:00,156.523,156.537,156.509,156.53,385.0,21,0.0
2025-11-21 20:00:00,156.531,156.575,156.513,156.514,292.0,21,0.0
2025-11-21 20:05:00,156.515,156.545,156.513,156.534,381.0,21,0.0
2025-11-21 20:10:00,156.531,156.538,156.49,156.491,363.0,21,0.0
2025-11-21 20:15:00,156.491,156.505,156.482,156.494,323.0,21,0.0
2025-11-21 20:20:00,156.495,156.505,156.472,156.474,293.0,21,0.0
2025-11-21 20:25:00,156.474,156.495,156.449,156.488,448.0,21,0.0
2025-11-21 20:30:00,156.488,156.537,156.478,156.502,560.0,21,0.0
2025-11-21 20:35:00,156.502,156.542,156.502,156.525,297.0,21,0.0
2025-11-21 20:40:00,156.526,156.549,156.513,156.514,323.0,21,0.0
2025-11-21 20:45:00,156.513,156.63,156.481,156.597,609.0,21,0.0
2025-11-21 20:50:00,156.597,156.632,156.531,156.559,662.0,21,0.0
2025-11-21 20:55:00,156.56,156.571,156.528,156.563,344.0,21,0.0
2025-11-21 21:00:00,156.56,156.572,156.51,156.522,485.0,21,0.0
2025-11-21 21:05:00,156.521,156.523,156.463,156.465,345.0,21,0.0
2025-11-21 21:10:00,156.464,156.477,156.427,156.461,444.0,21,0.0
2025-11-21 21:15:00,156.464,156.521,156.458,156.502,255.0,21,0.0
2025-11-21 21:20:00,156.502,156.516,156.467,156.468,253.0,21,0.0
2025-11-21 21:25:00,156.468,156.481,156.456,156.462,199.0,21,0.0
2025-11-21 21:30:00,156.463,156.467,156.415,156.416,307.0,21,0.0
2025-11-21 21:35:00,156.421,156.43,156.362,156.365,342.0,21,0.0
2025-11-21 21:40:00,156.364,156.366,156.285,156.29,479.0,21,0.0
2025-11-21 21:45:00,156.291,156.309,156.285,156.292,367.0,21,0.0
2025-11-21 21:50:00,156.291,156.298,156.251,156.27,294.0,21,0.0
2025-11-21 21:55:00,156.272,156.331,156.272,156.318,425.0,21,0.0
2025-11-21 22:00:00,156.318,156.352,156.308,156.345,304.0,21,0.0
2025-11-21 22:05:00,156.345,156.368,156.332,156.367,200.0,21,0.0
2025-11-21 22:10:00,156.367,156.385,156.355,156.367,151.0,21,0.0
2025-11-21 22:15:00,156.367,156.393,156.365,156.379,176.0,21,0.0
2025-11-21 22:20:00,156.379,156.429,156.379,156.404,200.0,21,0.0
2025-11-21 22:25:00,156.404,156.426,156.351,156.368,430.0,21,0.0
2025-11-21 22:30:00,156.368,156.394,156.351,156.388,403.0,21,0.0
2025-11-21 22:35:00,156.388,156.427,156.388,156.405,206.0,21,0.0
2025-11-21 22:40:00,156.4,156.415,156.392,156.41,188.0,22,0.0
2025-11-21 22:45:00,156.41,156.439,156.405,156.409,198.0,21,0.0
2025-11-21 22:50:00,156.408,156.408,156.349,156.368,409.0,21,0.0
2025-11-21 22:55:00,156.369,156.389,156.309,156.378,318.0,21,0.0
2025-11-21 23:00:00,156.379,156.406,156.352,156.406,241.0,21,0.0
2025-11-21 23:05:00,156.412,156.446,156.39,156.409,151.0,23,0.0
2025-11-21 23:10:00,156.407,156.415,156.389,156.405,84.0,22,0.0
2025-11-21 23:15:00,156.406,156.41,156.367,156.379,159.0,21,0.0
2025-11-21 23:20:00,156.38,156.406,156.351,156.406,165.0,21,0.0
2025-11-21 23:25:00,156.412,156.426,156.384,156.401,192.0,21,0.0
2025-11-21 23:30:00,156.401,156.466,156.392,156.464,149.0,23,0.0
2025-11-21 23:35:00,156.463,156.491,156.396,156.412,142.0,24,0.0
2025-11-21 23:40:00,156.411,156.453,156.399,156.453,124.0,27,0.0
2025-11-21 23:45:00,156.454,156.454,156.412,156.422,352.0,25,0.0
2025-11-21 23:50:00,156.422,156.433,156.315,156.326,341.0,26,0.0
2025-11-21 23:55:00,156.327,156.393,156.322,156.392,242.0,27,0.0
2025-11-24 00:00:00,156.269,156.311,156.269,156.304,14.0,160,0.0
2025-11-24 00:05:00,156.308,156.409,156.295,156.409,21.0,101,0.0
2025-11-24 00:10:00,156.412,156.423,156.401,156.415,22.0,79,0.0
2025-11-24 00:15:00,156.426,156.444,156.418,156.431,141.0,53,0.0
2025-11-24 00:20:00,156.431,156.456,156.409,156.452,28.0,49,0.0
2025-11-24 00:25:00,156.452,156.468,156.359,156.455,35.0,48,0.0
2025-11-24 00:30:00,156.459,156.524,156.433,156.502,76.0,42,0.0
2025-11-24 00:35:00,156.514,156.537,156.412,156.492,207.0,162,0.0
2025-11-24 00:40:00,156.498,156.56,156.418,156.431,275.0,91,0.0
2025-11-24 00:45:00,156.434,156.479,156.415,156.449,119.0,72,0.0
2025-11-24 00:50:00,156.45,156.461,156.45,156.457,19.0,65,0.0
2025-11-24 00:55:00,156.457,156.468,156.455,156.465,31.0,54,0.0
2025-11-24 01:00:00,156.463,156.584,156.455,156.55,252.0,24,0.0
2025-11-24 01:05:00,156.55,156.599,156.55,156.574,175.0,23,0.0
2025-11-24 01:10:00,156.574,156.59,156.534,156.574,262.0,22,0.0
2025-11-24 01:15:00,156.574,156.609,156.548,156.548,229.0,22,0.0
2025-11-24 01:20:00,156.548,156.604,156.546,156.599,205.0,21,0.0
2025-11-24 01:25:00,156.588,156.639,156.585,156.598,295.0,23,0.0
2025-11-24 01:30:00,156.599,156.662,156.596,156.66,272.0,21,0.0
2025-11-24 01:35:00,156.66,156.665,156.626,156.629,269.0,21,0.0
2025-11-24 01:40:00,156.638,156.661,156.629,156.655,199.0,21,0.0
2025-11-24 01:45:00,156.654,156.687,156.65,156.651,278.0,21,0.0
2025-11-24 01:50:00,156.65,156.687,156.65,156.674,308.0,22,0.0
2025-11-24 01:55:00,156.673,156.701,156.671,156.675,325.0,21,0.0
2025-11-24 02:00:00,156.676,156.719,156.65,156.714,468.0,21,0.0
2025-11-24 02:05:00,156.715,156.727,156.66,156.674,380.0,24,0.0
2025-11-24 02:10:00,156.673,156.701,156.672,156.698,377.0,22,0.0
2025-11-24 02:15:00,156.696,156.734,156.693,156.728,338.0,24,0.0
2025-11-24 02:20:00,156.731,156.731,156.685,156.712,414.0,23,0.0
2025-11-24 02:25:00,156.712,156.749,156.709,156.736,336.0,23,0.0
2025-11-24 02:30:00,156.735,156.758,156.733,156.749,308.0,21,0.0
2025-11-24 02:35:00,156.748,156.784,156.747,156.769,497.0,22,0.0
2025-11-24 02:40:00,156.768,156.777,156.755,156.772,392.0,23,0.0
2025-11-24 02:45:00,156.773,156.773,156.751,156.758,308.0,24,0.0
2025-11-24 02:50:00,156.758,156.786,156.742,156.747,479.0,23,0.0
2025-11-24 02:55:00,156.747,156.765,156.723,156.725,385.0,21,0.0
2025-11-24 03:00:00,156.725,156.73,156.656,156.697,453.0,21,0.0
2025-11-24 03:05:00,156.697,156.727,156.672,156.684,359.0,21,0.0
2025-11-24 03:10:00,156.685,156.685,156.659,156.678,275.0,21,0.0
2025-11-24 03:15:00,156.677,156.703,156.651,156.703,456.0,24,0.0
2025-11-24 03:20:00,156.704,156.718,156.693,156.71,472.0,23,0.0
2025-11-24 03:25:00,156.709,156.739,156.687,156.687,480.0,22,0.0
2025-11-24 03:30:00,156.686,156.687,156.627,156.635,494.0,24,0.0
2025-11-24 03:35:00,156.636,156.677,156.636,156.649,533.0,21,0.0
2025-11-24 03:40:00,156.648,156.661,156.639,156.648,306.0,23,0.0
2025-11-24 03:45:00,156.648,156.654,156.634,156.651,121.0,22,0.0
2025-11-24 03:50:00,156.651,156.701,156.65,156.701,146.0,21,0.0
2025-11-24 03:55:00,156.701,156.741,156.701,156.711,206.0,22,0.0
2025-11-24 04:00:00,156.708,156.725,156.684,156.711,221.0,21,0.0
2025-11-24 04:05:00,156.712,156.713,156.689,156.69,168.0,22,0.0
2025-11-24 04:10:00,156.69,156.704,156.652,156.668,183.0,21,0.0
2025-11-24 04:15:00,156.666,156.694,156.639,156.674,342.0,23,0.0
2025-11-24 04:20:00,156.674,156.687,156.652,156.674,202.0,21,0.0
2025-11-24 04:25:00,156.673,156.714,156.664,156.699,275.0,21,0.0
2025-11-24 04:30:00,156.7,156.702,156.663,156.664,202.0,21,0.0
2025-11-24 04:35:00,156.665,156.668,156.64,156.648,220.0,22,0.0
2025-11-24 04:40:00,156.647,156.653,156.596,156.601,229.0,21,0.0
2025-11-24 04:45:00,156.601,156.639,156.6,156.636,169.0,21,0.0
2025-11-24 04:50:00,156.637,156.643,156.617,156.633,157.0,22,0.0
2025-11-24 04:55:00,156.635,156.679,156.614,156.676,366.0,22,0.0
2025-11-24 05:00:00,156.676,156.68,156.6,156.625,333.0,21,0.0
2025-11-24 05:05:00,156.625,156.64,156.605,156.617,155.0,23,0.0
2025-11-24 05:10:00,156.617,156.666,156.617,156.664,98.0,22,0.0
2025-11-24 05:15:00,156.665,156.67,156.645,156.65,211.0,21,0.0
2025-11-24 05:20:00,156.65,156.665,156.639,156.65,151.0,22,0.0
2025-11-24 05:25:00,156.649,156.649,156.603,156.607,253.0,21,0.0
2025-11-24 05:30:00,156.607,156.613,156.578,156.613,143.0,21,0.0
2025-11-24 05:35:00,156.612,156.615,156.58,156.603,177.0,21,0.0
2025-11-24 05:40:00,156.602,156.616,156.594,156.615,80.0,22,0.0
2025-11-24 05:45:00,156.614,156.618,156.599,156.609,79.0,22,0.0
2025-11-24 05:50:00,156.612,156.616,156.6,156.604,117.0,21,0.0
2025-11-24 05:55:00,156.604,156.633,156.604,156.633,196.0,22,0.0
2025-11-24 06:00:00,156.631,156.651,156.628,156.636,204.0,21,0.0
2025-11-24 06:05:00,156.639,156.645,156.616,156.626,114.0,22,0.0
2025-11-24 06:10:00,156.625,156.625,156.603,156.615,104.0,22,0.0
2025-11-24 06:15:00,156.614,156.614,156.587,156.6,171.0,21,0.0
2025-11-24 06:20:00,156.6,156.616,156.599,156.6,150.0,21,0.0
2025-11-24 06:25:00,156.6,156.603,156.565,156.568,135.0,21,0.0
2025-11-24 06:30:00,156.567,156.586,156.559,156.575,103.0,22,0.0
2025-11-24 06:35:00,156.575,156.582,156.564,156.564,136.0,22,0.0
2025-11-24 06:40:00,156.567,156.582,156.562,156.575,100.0,21,0.0
2025-11-24 06:45:00,156.574,156.585,156.539,156.541,153.0,22,0.0
2025-11-24 06:50:00,156.54,156.56,156.539,156.549,197.0,21,0.0
2025-11-24 06:55:00,156.549,156.55,156.499,156.542,323.0,21,0.0
2025-11-24 07:00:00,156.542,156.543,156.487,156.494,254.0,21,0.0
2025-11-24 07:05:00,156.493,156.52,156.49,156.518,206.0,21,0.0
2025-11-24 07:10:00,156.518,156.577,156.518,156.542,338.0,22,0.0
2025-11-24 07:15:00,156.543,156.566,156.525,156.528,222.0,21,0.0
2025-11-24 07:20:00,156.529,156.54,156.515,156.528,196.0,21,0.0
2025-11-24 07:25:00,156.527,156.554,156.525,156.545,213.0,22,0.0
2025-11-24 07:30:00,156.544,156.545,156.528,156.533,233.0,23,0.0
2025-11-24 07:35:00,156.533,156.535,156.518,156.531,135.0,23,0.0
2025-11-24 07:40:00,156.531,156.539,156.503,156.504,122.0,21,0.0
2025-11-24 07:45:00,156.504,156.53,156.504,156.53,180.0,21,0.0
2025-11-24 07:50:00,156.529,156.564,156.528,156.531,181.0,21,0.0
2025-11-24 07:55:00,156.531,156.581,156.529,156.57,265.0,21,0.0
2025-11-24 08:00:00,156.571,156.589,156.533,156.56,183.0,21,0.0
2025-11-24 08:05:00,156.559,156.626,156.559,156.617,152.0,21,0.0
2025-11-24 08:10:00,156.618,156.629,156.59,156.607,190.0,21,0.0
2025-11-24 08:15:00,156.605,156.652,156.605,156.644,212.0,21,0.0
2025-11-24 08:20:00,156.644,156.644,156.603,156.611,221.0,21,0.0
2025-11-24 08:25:00,156.61,156.619,156.584,156.61,283.0,22,0.0
2025-11-24 08:30:00,156.61,156.64,156.609,156.633,115.0,21,0.0
2025-11-24 08:35:00,156.637,156.651,156.625,156.639,149.0,21,0.0
2025-11-24 08:40:00,156.64,156.665,156.629,156.634,164.0,22,0.0
2025-11-24 08:45:00,156.635,156.656,156.635,156.655,192.0,21,0.0
2025-11-24 08:50:00,156.656,156.721,156.654,156.709,291.0,21,0.0
2025-11-24 08:55:00,156.71,156.727,156.7,156.715,216.0,21,0.0
2025-11-24 09:00:00,156.715,156.731,156.665,156.669,370.0,21,0.0
2025-11-24 09:05:00,156.67,156.736,156.669,156.725,317.0,21,0.0
2025-11-24 09:10:00,156.726,156.742,156.719,156.725,265.0,21,0.0
2025-11-24 09:15:00,156.725,156.747,156.724,156.745,269.0,21,0.0
2025-11-24 09:20:00,156.745,156.76,156.698,156.723,275.0,22,0.0
2025-11-24 09:25:00,156.722,156.766,156.719,156.752,267.0,21,0.0
2025-11-24 09:30:00,156.752,156.755,156.724,156.736,237.0,21,0.0
2025-11-24 09:35:00,156.735,156.754,156.72,156.739,172.0,21,0.0
2025-11-24 09:40:00,156.738,156.785,156.734,156.784,273.0,21,0.0
2025-11-24 09:45:00,156.784,156.828,156.761,156.827,327.0,21,0.0
2025-11-24 09:50:00,156.827,156.876,156.821,156.838,367.0,21,0.0
2025-11-24 09:55:00,156.836,156.849,156.808,156.83,418.0,21,0.0
2025-11-24 10:00:00,156.825,156.825,156.717,156.718,568.0,21,0.0
2025-11-24 10:05:00,156.717,156.738,156.675,156.726,528.0,21,0.0
2025-11-24 10:10:00,156.729,156.734,156.653,156.7,415.0,21,0.0
2025-11-24 10:15:00,156.7,156.76,156.68,156.749,351.0,21,0.0
2025-11-24 10:20:00,156.749,156.749,156.636,156.702,513.0,21,0.0
2025-11-24 10:25:00,156.701,156.725,156.684,156.714,429.0,21,0.0
2025-11-24 10:30:00,156.715,156.794,156.71,156.743,416.0,21,0.0
2025-11-24 10:35:00,156.744,156.785,156.733,156.748,352.0,21,0.0
2025-11-24 10:40:00,156.747,156.805,156.745,156.776,401.0,21,0.0
2025-11-24 10:45:00,156.776,156.856,156.773,156.848,325.0,21,0.0
2025-11-24 10:50:00,156.847,156.896,156.845,156.895,395.0,21,0.0
2025-11-24 10:55:00,156.896,156.924,156.88,156.891,348.0,21,0.0
2025-11-24 11:00:00,156.891,156.924,156.865,156.871,406.0,21,0.0
2025-11-24 11:05:00,156.872,156.897,156.834,156.837,255.0,21,0.0
2025-11-24 11:10:00,156.836,156.893,156.823,156.881,360.0,21,0.0
2025-11-24 11:15:00,156.881,156.906,156.835,156.866,419.0,21,0.0
2025-11-24 11:20:00,156.865,156.866,156.789,156.789,434.0,21,0.0
2025-11-24 11:25:00,156.79,156.79,156.702,156.737,804.0,21,0.0
2025-11-24 11:30:00,156.737,156.761,156.669,156.714,581.0,21,0.0
2025-11-24 11:35:00,156.718,156.753,156.693,156.702,403.0,21,0.0
2025-11-24 11:40:00,156.702,156.735,156.691,156.727,354.0,21,0.0
2025-11-24 11:45:00,156.728,156.762,156.727,156.761,353.0,21,0.0
2025-11-24 11:50:00,156.76,156.766,156.739,156.745,319.0,21,0.0
2025-11-24 11:55:00,156.752,156.771,156.728,156.736,414.0,21,0.0
2025-11-24 12:00:00,156.737,156.741,156.688,156.715,416.0,21,0.0
2025-11-24 12:05:00,156.715,156.748,156.702,156.727,378.0,21,0.0
2025-11-24 12:10:00,156.726,156.739,156.698,156.735,328.0,21,0.0
2025-11-24 12:15:00,156.735,156.75,156.712,156.747,261.0,21,0.0
2025-11-24 12:20:00,156.746,156.771,156.718,156.743,410.0,21,0.0
2025-11-24 12:25:00,156.743,156.744,156.689,156.695,363.0,21,0.0
2025-11-24 12:30:00,156.694,156.749,156.688,156.708,287.0,22,0.0
2025-11-24 12:35:00,156.707,156.734,156.701,156.712,217.0,21,0.0
2025-11-24 12:40:00,156.711,156.731,156.702,156.711,139.0,22,0.0
2025-11-24 12:45:00,156.711,156.725,156.7,156.724,187.0,21,0.0
2025-11-24 12:50:00,156.731,156.75,156.7,156.714,303.0,21,0.0
2025-11-24 12:55:00,156.713,156.731,156.699,156.701,302.0,21,0.0
2025-11-24 13:00:00,156.701,156.722,156.689,156.714,226.0,21,0.0
2025-11-24 13:05:00,156.714,156.733,156.71,156.724,134.0,21,0.0
2025-11-24 13:10:00,156.717,156.734,156.709,156.729,116.0,21,0.0
2025-11-24 13:15:00,156.723,156.74,156.699,156.738,146.0,21,0.0
2025-11-24 13:20:00,156.737,156.754,156.711,156.724,175.0,21,0.0
2025-11-24 13:25:00,156.723,156.727,156.709,156.718,254.0,21,0.0
2025-11-24 13:30:00,156.719,156.725,156.701,156.721,193.0,21,0.0
2025-11-24 13:35:00,156.721,156.743,156.718,156.723,240.0,21,0.0
2025-11-24 13:40:00,156.724,156.769,156.724,156.764,300.0,21,0.0
2025-11-24 13:45:00,156.763,156.805,156.758,156.797,349.0,21,0.0
2025-11-24 13:50:00,156.796,156.855,156.794,156.833,264.0,21,0.0
2025-11-24 13:55:00,156.833,156.837,156.806,156.825,325.0,21,0.0
2025-11-24 14:00:00,156.824,156.838,156.815,156.821,327.0,21,0.0
2025-11-24 14:05:00,156.821,156.849,156.82,156.834,296.0,21,0.0
2025-11-24 14:10:00,156.833,156.858,156.827,156.849,383.0,21,0.0
2025-11-24 14:15:00,156.85,156.85,156.819,156.83,199.0,21,0.0
2025-11-24 14:20:00,156.831,156.835,156.806,156.814,184.0,21,0.0
2025-11-24 14:25:00,156.815,156.823,156.803,156.81,173.0,21,0.0
2025-11-24 14:30:00,156.809,156.821,156.779,156.797,205.0,21,0.0
2025-11-24 14:35:00,156.797,156.811,156.779,156.81,204.0,22,0.0
2025-11-24 14:40:00,156.811,156.834,156.771,156.771,276.0,21,0.0
2025-11-24 14:45:00,156.77,156.811,156.736,156.784,413.0,21,0.0
2025-11-24 14:50:00,156.785,156.837,156.771,156.836,244.0,21,0.0
2025-11-24 14:55:00,156.838,156.862,156.837,156.841,250.0,21,0.0
2025-11-24 15:00:00,156.84,156.885,156.839,156.879,432.0,21,0.0
2025-11-24 15:05:00,156.879,156.974,156.878,156.965,559.0,21,0.0
2025-11-24 15:10:00,156.965,156.975,156.934,156.956,339.0,21,0.0
2025-11-24 15:15:00,156.957,156.959,156.899,156.91,306.0,21,0.0
2025-11-24 15:20:00,156.91,156.917,156.884,156.917,325.0,21,0.0
2025-11-24 15:25:00,156.915,156.944,156.914,156.922,242.0,21,0.0
2025-11-24 15:30:00,156.922,156.929,156.87,156.878,282.0,21,0.0
2025-11-24 15:35:00,156.878,156.905,156.854,156.905,226.0,21,0.0
2025-11-24 15:40:00,156.904,156.942,156.902,156.932,232.0,21,0.0
2025-11-24 15:45:00,156.933,156.941,156.893,156.895,240.0,21,0.0
2025-11-24 15:50:00,156.894,156.894,156.862,156.875,350.0,22,0.0
2025-11-24 15:55:00,156.879,156.92,156.879,156.904,374.0,21,0.0
2025-11-24 16:00:00,156.905,156.91,156.875,156.899,330.0,21,0.0
2025-11-24 16:05:00,156.899,156.941,156.899,156.934,261.0,21,0.0
2025-11-24 16:10:00,156.933,156.991,156.932,156.99,366.0,21,0.0
2025-11-24 16:15:00,156.99,157.021,156.971,156.997,313.0,21,0.0
2025-11-24 16:20:00,156.997,157.034,156.978,157.016,324.0,21,0.0
2025-11-24 16:25:00,157.016,157.079,157.006,157.065,414.0,21,0.0
2025-11-24 16:30:00,157.064,157.153,157.062,157.104,760.0,21,0.0
2025-11-24 16:35:00,157.106,157.129,157.03,157.03,609.0,21,0.0
2025-11-24 16:40:00,157.033,157.064,157.015,157.036,665.0,21,0.0
2025-11-24 16:45:00,157.035,157.076,157.012,157.015,677.0,21,0.0
2025-11-24 16:50:00,157.014,157.04,156.978,156.999,681.0,21,0.0
2025-11-24 16:55:00,157.003,157.039,156.976,157.039,600.0,21,0.0
2025-11-24 17:00:00,157.04,157.167,157.039,157.165,690.0,21,0.0
2025-11-24 17:05:00,157.164,157.166,157.125,157.152,516.0,21,0.0
2025-11-24 17:10:00,157.151,157.176,157.12,157.13,477.0,21,0.0
2025-11-24 17:15:00,157.131,157.135,157.102,157.102,456.0,21,0.0
2025-11-24 17:20:00,157.103,157.13,157.059,157.064,556.0,21,0.0
2025-11-24 17:25:00,157.064,157.087,157.049,157.052,516.0,21,0.0
2025-11-24 17:30:00,157.053,157.053,156.965,156.965,421.0,21,0.0
2025-11-24 17:35:00,156.967,156.985,156.908,156.908,385.0,21,0.0
2025-11-24 17:40:00,156.909,156.918,156.873,156.895,430.0,21,0.0
2025-11-24 17:45:00,156.896,156.997,156.896,156.997,319.0,21,0.0
2025-11-24 17:50:00,156.995,157.006,156.752,156.763,1193.0,21,0.0
2025-11-24 17:55:00,156.764,156.864,156.729,156.781,1713.0,21,0.0
2025-11-24 18:00:00,156.785,156.855,156.771,156.847,899.0,21,0.0
2025-11-24 18:05:00,156.848,156.865,156.821,156.846,371.0,21,0.0
2025-11-24 18:10:00,156.846,156.846,156.757,156.785,388.0,21,0.0
2025-11-24 18:15:00,156.785,156.807,156.762,156.798,256.0,21,0.0
2025-11-24 18:20:00,156.799,156.841,156.799,156.84,242.0,21,0.0
2025-11-24 18:25:00,156.838,156.886,156.835,156.871,179.0,21,0.0
2025-11-24 18:30:00,156.872,156.874,156.827,156.839,303.0,21,0.0
2025-11-24 18:35:00,156.844,156.872,156.831,156.872,235.0,21,0.0
2025-11-24 18:40:00,156.871,156.911,156.862,156.897,204.0,21,0.0
2025-11-24 18:45:00,156.894,156.902,156.859,156.86,240.0,21,0.0
2025-11-24 18:50:00,156.861,156.909,156.859,156.897,219.0,21,0.0
2025-11-24 18:55:00,156.897,156.935,156.872,156.929,232.0,21,0.0
2025-11-24 19:00:00,156.93,156.932,156.909,156.921,249.0,21,0.0
2025-11-24 19:05:00,156.921,156.95,156.918,156.932,333.0,21,0.0
2025-11-24 19:10:00,156.931,156.946,156.905,156.92,336.0,21,0.0
2025-11-24 19:15:00,156.919,156.972,156.851,156.967,432.0,21,0.0
2025-11-24 19:20:00,156.968,156.969,156.936,156.938,277.0,21,0.0
2025-11-24 19:25:00,156.939,156.94,156.914,156.929,314.0,21,0.0
2025-11-24 19:30:00,156.93,156.945,156.905,156.917,323.0,21,0.0
2025-11-24 19:35:00,156.917,156.917,156.9,156.911,195.0,21,0.0
2025-11-24 19:40:00,156.927,156.935,156.86,156.87,363.0,21,0.0
2025-11-24 19:45:00,156.869,156.88,156.846,156.849,410.0,21,0.0
2025-11-24 19:50:00,156.848,156.883,156.848,156.875,211.0,21,0.0
2025-11-24 19:55:00,156.877,156.887,156.854,156.874,382.0,22,0.0
2025-11-24 20:00:00,156.874,156.874,156.847,156.852,316.0,21,0.0
2025-11-24 20:05:00,156.853,156.866,156.831,156.855,222.0,22,0.0
2025-11-24 20:10:00,156.855,156.88,156.847,156.879,145.0,21,0.0
2025-11-24 20:15:00,156.879,156.884,156.86,156.869,118.0,22,0.0
2025-11-24 20:20:00,156.87,156.881,156.842,156.843,215.0,21,0.0
2025-11-24 20:25:00,156.842,156.857,156.839,156.847,171.0,22,0.0
2025-11-24 20:30:00,156.849,156.864,156.829,156.834,199.0,21,0.0
2025-11-24 20:35:00,156.834,156.845,156.819,156.82,313.0,21,0.0
2025-11-24 20:40:00,156.821,156.832,156.808,156.814,272.0,22,0.0
2025-11-24 20:45:00,156.815,156.839,156.813,156.83,298.0,21,0.0
2025-11-24 20:50:00,156.83,156.845,156.818,156.829,128.0,21,0.0
2025-11-24 20:55:00,156.829,156.83,156.776,156.778,343.0,21,0.0
2025-11-24 21:00:00,156.779,156.817,156.778,156.806,320.0,21,0.0
2025-11-24 21:05:00,156.806,156.809,156.79,156.804,128.0,21,0.0
2025-11-24 21:10:00,156.804,156.844,156.801,156.841,175.0,21,0.0
2025-11-24 21:15:00,156.841,156.866,156.841,156.866,232.0,21,0.0
2025-11-24 21:20:00,156.867,156.868,156.831,156.831,211.0,21,0.0
2025-11-24 21:25:00,156.831,156.832,156.783,156.797,230.0,21,0.0
2025-11-24 21:30:00,156.797,156.809,156.788,156.794,161.0,21,0.0
2025-11-24 21:35:00,156.795,156.809,156.784,156.787,214.0,21,0.0
2025-11-24 21:40:00,156.787,156.824,156.787,156.822,163.0,21,0.0
2025-11-24 21:45:00,156.821,156.836,156.798,156.798,114.0,21,0.0
2025-11-24 21:50:00,156.798,156.823,156.789,156.822,147.0,21,0.0
2025-11-24 21:55:00,156.821,156.833,156.701,156.727,559.0,21,0.0
2025-11-24 22:00:00,156.728,156.803,156.721,156.797,352.0,21,0.0
2025-11-24 22:05:00,156.797,156.808,156.784,156.792,228.0,21,0.0
2025-11-24 22:10:00,156.793,156.797,156.764,156.784,252.0,21,0.0
2025-11-24 22:15:00,156.785,156.819,156.785,156.79,135.0,22,0.0
2025-11-24 22:20:00,156.791,156.808,156.788,156.808,180.0,21,0.0
2025-11-24 22:25:00,156.798,156.829,156.798,156.823,136.0,22,0.0
2025-11-24 22:30:00,156.824,156.835,156.796,156.802,180.0,21,0.0
2025-11-24 22:35:00,156.802,156.808,156.784,156.795,277.0,21,0.0
2025-11-24 22:40:00,156.794,156.805,156.792,156.795,255.0,21,0.0
2025-11-24 22:45:00,156.795,156.806,156.782,156.796,269.0,22,0.0
2025-11-24 22:50:00,156.798,156.798,156.771,156.778,357.0,22,0.0
2025-11-24 22:55:00,156.779,156.822,156.779,156.82,277.0,21,0.0
2025-11-24 23:00:00,156.819,156.835,156.809,156.831,241.0,22,0.0
2025-11-24 23:05:00,156.832,156.855,156.827,156.855,104.0,23,0.0
2025-11-24 23:10:00,156.855,156.857,156.846,156.85,62.0,23,0.0
2025-11-24 23:15:00,156.85,156.852,156.838,156.842,66.0,21,0.0
2025-11-24 23:20:00,156.842,156.848,156.836,156.847,28.0,25,0.0
2025-11-24 23:25:00,156.86,156.883,156.858,156.883,46.0,23,0.0
2025-11-24 23:30:00,156.882,156.897,156.879,156.894,46.0,24,0.0
2025-11-24 23:35:00,156.894,156.895,156.876,156.879,83.0,24,0.0
2025-11-24 23:40:00,156.88,156.882,156.871,156.882,42.0,22,0.0
2025-11-24 23:45:00,156.881,156.896,156.88,156.881,152.0,23,0.0
2025-11-24 23:50:00,156.88,156.901,156.88,156.894,299.0,24,0.0
2025-11-24 23:55:00,156.891,156.911,156.863,156.866,493.0,25,0.0
2025-11-25 00:00:00,156.824,156.861,156.801,156.805,8.0,88,0.0
2025-11-25 00:05:00,156.823,156.88,156.823,156.874,35.0,55,0.0
2025-11-25 00:10:00,156.808,156.878,156.805,156.878,32.0,43,0.0
2025-11-25 00:15:00,156.88,156.886,156.867,156.869,42.0,42,0.0
2025-11-25 00:20:00,156.863,156.863,156.853,156.856,27.0,43,0.0
2025-11-25 00:25:00,156.856,156.867,156.854,156.854,25.0,44,0.0
2025-11-25 00:30:00,156.854,156.866,156.843,156.865,45.0,42,0.0
2025-11-25 00:35:00,156.865,156.866,156.835,156.854,60.0,37,0.0
2025-11-25 00:40:00,156.855,156.857,156.85,156.855,42.0,35,0.0
2025-11-25 00:45:00,156.851,156.859,156.824,156.826,100.0,22,0.0
2025-11-25 00:50:00,156.826,156.833,156.795,156.82,56.0,21,0.0
2025-11-25 00:55:00,156.819,156.854,156.809,156.854,94.0,35,0.0
2025-11-25 01:00:00,156.854,156.89,156.839,156.881,98.0,25,0.0
2025-11-25 01:05:00,156.881,156.912,156.874,156.899,109.0,21,0.0
2025-11-25 01:10:00,156.9,156.912,156.886,156.909,140.0,23,0.0
2025-11-25 01:15:00,156.91,156.91,156.885,156.898,151.0,24,0.0
2025-11-25 01:20:00,156.899,156.915,156.898,156.912,82.0,25,0.0
2025-11-25 01:25:00,156.912,156.914,156.9,156.913,81.0,23,0.0
2025-11-25 01:30:00,156.912,156.914,156.898,156.91,95.0,21,0.0
2025-11-25 01:35:00,156.909,156.94,156.908,156.938,135.0,22,0.0
2025-11-25 01:40:00,156.937,156.945,156.924,156.939,201.0,21,0.0
2025-11-25 01:45:00,156.938,156.938,156.883,156.888,253.0,24,0.0
2025-11-25 01:50:00,156.887,156.924,156.882,156.912,128.0,21,0.0
2025-11-25 01:55:00,156.912,156.934,156.893,156.896,132.0,21,0.0
2025-11-25 02:00:00,156.896,156.896,156.827,156.874,389.0,21,0.0
2025-11-25 02:05:00,156.873,156.875,156.837,156.85,319.0,21,0.0
2025-11-25 02:10:00,156.851,156.865,156.818,156.819,273.0,21,0.0
2025-11-25 02:15:00,156.819,156.882,156.807,156.878,339.0,21,0.0
2025-11-25 02:20:00,156.877,156.935,156.873,156.927,332.0,21,0.0
2025-11-25 02:25:00,156.927,156.952,156.918,156.945,203.0,21,0.0
2025-11-25 02:30:00,156.946,156.971,156.921,156.95,407.0,21,0.0
2025-11-25 02:35:00,156.95,156.951,156.882,156.919,388.0,21,0.0
2025-11-25 02:40:00,156.918,156.953,156.896,156.941,353.0,21,0.0
2025-11-25 02:45:00,156.941,156.95,156.874,156.91,417.0,21,0.0
2025-11-25 02:50:00,156.909,156.92,156.807,156.809,760.0,21,0.0
2025-11-25 02:55:00,156.81,156.812,156.663,156.676,983.0,21,0.0
2025-11-25 03:00:00,156.675,156.726,156.592,156.717,978.0,21,0.0
2025-11-25 03:05:00,156.716,156.735,156.682,156.705,564.0,21,0.0
2025-11-25 03:10:00,156.707,156.73,156.648,156.663,383.0,21,0.0
2025-11-25 03:15:00,156.657,156.658,156.574,156.581,429.0,21,0.0
2025-11-25 03:20:00,156.581,156.63,156.569,156.62,420.0,21,0.0
2025-11-25 03:25:00,156.621,156.688,156.621,156.665,388.0,21,0.0
2025-11-25 03:30:00,156.664,156.668,156.554,156.554,377.0,21,0.0
2025-11-25 03:35:00,156.554,156.593,156.543,156.577,351.0,21,0.0
2025-11-25 03:40:00,156.572,156.622,156.564,156.607,373.0,21,0.0
2025-11-25 03:45:00,156.606,156.647,156.603,156.603,287.0,21,0.0
2025-11-25 03:50:00,156.602,156.683,156.596,156.68,232.0,21,0.0
2025-11-25 03:55:00,156.679,156.68,156.639,156.641,405.0,21,0.0
2025-11-25 04:00:00,156.641,156.679,156.606,156.663,463.0,21,0.0
2025-11-25 04:05:00,156.662,156.662,156.624,156.626,296.0,21,0.0
2025-11-25 04:10:00,156.626,156.631,156.598,156.628,267.0,21,0.0
2025-11-25 04:15:00,156.628,156.64,156.607,156.614,243.0,21,0.0
2025-11-25 04:20:00,156.608,156.642,156.596,156.636,267.0,22,0.0
2025-11-25 04:25:00,156.637,156.64,156.611,156.63,221.0,21,0.0
2025-11-25 04:30:00,156.631,156.682,156.626,156.655,266.0,21,0.0
2025-11-25 04:35:00,156.656,156.719,156.655,156.711,242.0,21,0.0
2025-11-25 04:40:00,156.71,156.718,156.691,156.693,170.0,21,0.0
2025-11-25 04:45:00,156.695,156.699,156.637,156.648,119.0,21,0.0
2025-11-25 04:50:00,156.648,156.694,156.635,156.681,249.0,21,0.0
2025-11-25 04:55:00,156.681,156.694,156.656,156.663,263.0,21,0.0
2025-11-25 05:00:00,156.663,156.663,156.6,156.614,239.0,21,0.0
2025-11-25 05:05:00,156.614,156.653,156.61,156.616,179.0,21,0.0
2025-11-25 05:10:00,156.619,156.649,156.604,156.643,127.0,21,0.0
2025-11-25 05:15:00,156.642,156.667,156.637,156.663,202.0,21,0.0
2025-11-25 05:20:00,156.663,156.686,156.661,156.666,224.0,21,0.0
2025-11-25 05:25:00,156.665,156.701,156.664,156.69,332.0,21,0.0
2025-11-25 05:30:00,156.69,156.692,156.648,156.663,203.0,21,0.0
2025-11-25 05:35:00,156.663,156.7,156.661,156.69,264.0,21,0.0
2025-11-25 05:40:00,156.69,156.73,156.665,156.721,328.0,21,0.0
2025-11-25 05:45:00,156.722,156.74,156.72,156.734,205.0,21,0.0
2025-11-25 05:50:00,156.73,156.771,156.725,156.729,416.0,21,0.0
2025-11-25 05:55:00,156.726,156.771,156.72,156.765,258.0,21,0.0
2025-11-25 06:00:00,156.765,156.79,156.764,156.788,203.0,21,0.0
2025-11-25 06:05:00,156.788,156.798,156.769,156.796,108.0,21,0.0
2025-11-25 06:10:00,156.795,156.821,156.794,156.821,62.0,22,0.0
2025-11-25 06:15:00,156.82,156.838,156.809,156.81,137.0,21,0.0
2025-11-25 06:20:00,156.811,156.82,156.804,156.808,70.0,22,0.0
2025-11-25 06:25:00,156.806,156.81,156.787,156.797,84.0,21,0.0
2025-11-25 06:30:00,156.796,156.81,156.782,156.785,92.0,21,0.0
2025-11-25 06:35:00,156.785,156.785,156.748,156.778,113.0,21,0.0
2025-11-25 06:40:00,156.777,156.809,156.777,156.783,94.0,21,0.0
2025-11-25 06:45:00,156.783,156.799,156.774,156.784,55.0,21,0.0
2025-11-25 06:50:00,156.784,156.793,156.769,156.784,52.0,21,0.0
2025-11-25 06:55:00,156.784,156.793,156.778,156.792,67.0,21,0.0
2025-11-25 07:00:00,156.79,156.804,156.781,156.8,111.0,21,0.0
2025-11-25 07:05:00,156.8,156.814,156.795,156.806,112.0,21,0.0
2025-11-25 07:10:00,156.807,156.821,156.796,156.82,85.0,21,0.0
2025-11-25 07:15:00,156.82,156.833,156.815,156.815,70.0,22,0.0
2025-11-25 07:20:00,156.816,156.819,156.783,156.797,72.0,21,0.0
2025-11-25 07:25:00,156.797,156.797,156.707,156.71,134.0,21,0.0
2025-11-25 07:30:00,156.711,156.769,156.709,156.76,124.0,21,0.0
2025-11-25 07:35:00,156.761,156.764,156.734,156.736,108.0,21,0.0
2025-11-25 07:40:00,156.737,156.745,156.713,156.72,73.0,21,0.0
2025-11-25 07:45:00,156.719,156.73,156.706,156.729,98.0,21,0.0
2025-11-25 07:50:00,156.728,156.733,156.684,156.71,202.0,21,0.0
2025-11-25 07:55:00,156.71,156.725,156.687,156.722,361.0,21,0.0
2025-11-25 08:00:00,156.723,156.787,156.723,156.774,363.0,21,0.0
2025-11-25 08:05:00,156.775,156.776,156.702,156.713,354.0,21,0.0
2025-11-25 08:10:00,156.719,156.721,156.683,156.721,189.0,21,0.0
2025-11-25 08:15:00,156.722,156.762,156.72,156.745,221.0,21,0.0
2025-11-25 08:20:00,156.745,156.752,156.73,156.732,212.0,21,0.0
2025-11-25 08:25:00,156.733,156.759,156.728,156.728,293.0,21,0.0
2025-11-25 08:30:00,156.729,156.75,156.695,156.748,354.0,21,0.0
2025-11-25 08:35:00,156.747,156.753,156.73,156.732,170.0,22,0.0
2025-11-25 08:40:00,156.733,156.737,156.658,156.659,194.0,21,0.0
2025-11-25 08:45:00,156.66,156.721,156.658,156.694,260.0,21,0.0
2025-11-25 08:50:00,156.696,156.734,156.684,156.69,226.0,21,0.0
2025-11-25 08:55:00,156.689,156.71,156.662,156.669,210.0,21,0.0
2025-11-25 09:00:00,156.674,156.687,156.624,156.631,387.0,21,0.0
2025-11-25 09:05:00,156.63,156.637,156.595,156.595,327.0,21,0.0
2025-11-25 09:10:00,156.596,156.631,156.551,156.629,384.0,21,0.0
2025-11-25 09:15:00,156.629,156.633,156.552,156.58,264.0,21,0.0
2025-11-25 09:20:00,156.583,156.622,156.577,156.605,191.0,21,0.0
2025-11-25 09:25:00,156.605,156.62,156.568,156.577,225.0,21,0.0
2025-11-25 09:30:00,156.578,156.581,156.512,156.515,412.0,21,0.0
2025-11-25 09:35:00,156.515,156.556,156.515,156.551,292.0,21,0.0
2025-11-25 09:40:00,156.551,156.594,156.543,156.544,298.0,21,0.0
2025-11-25 09:45:00,156.546,156.592,156.524,156.529,436.0,21,0.0
2025-11-25 09:50:00,156.529,156.614,156.514,156.604,489.0,21,0.0
2025-11-25 09:55:00,156.605,156.664,156.588,156.605,767.0,21,0.0
2025-11-25 10:00:00,156.61,156.692,156.603,156.653,663.0,21,0.0
2025-11-25 10:05:00,156.653,156.669,156.622,156.628,400.0,21,0.0
2025-11-25 10:10:00,156.627,156.627,156.554,156.581,386.0,21,0.0
2025-11-25 10:15:00,156.582,156.608,156.555,156.603,391.0,21,0.0
2025-11-25 10:20:00,156.604,156.66,156.599,156.654,320.0,22,0.0
2025-11-25 10:25:00,156.66,156.679,156.605,156.608,341.0,21,0.0
2025-11-25 10:30:00,156.607,156.63,156.565,156.566,316.0,21,0.0
2025-11-25 10:35:00,156.567,156.593,156.519,156.541,314.0,21,0.0
2025-11-25 10:40:00,156.541,156.558,156.492,156.5,326.0,21,0.0
2025-11-25 10:45:00,156.5,156.533,156.455,156.468,395.0,21,0.0
2025-11-25 10:50:00,156.468,156.494,156.436,156.471,506.0,21,0.0
2025-11-25 10:55:00,156.47,156.483,156.427,156.483,595.0,21,0.0
2025-11-25 11:00:00,156.483,156.484,156.329,156.334,564.0,21,0.0
2025-11-25 11:05:00,156.334,156.418,156.327,156.37,415.0,21,0.0
2025-11-25 11:10:00,156.371,156.411,156.36,156.371,310.0,21,0.0
2025-11-25 11:15:00,156.372,156.396,156.289,156.29,401.0,21,0.0
2025-11-25 11:20:00,156.288,156.312,156.253,156.283,445.0,21,0.0
2025-11-25 11:25:00,156.284,156.303,156.257,156.303,323.0,21,0.0
2025-11-25 11:30:00,156.302,156.314,156.237,156.253,400.0,21,0.0
2025-11-25 11:35:00,156.254,156.276,156.153,156.167,511.0,21,0.0
2025-11-25 11:40:00,156.168,156.183,156.134,156.151,413.0,21,0.0
2025-11-25 11:45:00,156.152,156.244,156.132,156.241,515.0,21,0.0
2025-11-25 11:50:00,156.24,156.266,156.21,156.262,334.0,21,0.0
2025-11-25 11:55:00,156.262,156.293,156.255,156.289,452.0,21,0.0
2025-11-25 12:00:00,156.29,156.32,156.282,156.308,444.0,21,0.0
2025-11-25 12:05:00,156.309,156.309,156.208,156.209,273.0,21,0.0
2025-11-25 12:10:00,156.219,156.23,156.19,156.212,394.0,21,0.0
2025-11-25 12:15:00,156.213,156.275,156.213,156.25,336.0,21,0.0
2025-11-25 12:20:00,156.253,156.257,156.211,156.227,349.0,21,0.0
2025-11-25 12:25:00,156.223,156.267,156.214,156.239,327.0,21,0.0
2025-11-25 12:30:00,156.239,156.278,156.225,156.278,251.0,21,0.0
2025-11-25 12:35:00,156.278,156.361,156.276,156.361,247.0,21,0.0
2025-11-25 12:40:00,156.362,156.375,156.34,156.359,271.0,21,0.0
2025-11-25 12:45:00,156.36,156.373,156.341,156.365,221.0,21,0.0
2025-11-25 12:50:00,156.365,156.388,156.344,156.349,189.0,21,0.0
2025-11-25 12:55:00,156.348,156.359,156.321,156.337,272.0,21,0.0
2025-11-25 13:00:00,156.338,156.432,156.338,156.432,312.0,21,0.0
2025-11-25 13:05:00,156.432,156.473,156.406,156.462,289.0,21,0.0
2025-11-25 13:10:00,156.461,156.474,156.437,156.473,237.0,21,0.0
2025-11-25 13:15:00,156.472,156.479,156.443,156.461,265.0,21,0.0
2025-11-25 13:20:00,156.462,156.481,156.46,156.469,161.0,21,0.0
2025-11-25 13:25:00,156.47,156.48,156.453,156.458,236.0,21,0.0
2025-11-25 13:30:00,156.457,156.472,156.443,156.46,225.0,21,0.0
2025-11-25 13:35:00,156.458,156.507,156.457,156.5,232.0,21,0.0
2025-11-25 13:40:00,156.499,156.509,156.473,156.474,171.0,21,0.0
2025-11-25 13:45:00,156.473,156.493,156.427,156.441,161.0,21,0.0
2025-11-25 13:50:00,156.441,156.471,156.427,156.468,215.0,21,0.0
2025-11-25 13:55:00,156.467,156.481,156.416,156.431,263.0,21,0.0
2025-11-25 14:00:00,156.432,156.444,156.385,156.392,397.0,21,0.0
2025-11-25 14:05:00,156.393,156.45,156.393,156.444,320.0,21,0.0
2025-11-25 14:10:00,156.445,156.465,156.408,156.408,205.0,21,0.0
2025-11-25 14:15:00,156.408,156.444,156.394,156.432,244.0,21,0.0
2025-11-25 14:20:00,156.431,156.442,156.404,156.404,242.0,21,0.0
2025-11-25 14:25:00,156.405,156.408,156.372,156.38,431.0,21,0.0
2025-11-25 14:30:00,156.38,156.39,156.348,156.381,235.0,21,0.0
2025-11-25 14:35:00,156.382,156.392,156.355,156.385,187.0,21,0.0
2025-11-25 14:40:00,156.384,156.501,156.371,156.403,979.0,21,0.0
2025-11-25 14:45:00,156.4,156.426,156.369,156.404,870.0,21,0.0
2025-11-25 14:50:00,156.404,156.431,156.379,156.384,559.0,21,0.0
2025-11-25 14:55:00,156.383,156.383,156.285,156.288,498.0,21,0.0
2025-11-25 15:00:00,156.285,156.3,156.247,156.263,595.0,21,0.0
2025-11-25 15:05:00,156.262,156.262,156.134,156.179,646.0,21,0.0
2025-11-25 15:10:00,156.179,156.208,156.135,156.144,594.0,21,0.0
2025-11-25 15:15:00,156.143,156.164,156.017,156.092,911.0,21,0.0
2025-11-25 15:20:00,156.093,156.188,156.092,156.167,477.0,21,0.0
2025-11-25 15:25:00,156.167,156.184,156.134,156.17,441.0,21,0.0
2025-11-25 15:30:00,156.167,156.33,156.019,156.329,1131.0,21,0.0
2025-11-25 15:35:00,156.33,156.332,156.235,156.284,888.0,21,0.0
2025-11-25 15:40:00,156.284,156.285,156.159,156.214,669.0,21,0.0
2025-11-25 15:45:00,156.214,156.214,156.136,156.162,567.0,21,0.0
2025-11-25 15:50:00,156.16,156.201,156.121,156.137,596.0,21,0.0
2025-11-25 15:55:00,156.137,156.182,156.114,156.135,437.0,21,0.0
2025-11-25 16:00:00,156.133,156.137,156.052,156.068,446.0,21,0.0
2025-11-25 16:05:00,156.069,156.091,156.025,156.057,539.0,21,0.0
2025-11-25 16:10:00,156.058,156.167,156.058,156.163,532.0,21,0.0
2025-11-25 16:15:00,156.164,156.249,156.155,156.246,511.0,21,0.0
2025-11-25 16:20:00,156.248,156.265,156.184,156.186,460.0,21,0.0
2025-11-25 16:25:00,156.185,156.254,156.155,156.241,689.0,21,0.0
2025-11-25 16:30:00,156.241,156.241,156.183,156.228,934.0,21,0.0
2025-11-25 16:35:00,156.229,156.242,156.19,156.201,809.0,21,0.0
2025-11-25 16:40:00,156.199,156.216,156.11,156.117,866.0,21,0.0
2025-11-25 16:45:00,156.116,156.117,155.887,155.929,1149.0,21,0.0
2025-11-25 16:50:00,155.93,156.056,155.888,156.004,1034.0,21,0.0
2025-11-25 16:55:00,156.004,156.051,155.97,156.051,643.0,21,0.0
2025-11-25 17:00:00,156.048,156.048,155.882,155.945,843.0,21,0.0
2025-11-25 17:05:00,155.946,156.021,155.938,155.969,843.0,21,0.0
2025-11-25 17:10:00,155.968,156.014,155.953,155.983,884.0,21,0.0
2025-11-25 17:15:00,155.985,156.08,155.961,156.058,915.0,21,0.0
2025-11-25 17:20:00,156.057,156.072,155.895,155.923,995.0,21,0.0
2025-11-25 17:25:00,155.927,156.008,155.922,156.005,870.0,21,0.0
2025-11-25 17:30:00,156.005,156.06,156.001,156.04,631.0,21,0.0
2025-11-25 17:35:00,156.04,156.04,155.91,155.967,728.0,21,0.0
2025-11-25 17:40:00,155.967,156.047,155.93,156.046,750.0,21,0.0
2025-11-25 17:45:00,156.047,156.1,156.017,156.045,719.0,21,0.0
2025-11-25 17:50:00,156.044,156.081,156.032,156.07,779.0,21,0.0
2025-11-25 17:55:00,156.081,156.162,156.017,156.135,1038.0,21,0.0
2025-11-25 18:00:00,156.136,156.152,156.086,156.142,691.0,21,0.0
2025-11-25 18:05:00,156.141,156.156,156.095,156.098,479.0,21,0.0
2025-11-25 18:10:00,156.099,156.124,156.074,156.079,489.0,21,0.0
2025-11-25 18:15:00,156.076,156.107,156.051,156.083,436.0,21,0.0
2025-11-25 18:20:00,156.082,156.134,156.075,156.108,418.0,21,0.0
2025-11-25 18:25:00,156.109,156.145,156.084,156.144,279.0,21,0.0
2025-11-25 18:30:00,156.143,156.172,156.115,156.163,467.0,21,0.0
2025-11-25 18:35:00,156.164,156.189,156.149,156.172,313.0,21,0.0
2025-11-25 18:40:00,156.174,156.219,156.165,156.204,318.0,21,0.0
2025-11-25 18:45:00,156.205,156.269,156.204,156.263,366.0,21,0.0
2025-11-25 18:50:00,156.262,156.275,156.242,156.242,304.0,21,0.0
2025-11-25 18:55:00,156.241,156.302,156.241,156.295,385.0,21,0.0
2025-11-25 19:00:00,156.296,156.324,156.004,156.068,1452.0,21,0.0
2025-11-25 19:05:00,156.067,156.094,155.996,156.019,935.0,21,0.0
2025-11-25 19:10:00,156.02,156.077,155.988,156.057,665.0,21,0.0
2025-11-25 19:15:00,156.06,156.08,155.93,155.932,812.0,21,0.0
2025-11-25 19:20:00,155.928,155.938,155.791,155.833,925.0,21,0.0
2025-11-25 19:25:00,155.834,155.911,155.795,155.901,517.0,21,0.0
2025-11-25 19:30:00,155.906,155.916,155.842,155.865,525.0,21,0.0
2025-11-25 19:35:00,155.865,155.96,155.862,155.937,427.0,21,0.0
2025-11-25 19:40:00,155.937,155.95,155.909,155.935,432.0,21,0.0
2025-11-25 19:45:00,155.935,155.986,155.933,155.935,366.0,21,0.0
2025-11-25 19:50:00,155.936,155.952,155.913,155.913,282.0,21,0.0
2025-11-25 19:55:00,155.913,155.925,155.856,155.888,487.0,21,0.0
2025-11-25 20:00:00,155.887,155.935,155.875,155.889,373.0,21,0.0
2025-11-25 20:05:00,155.889,155.901,155.824,155.848,497.0,21,0.0
2025-11-25 20:10:00,155.848,155.964,155.836,155.905,875.0,21,0.0
2025-11-25 20:15:00,155.907,155.931,155.892,155.896,523.0,21,0.0
2025-11-25 20:20:00,155.895,155.898,155.864,155.896,533.0,21,0.0
2025-11-25 20:25:00,155.895,155.926,155.883,155.922,320.0,21,0.0
2025-11-25 20:30:00,155.923,155.928,155.896,155.897,284.0,23,0.0
2025-11-25 20:35:00,155.898,155.922,155.884,155.894,260.0,21,0.0
2025-11-25 20:40:00,155.894,155.912,155.873,155.9,331.0,21,0.0
2025-11-25 20:45:00,155.899,155.907,155.883,155.903,211.0,21,0.0
2025-11-25 20:50:00,155.903,155.926,155.895,155.926,246.0,21,0.0
2025-11-25 20:55:00,155.925,155.927,155.886,155.902,245.0,21,0.0
2025-11-25 21:00:00,155.903,155.922,155.887,155.897,207.0,21,0.0
2025-11-25 21:05:00,155.897,155.933,155.897,155.924,201.0,21,0.0
2025-11-25 21:10:00,155.925,155.932,155.898,155.907,250.0,21,0.0
2025-11-25 21:15:00,155.908,155.94,155.905,155.933,248.0,22,0.0
2025-11-25 21:20:00,155.932,155.946,155.922,155.937,190.0,21,0.0
2025-11-25 21:25:00,155.936,155.948,155.929,155.937,225.0,21,0.0
2025-11-25 21:30:00,155.935,155.94,155.908,155.915,156.0,21,0.0
2025-11-25 21:35:00,155.912,155.915,155.899,155.907,187.0,21,0.0
2025-11-25 21:40:00,155.906,155.91,155.863,155.875,213.0,22,0.0
2025-11-25 21:45:00,155.876,155.901,155.871,155.898,208.0,21,0.0
2025-11-25 21:50:00,155.898,155.898,155.864,155.875,132.0,21,0.0
2025-11-25 21:55:00,155.875,155.875,155.796,155.817,380.0,21,0.0
2025-11-25 22:00:00,155.816,155.871,155.808,155.87,252.0,21,0.0
2025-11-25 22:05:00,155.87,155.892,155.864,155.883,202.0,21,0.0
2025-11-25 22:10:00,155.883,155.902,155.873,155.901,343.0,21,0.0
2025-11-25 22:15:00,155.9,155.993,155.896,155.992,371.0,21,0.0
2025-11-25 22:20:00,155.992,156.033,155.971,156.026,336.0,21,0.0
2025-11-25 22:25:00,156.027,156.073,156.027,156.07,348.0,21,0.0
2025-11-25 22:30:00,156.071,156.098,156.066,156.093,348.0,21,0.0
2025-11-25 22:35:00,156.093,156.124,156.09,156.098,329.0,21,0.0
2025-11-25 22:40:00,156.099,156.132,156.099,156.115,197.0,22,0.0
2025-11-25 22:45:00,156.118,156.175,156.117,156.143,257.0,21,0.0
2025-11-25 22:50:00,156.144,156.176,156.136,156.138,234.0,21,0.0
2025-11-25 22:55:00,156.138,156.142,156.088,156.089,448.0,21,0.0
2025-11-25 23:00:00,156.088,156.104,156.07,156.08,265.0,22,0.0
2025-11-25 23:05:00,156.079,156.086,156.051,156.058,133.0,21,0.0
2025-11-25 23:10:00,156.057,156.078,156.049,156.077,105.0,24,0.0
2025-11-25 23:15:00,156.077,156.091,156.062,156.063,146.0,21,0.0
2025-11-25 23:20:00,156.062,156.083,156.062,156.065,93.0,22,0.0
2025-11-25 23:25:00,156.064,156.065,156.043,156.052,92.0,21,0.0
2025-11-25 23:30:00,156.053,156.071,156.044,156.07,108.0,23,0.0
2025-11-25 23:35:00,156.07,156.072,156.03,156.045,117.0,24,0.0
2025-11-25 23:40:00,156.043,156.074,156.042,156.066,51.0,22,0.0
2025-11-25 23:45:00,156.066,156.066,156.052,156.065,132.0,23,0.0
2025-11-25 23:50:00,156.063,156.068,156.062,156.063,205.0,28,0.0
2025-11-25 23:55:00,156.062,156.074,156.016,156.027,374.0,23,0.0
2025-11-26 00:00:00,155.901,155.941,155.901,155.935,7.0,162,0.0
2025-11-26 00:05:00,155.935,155.992,155.897,155.899,25.0,90,0.0
2025-11-26 00:10:00,155.899,155.97,155.899,155.938,34.0,94,0.0
2025-11-26 00:15:00,155.94,155.944,155.936,155.941,21.0,86,0.0
2025-11-26 00:20:00,155.944,155.951,155.936,155.944,31.0,78,0.0
2025-11-26 00:25:00,155.942,155.973,155.938,155.956,29.0,58,0.0
2025-11-26 00:30:00,155.956,156.097,155.953,155.981,104.0,71,0.0
2025-11-26 00:35:00,155.981,155.995,155.958,155.968,34.0,71,0.0
2025-11-26 00:40:00,155.969,155.971,155.96,155.971,22.0,70,0.0
2025-11-26 00:45:00,155.974,156.012,155.969,155.992,79.0,61,0.0
2025-11-26 00:50:00,155.992,156.02,155.983,156.011,50.0,49,0.0
2025-11-26 00:55:00,156.011,156.021,156.008,156.015,23.0,53,0.0
2025-11-26 01:00:00,156.013,156.053,155.999,156.033,187.0,21,0.0
2025-11-26 01:05:00,156.028,156.067,156.026,156.064,211.0,24,0.0
2025-11-26 01:10:00,156.065,156.108,156.061,156.103,244.0,25,0.0
2025-11-26 01:15:00,156.102,156.144,156.088,156.127,168.0,21,0.0
2025-11-26 01:20:00,156.127,156.136,156.115,156.126,92.0,23,0.0
2025-11-26 01:25:00,156.126,156.127,156.087,156.09,148.0,24,0.0
2025-11-26 01:30:00,156.093,156.129,156.089,156.128,151.0,24,0.0
2025-11-26 01:35:00,156.127,156.141,156.113,156.136,145.0,21,0.0
2025-11-26 01:40:00,156.137,156.14,156.126,156.128,204.0,23,0.0
2025-11-26 01:45:00,156.129,156.212,156.128,156.202,245.0,21,0.0
2025-11-26 01:50:00,156.203,156.203,156.174,156.175,209.0,22,0.0
2025-11-26 01:55:00,156.176,156.221,156.176,156.187,303.0,22,0.0
2025-11-26 02:00:00,156.187,156.188,156.094,156.152,691.0,21,0.0
2025-11-26 02:05:00,156.152,156.198,156.122,156.15,396.0,21,0.0
2025-11-26 02:10:00,156.151,156.172,156.128,156.166,217.0,21,0.0
2025-11-26 02:15:00,156.166,156.249,156.165,156.204,413.0,21,0.0
2025-11-26 02:20:00,156.204,156.209,156.149,156.154,223.0,21,0.0
2025-11-26 02:25:00,156.153,156.167,156.132,156.156,246.0,21,0.0
2025-11-26 02:30:00,156.156,156.158,156.083,156.139,409.0,21,0.0
2025-11-26 02:35:00,156.14,156.169,156.13,156.157,530.0,21,0.0
2025-11-26 02:40:00,156.156,156.235,156.15,156.234,481.0,21,0.0
2025-11-26 02:45:00,156.231,156.231,156.192,156.217,498.0,21,0.0
2025-11-26 02:50:00,156.22,156.338,156.199,156.325,907.0,21,0.0
2025-11-26 02:55:00,156.327,156.331,156.242,156.244,455.0,21,0.0
2025-11-26 03:00:00,156.244,156.246,156.169,156.206,479.0,21,0.0
2025-11-26 03:05:00,156.205,156.274,156.187,156.262,474.0,21,0.0
2025-11-26 03:10:00,156.261,156.35,156.261,156.327,575.0,21,0.0
2025-11-26 03:15:00,156.326,156.336,156.29,156.333,399.0,21,0.0
2025-11-26 03:20:00,156.333,156.346,156.301,156.309,382.0,21,0.0
2025-11-26 03:25:00,156.31,156.362,156.305,156.342,421.0,21,0.0
2025-11-26 03:30:00,156.341,156.341,155.967,155.973,1215.0,21,0.0
2025-11-26 03:35:00,155.973,156.109,155.872,155.873,903.0,21,0.0
2025-11-26 03:40:00,155.869,155.949,155.808,155.942,824.0,21,0.0
2025-11-26 03:45:00,155.941,156.073,155.941,155.97,604.0,21,0.0
2025-11-26 03:50:00,155.969,155.992,155.801,155.876,777.0,21,0.0
2025-11-26 03:55:00,155.878,155.936,155.823,155.933,795.0,21,0.0
2025-11-26 04:00:00,155.935,156.002,155.88,155.996,619.0,21,0.0
2025-11-26 04:05:00,155.997,156.01,155.858,155.868,491.0,21,0.0
2025-11-26 04:10:00,155.87,155.885,155.738,155.813,854.0,21,0.0
2025-11-26 04:15:00,155.812,155.822,155.726,155.727,690.0,21,0.0
2025-11-26 04:20:00,155.728,155.765,155.711,155.765,464.0,21,0.0
2025-11-26 04:25:00,155.765,155.799,155.649,155.667,810.0,21,0.0
2025-11-26 04:30:00,155.671,155.755,155.641,155.754,572.0,21,0.0
2025-11-26 04:35:00,155.755,155.765,155.664,155.758,638.0,21,0.0
2025-11-26 04:40:00,155.758,155.769,155.708,155.768,523.0,21,0.0
2025-11-26 04:45:00,155.768,155.819,155.748,155.772,636.0,21,0.0
2025-11-26 04:50:00,155.772,155.772,155.703,155.764,603.0,21,0.0
2025-11-26 04:55:00,155.764,155.844,155.763,155.837,471.0,21,0.0
2025-11-26 05:00:00,155.837,155.857,155.798,155.803,550.0,21,0.0
2025-11-26 05:05:00,155.804,155.817,155.736,155.742,429.0,21,0.0
2025-11-26 05:10:00,155.742,155.851,155.742,155.825,389.0,21,0.0
2025-11-26 05:15:00,155.825,155.863,155.821,155.857,249.0,21,0.0
2025-11-26 05:20:00,155.857,155.897,155.828,155.876,271.0,21,0.0
2025-11-26 05:25:00,155.876,155.891,155.86,155.884,308.0,21,0.0
2025-11-26 05:30:00,155.885,155.885,155.75,155.787,481.0,21,0.0
2025-11-26 05:35:00,155.788,155.849,155.785,155.798,368.0,21,0.0
2025-11-26 05:40:00,155.798,155.865,155.791,155.855,440.0,21,0.0
2025-11-26 05:45:00,155.856,155.874,155.834,155.871,235.0,21,0.0
2025-11-26 05:50:00,155.871,155.885,155.845,155.875,316.0,21,0.0
2025-11-26 05:55:00,155.876,155.895,155.855,155.869,332.0,21,0.0
2025-11-26 06:00:00,155.87,155.927,155.865,155.909,274.0,21,0.0
2025-11-26 06:05:00,155.909,155.978,155.909,155.965,348.0,21,0.0
2025-11-26 06:10:00,155.966,156.004,155.945,155.996,276.0,21,0.0
2025-11-26 06:15:00,155.996,156.017,155.989,156.016,304.0,21,0.0
2025-11-26 06:20:00,156.016,156.073,156.002,156.068,317.0,21,0.0
2025-11-26 06:25:00,156.069,156.102,156.059,156.101,279.0,21,0.0
2025-11-26 06:30:00,156.102,156.115,156.059,156.063,239.0,21,0.0
2025-11-26 06:35:00,156.062,156.087,156.035,156.064,238.0,21,0.0
2025-11-26 06:40:00,156.065,156.082,156.044,156.053,319.0,21,0.0
2025-11-26 06:45:00,156.052,156.066,156.024,156.063,277.0,21,0.0
2025-11-26 06:50:00,156.064,156.075,156.017,156.04,363.0,21,0.0
2025-11-26 06:55:00,156.04,156.049,156.025,156.027,201.0,22,0.0
2025-11-26 07:00:00,156.025,156.084,156.016,156.074,211.0,21,0.0
2025-11-26 07:05:00,156.075,156.097,156.065,156.08,342.0,21,0.0
2025-11-26 07:10:00,156.08,156.157,156.077,156.141,439.0,21,0.0
2025-11-26 07:15:00,156.141,156.173,156.14,156.161,293.0,21,0.0
2025-11-26 07:20:00,156.16,156.16,156.093,156.097,282.0,21,0.0
2025-11-26 07:25:00,156.099,156.123,156.065,156.095,248.0,21,0.0
2025-11-26 07:30:00,156.092,156.123,156.041,156.05,305.0,21,0.0
2025-11-26 07:35:00,156.053,156.091,156.051,156.059,452.0,21,0.0
2025-11-26 07:40:00,156.059,156.149,156.053,156.134,469.0,21,0.0
2025-11-26 07:45:00,156.135,156.147,156.097,156.109,432.0,21,0.0
2025-11-26 07:50:00,156.108,156.129,156.046,156.066,412.0,21,0.0
2025-11-26 07:55:00,156.067,156.127,156.067,156.102,585.0,22,0.0
2025-11-26 08:00:00,156.103,156.161,156.103,156.149,425.0,21,0.0
2025-11-26 08:05:00,156.15,156.186,156.149,156.177,405.0,21,0.0
2025-11-26 08:10:00,156.178,156.183,156.144,156.145,349.0,22,0.0
2025-11-26 08:15:00,156.147,156.166,156.109,156.16,526.0,21,0.0
2025-11-26 08:20:00,156.16,156.162,156.103,156.123,463.0,21,0.0
2025-11-26 08:25:00,156.122,156.126,156.05,156.05,405.0,21,0.0
2025-11-26 08:30:00,156.049,156.104,156.038,156.099,305.0,21,0.0
2025-11-26 08:35:00,156.099,156.142,156.087,156.135,402.0,21,0.0
2025-11-26 08:40:00,156.136,156.16,156.095,156.158,335.0,22,0.0
2025-11-26 08:45:00,156.162,156.237,156.162,156.222,488.0,21,0.0
2025-11-26 08:50:00,156.223,156.257,156.221,156.256,263.0,21,0.0
2025-11-26 08:55:00,156.255,156.275,156.195,156.197,451.0,21,0.0
2025-11-26 09:00:00,156.197,156.197,156.145,156.166,566.0,21,0.0
2025-11-26 09:05:00,156.164,156.197,156.137,156.178,494.0,22,0.0
2025-11-26 09:10:00,156.179,156.204,156.17,156.2,443.0,21,0.0
2025-11-26 09:15:00,156.201,156.265,156.198,156.251,281.0,22,0.0
2025-11-26 09:20:00,156.252,156.345,156.25,156.334,451.0,21,0.0
2025-11-26 09:25:00,156.335,156.391,156.333,156.388,425.0,21,0.0
2025-11-26 09:30:00,156.389,156.436,156.316,156.38,737.0,21,0.0
2025-11-26 09:35:00,156.38,156.452,156.366,156.366,645.0,21,0.0
2025-11-26 09:40:00,156.368,156.432,156.367,156.416,652.0,21,0.0
2025-11-26 09:45:00,156.422,156.443,156.404,156.434,552.0,21,0.0
2025-11-26 09:50:00,156.433,156.443,156.374,156.399,462.0,21,0.0
2025-11-26 09:55:00,156.4,156.427,156.353,156.374,662.0,21,0.0
2025-11-26 10:00:00,156.373,156.438,156.366,156.391,677.0,21,0.0
2025-11-26 10:05:00,156.39,156.394,156.315,156.354,486.0,21,0.0
2025-11-26 10:10:00,156.355,156.393,156.324,156.383,616.0,21,0.0
2025-11-26 10:15:00,156.384,156.384,156.32,156.337,380.0,21,0.0
2025-11-26 10:20:00,156.336,156.428,156.334,156.404,636.0,21,0.0
2025-11-26 10:25:00,156.402,156.415,156.352,156.36,615.0,21,0.0
2025-11-26 10:30:00,156.359,156.418,156.341,156.41,607.0,21,0.0
2025-11-26 10:35:00,156.408,156.409,156.307,156.333,465.0,21,0.0
2025-11-26 10:40:00,156.333,156.362,156.319,156.361,344.0,21,0.0
2025-11-26 10:45:00,156.361,156.402,156.361,156.392,350.0,21,0.0
2025-11-26 10:50:00,156.389,156.45,156.377,156.441,480.0,21,0.0
2025-11-26 10:55:00,156.442,156.482,156.429,156.432,445.0,21,0.0
2025-11-26 11:00:00,156.433,156.472,156.395,156.405,479.0,21,0.0
2025-11-26 11:05:00,156.405,156.412,156.348,156.373,481.0,21,0.0
2025-11-26 11:10:00,156.373,156.395,156.333,156.335,282.0,21,0.0
2025-11-26 11:15:00,156.334,156.392,156.326,156.378,374.0,21,0.0
2025-11-26 11:20:00,156.378,156.383,156.325,156.335,203.0,21,0.0
2025-11-26 11:25:00,156.335,156.386,156.328,156.382,226.0,21,0.0
2025-11-26 11:30:00,156.384,156.472,156.384,156.392,269.0,21,0.0
2025-11-26 11:35:00,156.393,156.399,156.344,156.394,336.0,21,0.0
2025-11-26 11:40:00,156.394,156.404,156.334,156.37,304.0,21,0.0
2025-11-26 11:45:00,156.371,156.422,156.366,156.406,243.0,21,0.0
2025-11-26 11:50:00,156.407,156.457,156.402,156.456,337.0,21,0.0
2025-11-26 11:55:00,156.457,156.491,156.43,156.442,561.0,21,0.0
2025-11-26 12:00:00,156.441,156.445,156.347,156.35,647.0,21,0.0
2025-11-26 12:05:00,156.351,156.396,156.316,156.391,355.0,21,0.0
2025-11-26 12:10:00,156.386,156.386,156.342,156.35,290.0,21,0.0
2025-11-26 12:15:00,156.35,156.389,156.333,156.384,239.0,21,0.0
2025-11-26 12:20:00,156.384,156.415,156.364,156.412,306.0,21,0.0
2025-11-26 12:25:00,156.413,156.446,156.392,156.407,486.0,21,0.0
2025-11-26 12:30:00,156.408,156.42,156.379,156.419,430.0,21,0.0
2025-11-26 12:35:00,156.419,156.42,156.377,156.379,181.0,21,0.0
2025-11-26 12:40:00,156.379,156.422,156.379,156.393,302.0,21,0.0
2025-11-26 12:45:00,156.396,156.436,156.393,156.406,319.0,21,0.0
2025-11-26 12:50:00,156.406,156.455,156.404,156.449,271.0,21,0.0
2025-11-26 12:55:00,156.451,156.5,156.451,156.466,412.0,21,0.0
2025-11-26 13:00:00,156.467,156.496,156.438,156.457,327.0,21,0.0
2025-11-26 13:05:00,156.458,156.501,156.42,156.468,311.0,21,0.0
2025-11-26 13:10:00,156.469,156.532,156.469,156.53,332.0,21,0.0
2025-11-26 13:15:00,156.529,156.566,156.526,156.542,281.0,21,0.0
2025-11-26 13:20:00,156.543,156.547,156.512,156.54,535.0,21,0.0
2025-11-26 13:25:00,156.539,156.563,156.503,156.503,343.0,21,0.0
2025-11-26 13:30:00,156.505,156.535,156.499,156.528,231.0,21,0.0
2025-11-26 13:35:00,156.526,156.528,156.492,156.501,191.0,21,0.0
2025-11-26 13:40:00,156.503,156.504,156.367,156.41,789.0,21,0.0
2025-11-26 13:45:00,156.41,156.467,156.372,156.405,734.0,21,0.0
2025-11-26 13:50:00,156.405,156.473,156.399,156.445,647.0,21,0.0
2025-11-26 13:55:00,156.445,156.48,156.405,156.463,641.0,21,0.0
2025-11-26 14:00:00,156.465,156.531,156.448,156.496,840.0,21,0.0
2025-11-26 14:05:00,156.495,156.564,156.478,156.546,961.0,21,0.0
2025-11-26 14:10:00,156.546,156.577,156.519,156.538,867.0,21,0.0
2025-11-26 14:15:00,156.539,156.544,156.502,156.504,507.0,21,0.0
2025-11-26 14:20:00,156.504,156.511,156.458,156.486,428.0,21,0.0
2025-11-26 14:25:00,156.487,156.489,156.441,156.448,346.0,21,0.0
2025-11-26 14:30:00,156.448,156.543,156.436,156.517,384.0,21,0.0
2025-11-26 14:35:00,156.517,156.564,156.516,156.551,414.0,21,0.0
2025-11-26 14:40:00,156.553,156.574,156.498,156.5,447.0,21,0.0
2025-11-26 14:45:00,156.501,156.54,156.487,156.538,562.0,21,0.0
2025-11-26 14:50:00,156.538,156.541,156.43,156.466,519.0,21,0.0
2025-11-26 14:55:00,156.466,156.486,156.448,156.468,448.0,21,0.0
2025-11-26 15:00:00,156.467,156.507,156.441,156.456,573.0,21,0.0
2025-11-26 15:05:00,156.455,156.462,156.395,156.419,481.0,21,0.0
2025-11-26 15:10:00,156.42,156.439,156.405,156.42,365.0,21,0.0
2025-11-26 15:15:00,156.419,156.425,156.33,156.347,487.0,21,0.0
2025-11-26 15:20:00,156.347,156.374,156.319,156.353,594.0,21,0.0
2025-11-26 15:25:00,156.356,156.38,156.332,156.334,504.0,21,0.0
2025-11-26 15:30:00,156.338,156.555,156.338,156.55,746.0,21,0.0
2025-11-26 15:35:00,156.55,156.666,156.545,156.563,1076.0,21,0.0
2025-11-26 15:40:00,156.561,156.635,156.481,156.613,1292.0,21,0.0
2025-11-26 15:45:00,156.621,156.667,156.596,156.66,887.0,21,0.0
2025-11-26 15:50:00,156.661,156.677,156.619,156.66,791.0,21,0.0
2025-11-26 15:55:00,156.661,156.673,156.634,156.651,780.0,21,0.0
2025-11-26 16:00:00,156.652,156.666,156.595,156.601,697.0,21,0.0
2025-11-26 16:05:00,156.601,156.661,156.592,156.644,595.0,21,0.0
2025-11-26 16:10:00,156.643,156.652,156.621,156.637,415.0,21,0.0
2025-11-26 16:15:00,156.638,156.654,156.614,156.615,473.0,21,0.0
2025-11-26 16:20:00,156.616,156.688,156.611,156.682,405.0,21,0.0
2025-11-26 16:25:00,156.683,156.726,156.683,156.706,464.0,21,0.0
2025-11-26 16:30:00,156.707,156.725,156.672,156.675,584.0,21,0.0
2025-11-26 16:35:00,156.676,156.677,156.6,156.63,641.0,21,0.0
2025-11-26 16:40:00,156.63,156.658,156.587,156.591,275.0,21,0.0
2025-11-26 16:45:00,156.591,156.591,156.492,156.554,642.0,21,0.0
2025-11-26 16:50:00,156.558,156.591,156.488,156.515,823.0,21,0.0
2025-11-26 16:55:00,156.515,156.607,156.494,156.597,678.0,21,0.0
2025-11-26 17:00:00,156.603,156.631,156.549,156.572,661.0,21,0.0
2025-11-26 17:05:00,156.572,156.579,156.477,156.518,660.0,21,0.0
2025-11-26 17:10:00,156.518,156.523,156.435,156.446,722.0,21,0.0
2025-11-26 17:15:00,156.445,156.498,156.426,156.432,533.0,21,0.0
2025-11-26 17:20:00,156.433,156.486,156.419,156.468,562.0,21,0.0
2025-11-26 17:25:00,156.468,156.539,156.458,156.474,563.0,21,0.0
2025-11-26 17:30:00,156.474,156.581,156.459,156.566,555.0,21,0.0
2025-11-26 17:35:00,156.566,156.571,156.515,156.519,519.0,21,0.0
2025-11-26 17:40:00,156.52,156.522,156.47,156.518,403.0,21,0.0
2025-11-26 17:45:00,156.519,156.541,156.449,156.48,485.0,21,0.0
2025-11-26 17:50:00,156.481,156.542,156.472,156.529,579.0,21,0.0
2025-11-26 17:55:00,156.528,156.528,156.405,156.405,842.0,21,0.0
2025-11-26 18:00:00,156.404,156.426,156.384,156.393,692.0,21,0.0
2025-11-26 18:05:00,156.394,156.455,156.378,156.431,441.0,21,0.0
2025-11-26 18:10:00,156.432,156.435,156.391,156.397,328.0,21,0.0
2025-11-26 18:15:00,156.398,156.418,156.315,156.321,402.0,21,0.0
2025-11-26 18:20:00,156.322,156.368,156.3,156.364,450.0,21,0.0
2025-11-26 18:25:00,156.363,156.387,156.317,156.331,296.0,21,0.0
2025-11-26 18:30:00,156.334,156.357,156.312,156.322,402.0,21,0.0
2025-11-26 18:35:00,156.321,156.336,156.276,156.334,256.0,21,0.0
2025-11-26 18:40:00,156.333,156.361,156.31,156.338,252.0,21,0.0
2025-11-26 18:45:00,156.341,156.388,156.332,156.374,329.0,21,0.0
2025-11-26 18:50:00,156.374,156.409,156.371,156.398,280.0,21,0.0
2025-11-26 18:55:00,156.396,156.435,156.37,156.373,331.0,21,0.0
2025-11-26 19:00:00,156.372,156.372,156.331,156.348,321.0,21,0.0
2025-11-26 19:05:00,156.348,156.357,156.33,156.357,247.0,21,0.0
2025-11-26 19:10:00,156.356,156.384,156.346,156.381,263.0,21,0.0
2025-11-26 19:15:00,156.38,156.43,156.379,156.407,185.0,21,0.0
2025-11-26 19:20:00,156.407,156.431,156.39,156.418,263.0,21,0.0
2025-11-26 19:25:00,156.417,156.443,156.406,156.43,209.0,22,0.0
2025-11-26 19:30:00,156.429,156.449,156.419,156.443,316.0,21,0.0
2025-11-26 19:35:00,156.443,156.452,156.423,156.444,223.0,21,0.0
2025-11-26 19:40:00,156.445,156.446,156.405,156.419,188.0,21,0.0
2025-11-26 19:45:00,156.418,156.427,156.399,156.403,211.0,21,0.0
2025-11-26 19:50:00,156.403,156.405,156.381,156.395,245.0,21,0.0
2025-11-26 19:55:00,156.394,156.413,156.384,156.395,263.0,21,0.0
2025-11-26 20:00:00,156.395,156.401,156.367,156.372,184.0,21,0.0
2025-11-26 20:05:00,156.372,156.387,156.336,156.371,195.0,21,0.0
2025-11-26 20:10:00,156.365,156.391,156.335,156.389,321.0,21,0.0
2025-11-26 20:15:00,156.389,156.412,156.384,156.396,279.0,22,0.0
2025-11-26 20:20:00,156.395,156.421,156.382,156.401,239.0,23,0.0
2025-11-26 20:25:00,156.402,156.418,156.383,156.412,170.0,23,0.0
2025-11-26 20:30:00,156.411,156.457,156.409,156.457,239.0,22,0.0
2025-11-26 20:35:00,156.461,156.498,156.459,156.479,225.0,21,0.0
2025-11-26 20:40:00,156.48,156.483,156.443,156.45,297.0,21,0.0
2025-11-26 20:45:00,156.449,156.482,156.449,156.479,270.0,22,0.0
2025-11-26 20:50:00,156.479,156.48,156.444,156.454,226.0,21,0.0
2025-11-26 20:55:00,156.454,156.468,156.443,156.453,265.0,21,0.0
2025-11-26 21:00:00,156.451,156.481,156.443,156.457,212.0,21,0.0
2025-11-26 21:05:00,156.457,156.482,156.454,156.475,176.0,23,0.0
2025-11-26 21:10:00,156.475,156.494,156.47,156.476,146.0,23,0.0
2025-11-26 21:15:00,156.476,156.478,156.463,156.468,135.0,22,0.0
2025-11-26 21:20:00,156.465,156.482,156.455,156.48,186.0,21,0.0
2025-11-26 21:25:00,156.479,156.482,156.466,156.469,131.0,21,0.0
2025-11-26 21:30:00,156.469,156.47,156.435,156.446,133.0,21,0.0
2025-11-26 21:35:00,156.445,156.448,156.424,156.43,234.0,21,0.0
2025-11-26 21:40:00,156.43,156.454,156.42,156.431,194.0,22,0.0
2025-11-26 21:45:00,156.43,156.434,156.418,156.431,202.0,21,0.0
2025-11-26 21:50:00,156.433,156.445,156.431,156.444,95.0,21,0.0
2025-11-26 21:55:00,156.437,156.456,156.429,156.446,263.0,21,0.0
2025-11-26 22:00:00,156.447,156.483,156.445,156.45,291.0,22,0.0
2025-11-26 22:05:00,156.454,156.455,156.421,156.436,183.0,21,0.0
2025-11-26 22:10:00,156.435,156.444,156.431,156.438,323.0,21,0.0
2025-11-26 22:15:00,156.439,156.44,156.412,156.418,317.0,22,0.0
2025-11-26 22:20:00,156.418,156.43,156.41,156.41,289.0,22,0.0
2025-11-26 22:25:00,156.41,156.446,156.41,156.44,83.0,21,0.0
2025-11-26 22:30:00,156.44,156.444,156.429,156.43,156.0,21,0.0
2025-11-26 22:35:00,156.431,156.443,156.411,156.417,268.0,22,0.0
2025-11-26 22:40:00,156.416,156.421,156.403,156.408,296.0,22,0.0
2025-11-26 22:45:00,156.41,156.423,156.399,156.4,186.0,21,0.0
2025-11-26 22:50:00,156.396,156.43,156.396,156.421,375.0,21,0.0
2025-11-26 22:55:00,156.424,156.442,156.419,156.439,200.0,21,0.0
2025-11-26 23:00:00,156.437,156.466,156.434,156.447,266.0,21,0.0
2025-11-26 23:05:00,156.446,156.453,156.44,156.445,113.0,23,0.0
2025-11-26 23:10:00,156.445,156.456,156.444,156.446,109.0,24,0.0
2025-11-26 23:15:00,156.447,156.468,156.446,156.457,66.0,21,0.0
2025-11-26 23:20:00,156.456,156.459,156.443,156.459,72.0,23,0.0
2025-11-26 23:25:00,156.458,156.459,156.436,156.436,119.0,23,0.0
2025-11-26 23:30:00,156.435,156.444,156.426,156.429,49.0,26,0.0
2025-11-26 23:35:00,156.428,156.428,156.407,156.407,51.0,25,0.0
2025-11-26 23:40:00,156.407,156.42,156.396,156.417,62.0,24,0.0
2025-11-26 23:45:00,156.417,156.44,156.407,156.439,57.0,25,0.0
2025-11-26 23:50:00,156.439,156.444,156.43,156.433,143.0,26,0.0
2025-11-26 23:55:00,156.431,156.457,156.431,156.442,280.0,28,0.0
2025-11-27 00:00:00,156.442,156.454,156.371,156.374,22.0,67,0.0
2025-11-27 00:05:00,156.388,156.438,156.382,156.392,45.0,79,0.0
2025-11-27 00:10:00,156.391,156.398,156.379,156.395,174.0,104,0.0
2025-11-27 00:15:00,156.395,156.421,156.392,156.415,199.0,77,0.0
2025-11-27 00:20:00,156.41,156.436,156.391,156.435,105.0,59,0.0
2025-11-27 00:25:00,156.411,156.42,156.407,156.417,42.0,52,0.0
2025-11-27 00:30:00,156.42,156.421,156.391,156.41,180.0,43,0.0
2025-11-27 00:35:00,156.409,156.411,156.395,156.41,114.0,37,0.0
2025-11-27 00:40:00,156.41,156.41,156.4,156.4,23.0,36,0.0
2025-11-27 00:45:00,156.4,156.401,156.396,156.396,24.0,53,0.0
2025-11-27 00:50:00,156.397,156.401,156.392,156.399,37.0,47,0.0
2025-11-27 00:55:00,156.4,156.403,156.38,156.399,63.0,44,0.0
2025-11-27 01:00:00,156.398,156.402,156.331,156.336,246.0,25,0.0
2025-11-27 01:05:00,156.335,156.344,156.312,156.333,67.0,25,0.0
2025-11-27 01:10:00,156.332,156.338,156.328,156.33,30.0,25,0.0
2025-11-27 01:15:00,156.33,156.332,156.315,156.33,57.0,23,0.0
2025-11-27 01:20:00,156.33,156.335,156.32,156.32,47.0,21,0.0
2025-11-27 01:25:00,156.32,156.32,156.276,156.279,156.0,22,0.0
2025-11-27 01:30:00,156.281,156.283,156.252,156.258,130.0,23,0.0
2025-11-27 01:35:00,156.257,156.322,156.251,156.319,131.0,23,0.0
2025-11-27 01:40:00,156.317,156.332,156.291,156.292,190.0,22,0.0
2025-11-27 01:45:00,156.291,156.291,156.227,156.253,242.0,21,0.0
2025-11-27 01:50:00,156.253,156.271,156.234,156.245,208.0,21,0.0
2025-11-27 01:55:00,156.248,156.248,156.206,156.208,164.0,23,0.0
2025-11-27 02:00:00,156.207,156.223,156.089,156.091,442.0,21,0.0
2025-11-27 02:05:00,156.091,156.116,156.065,156.108,297.0,21,0.0
2025-11-27 02:10:00,156.108,156.135,156.098,156.098,297.0,21,0.0
2025-11-27 02:15:00,156.099,156.153,156.099,156.149,218.0,21,0.0
2025-11-27 02:20:00,156.152,156.159,156.089,156.097,219.0,21,0.0
2025-11-27 02:25:00,156.097,156.113,156.057,156.058,135.0,23,0.0
2025-11-27 02:30:00,156.059,156.066,156.035,156.062,243.0,21,0.0
2025-11-27 02:35:00,156.062,156.106,156.042,156.102,236.0,21,0.0
2025-11-27 02:40:00,156.103,156.104,156.069,156.102,173.0,21,0.0
2025-11-27 02:45:00,156.103,156.103,156.036,156.053,260.0,21,0.0
2025-11-27 02:50:00,156.052,156.079,155.855,155.861,853.0,21,0.0
2025-11-27 02:55:00,155.855,156.028,155.855,156.026,646.0,21,0.0
2025-11-27 03:00:00,156.027,156.028,155.891,155.919,653.0,21,0.0
2025-11-27 03:05:00,155.918,155.93,155.886,155.93,476.0,21,0.0
2025-11-27 03:10:00,155.93,155.93,155.871,155.871,414.0,21,0.0
2025-11-27 03:15:00,155.872,155.941,155.866,155.917,469.0,21,0.0
2025-11-27 03:20:00,155.915,155.944,155.843,155.884,428.0,21,0.0
2025-11-27 03:25:00,155.884,155.885,155.799,155.818,352.0,21,0.0
2025-11-27 03:30:00,155.817,155.883,155.71,155.881,805.0,21,0.0
2025-11-27 03:35:00,155.881,155.994,155.801,155.993,553.0,21,0.0
2025-11-27 03:40:00,155.994,156.167,155.978,156.162,540.0,21,0.0
2025-11-27 03:45:00,156.161,156.167,156.05,156.051,479.0,21,0.0
2025-11-27 03:50:00,156.052,156.088,156.021,156.06,566.0,21,0.0
2025-11-27 03:55:00,156.061,156.075,155.999,156.041,452.0,21,0.0
2025-11-27 04:00:00,156.034,156.041,155.947,155.967,430.0,21,0.0
2025-11-27 04:05:00,155.968,155.968,155.918,155.938,293.0,21,0.0
2025-11-27 04:10:00,155.938,156.033,155.927,156.026,388.0,21,0.0
2025-11-27 04:15:00,156.026,156.109,156.018,156.102,325.0,21,0.0
2025-11-27 04:20:00,156.101,156.172,156.099,156.144,312.0,21,0.0
2025-11-27 04:25:00,156.144,156.161,156.105,156.116,311.0,21,0.0
2025-11-27 04:30:00,156.116,156.173,156.1,156.135,290.0,21,0.0
2025-11-27 04:35:00,156.136,156.138,156.074,156.088,144.0,21,0.0
2025-11-27 04:40:00,156.093,156.112,156.07,156.075,177.0,21,0.0
2025-11-27 04:45:00,156.075,156.087,156.043,156.074,195.0,21,0.0
2025-11-27 04:50:00,156.075,156.14,156.059,156.116,338.0,21,0.0
2025-11-27 04:55:00,156.115,156.146,156.099,156.108,324.0,21,0.0
2025-11-27 05:00:00,156.108,156.108,156.081,156.083,170.0,21,0.0
2025-11-27 05:05:00,156.084,156.141,156.084,156.138,240.0,21,0.0
2025-11-27 05:10:00,156.138,156.144,156.072,156.096,244.0,21,0.0
2025-11-27 05:15:00,156.097,156.104,156.077,156.077,172.0,21,0.0
2025-11-27 05:20:00,156.078,156.107,156.078,156.105,114.0,21,0.0
2025-11-27 05:25:00,156.103,156.107,156.08,156.085,164.0,21,0.0
2025-11-27 05:30:00,156.085,156.099,156.05,156.05,177.0,21,0.0
2025-11-27 05:35:00,156.051,156.052,156.03,156.046,151.0,21,0.0
2025-11-27 05:40:00,156.05,156.062,156.037,156.045,152.0,22,0.0
2025-11-27 05:45:00,156.049,156.051,156.019,156.024,114.0,21,0.0
2025-11-27 05:50:00,156.023,156.064,156.021,156.063,156.0,21,0.0
2025-11-27 05:55:00,156.062,156.085,156.06,156.069,245.0,21,0.0
2025-11-27 06:00:00,156.07,156.075,156.037,156.063,202.0,21,0.0
2025-11-27 06:05:00,156.062,156.09,156.061,156.068,166.0,21,0.0
2025-11-27 06:10:00,156.069,156.085,156.045,156.053,132.0,21,0.0
2025-11-27 06:15:00,156.052,156.06,156.009,156.025,171.0,22,0.0
2025-11-27 06:20:00,156.024,156.065,156.024,156.04,204.0,21,0.0
2025-11-27 06:25:00,156.039,156.077,156.008,156.01,175.0,21,0.0
2025-11-27 06:30:00,156.008,156.009,155.928,155.946,185.0,21,0.0
2025-11-27 06:35:00,155.946,156.014,155.945,155.957,172.0,21,0.0
2025-11-27 06:40:00,155.958,156.041,155.951,156.015,175.0,21,0.0
2025-11-27 06:45:00,156.014,156.033,156.014,156.026,148.0,21,0.0
2025-11-27 06:50:00,156.027,156.036,155.999,156.002,161.0,21,0.0
2025-11-27 06:55:00,156.001,156.002,155.964,155.996,244.0,22,0.0
2025-11-27 07:00:00,155.996,156.002,155.939,155.939,210.0,21,0.0
2025-11-27 07:05:00,155.94,155.98,155.92,155.928,283.0,21,0.0
2025-11-27 07:10:00,155.928,155.928,155.874,155.875,261.0,21,0.0
2025-11-27 07:15:00,155.876,155.92,155.81,155.817,390.0,21,0.0
2025-11-27 07:20:00,155.817,155.855,155.805,155.823,350.0,22,0.0
2025-11-27 07:25:00,155.824,155.862,155.816,155.861,256.0,21,0.0
2025-11-27 07:30:00,155.862,155.907,155.855,155.884,205.0,21,0.0
2025-11-27 07:35:00,155.884,155.887,155.804,155.88,363.0,21,0.0
2025-11-27 07:40:00,155.881,155.937,155.855,155.928,370.0,21,0.0
2025-11-27 07:45:00,155.929,155.93,155.872,155.916,315.0,21,0.0
2025-11-27 07:50:00,155.918,155.927,155.855,155.875,221.0,21,0.0
2025-11-27 07:55:00,155.875,155.983,155.865,155.98,680.0,21,0.0
2025-11-27 08:00:00,155.979,156.013,155.939,155.94,478.0,21,0.0
2025-11-27 08:05:00,155.939,155.972,155.902,155.97,352.0,21,0.0
2025-11-27 08:10:00,155.969,156.017,155.969,156.006,274.0,21,0.0
2025-11-27 08:15:00,156.007,156.064,156.007,156.047,309.0,21,0.0
2025-11-27 08:20:00,156.047,156.089,156.039,156.078,245.0,21,0.0
2025-11-27 08:25:00,156.078,156.125,156.075,156.113,254.0,21,0.0
2025-11-27 08:30:00,156.113,156.152,156.099,156.127,244.0,21,0.0
2025-11-27 08:35:00,156.125,156.147,156.108,156.145,260.0,21,0.0
2025-11-27 08:40:00,156.147,156.195,156.145,156.17,328.0,21,0.0
2025-11-27 08:45:00,156.172,156.184,156.142,156.158,225.0,21,0.0
2025-11-27 08:50:00,156.156,156.184,156.132,156.17,363.0,21,0.0
2025-11-27 08:55:00,156.171,156.173,156.124,156.125,279.0,23,0.0
2025-11-27 09:00:00,156.126,156.15,156.12,156.135,307.0,21,0.0
2025-11-27 09:05:00,156.134,156.196,156.13,156.195,199.0,21,0.0
2025-11-27 09:10:00,156.194,156.216,156.172,156.198,276.0,21,0.0
2025-11-27 09:15:00,156.199,156.225,156.195,156.219,163.0,21,0.0
2025-11-27 09:20:00,156.219,156.242,156.197,156.213,244.0,21,0.0
2025-11-27 09:25:00,156.212,156.244,156.207,156.236,242.0,21,0.0
2025-11-27 09:30:00,156.235,156.245,156.218,156.233,156.0,21,0.0
2025-11-27 09:35:00,156.232,156.233,156.183,156.223,157.0,21,0.0
2025-11-27 09:40:00,156.223,156.266,156.22,156.264,143.0,21,0.0
2025-11-27 09:45:00,156.265,156.289,156.231,156.232,192.0,21,0.0
2025-11-27 09:50:00,156.234,156.234,156.15,156.16,240.0,21,0.0
2025-11-27 09:55:00,156.159,156.164,156.097,156.098,348.0,21,0.0
2025-11-27 10:00:00,156.097,156.144,156.069,156.133,458.0,21,0.0
2025-11-27 10:05:00,156.132,156.2,156.106,156.172,382.0,21,0.0
2025-11-27 10:10:00,156.172,156.2,156.144,156.198,230.0,21,0.0
2025-11-27 10:15:00,156.199,156.221,156.188,156.217,216.0,21,0.0
2025-11-27 10:20:00,156.217,156.293,156.217,156.267,318.0,21,0.0
2025-11-27 10:25:00,156.267,156.27,156.201,156.205,350.0,21,0.0
2025-11-27 10:30:00,156.203,156.209,156.154,156.17,368.0,21,0.0
2025-11-27 10:35:00,156.169,156.221,156.13,156.208,253.0,21,0.0
2025-11-27 10:40:00,156.208,156.298,156.203,156.27,310.0,21,0.0
2025-11-27 10:45:00,156.269,156.306,156.268,156.277,344.0,21,0.0
2025-11-27 10:50:00,156.278,156.329,156.277,156.313,424.0,21,0.0
2025-11-27 10:55:00,156.314,156.354,156.297,156.309,416.0,21,0.0
2025-11-27 11:00:00,156.31,156.35,156.31,156.34,409.0,21,0.0
2025-11-27 11:05:00,156.339,156.375,156.334,156.343,365.0,21,0.0
2025-11-27 11:10:00,156.344,156.364,156.321,156.326,360.0,21,0.0
2025-11-27 11:15:00,156.325,156.38,156.306,156.354,322.0,21,0.0
2025-11-27 11:20:00,156.354,156.383,156.34,156.368,200.0,21,0.0
2025-11-27 11:25:00,156.373,156.393,156.363,156.384,234.0,21,0.0
2025-11-27 11:30:00,156.385,156.392,156.351,156.352,200.0,21,0.0
2025-11-27 11:35:00,156.351,156.355,156.312,156.321,210.0,22,0.0
2025-11-27 11:40:00,156.32,156.356,156.3,156.313,230.0,22,0.0
2025-11-27 11:45:00,156.313,156.357,156.311,156.341,225.0,22,0.0
2025-11-27 11:50:00,156.34,156.38,156.337,156.369,173.0,21,0.0
2025-11-27 11:55:00,156.369,156.369,156.34,156.346,141.0,21,0.0
2025-11-27 12:00:00,156.345,156.349,156.309,156.329,250.0,21,0.0
2025-11-27 12:05:00,156.33,156.344,156.315,156.32,153.0,21,0.0
2025-11-27 12:10:00,156.321,156.341,156.311,156.338,231.0,21,0.0
2025-11-27 12:15:00,156.337,156.343,156.312,156.313,124.0,22,0.0
2025-11-27 12:20:00,156.315,156.319,156.281,156.287,209.0,21,0.0
2025-11-27 12:25:00,156.288,156.303,156.247,156.279,142.0,21,0.0
2025-11-27 12:30:00,156.279,156.321,156.271,156.317,88.0,21,0.0
2025-11-27 12:35:00,156.317,156.317,156.288,156.292,142.0,21,0.0
2025-11-27 12:40:00,156.293,156.293,156.272,156.274,103.0,21,0.0
2025-11-27 12:45:00,156.274,156.281,156.259,156.271,101.0,21,0.0
2025-11-27 12:50:00,156.27,156.307,156.27,156.285,144.0,21,0.0
2025-11-27 12:55:00,156.285,156.301,156.268,156.273,207.0,21,0.0
2025-11-27 13:00:00,156.274,156.284,156.24,156.266,231.0,21,0.0
2025-11-27 13:05:00,156.267,156.279,156.26,156.262,122.0,21,0.0
2025-11-27 13:10:00,156.261,156.295,156.255,156.293,138.0,21,0.0
2025-11-27 13:15:00,156.292,156.299,156.27,156.271,182.0,21,0.0
2025-11-27 13:20:00,156.272,156.283,156.256,156.264,180.0,21,0.0
2025-11-27 13:25:00,156.265,156.276,156.256,156.263,187.0,21,0.0
2025-11-27 13:30:00,156.264,156.27,156.252,156.256,130.0,21,0.0
2025-11-27 13:35:00,156.257,156.281,156.256,156.276,103.0,21,0.0
2025-11-27 13:40:00,156.276,156.312,156.269,156.312,144.0,21,0.0
2025-11-27 13:45:00,156.311,156.339,156.305,156.333,159.0,21,0.0
2025-11-27 13:50:00,156.332,156.334,156.314,156.317,111.0,21,0.0
2025-11-27 13:55:00,156.317,156.317,156.294,156.3,168.0,21,0.0
2025-11-27 14:00:00,156.301,156.332,156.289,156.305,313.0,21,0.0
2025-11-27 14:05:00,156.307,156.32,156.293,156.303,228.0,21,0.0
2025-11-27 14:10:00,156.302,156.307,156.29,156.294,92.0,21,0.0
2025-11-27 14:15:00,156.293,156.296,156.255,156.256,159.0,21,0.0
2025-11-27 14:20:00,156.257,156.298,156.257,156.297,149.0,21,0.0
2025-11-27 14:25:00,156.296,156.306,156.283,156.288,66.0,21,0.0
2025-11-27 14:30:00,156.288,156.306,156.282,156.306,121.0,21,0.0
2025-11-27 14:35:00,156.305,156.319,156.291,156.31,196.0,21,0.0
2025-11-27 14:40:00,156.309,156.334,156.309,156.317,256.0,22,0.0
2025-11-27 14:45:00,156.317,156.378,156.317,156.368,133.0,21,0.0
2025-11-27 14:50:00,156.368,156.375,156.352,156.354,234.0,21,0.0
2025-11-27 14:55:00,156.353,156.375,156.342,156.365,473.0,22,0.0
2025-11-27 15:00:00,156.366,156.371,156.314,156.315,374.0,21,0.0
2025-11-27 15:05:00,156.315,156.334,156.306,156.309,228.0,21,0.0
2025-11-27 15:10:00,156.31,156.323,156.296,156.298,115.0,22,0.0
2025-11-27 15:15:00,156.297,156.302,156.277,156.28,109.0,22,0.0
2025-11-27 15:20:00,156.279,156.31,156.279,156.295,111.0,21,0.0
2025-11-27 15:25:00,156.296,156.297,156.254,156.258,178.0,21,0.0
2025-11-27 15:30:00,156.26,156.293,156.256,156.27,335.0,21,0.0
2025-11-27 15:35:00,156.269,156.305,156.269,156.284,140.0,21,0.0
2025-11-27 15:40:00,156.285,156.322,156.285,156.32,166.0,21,0.0
2025-11-27 15:45:00,156.319,156.321,156.299,156.3,198.0,21,0.0
2025-11-27 15:50:00,156.299,156.307,156.256,156.259,232.0,21,0.0
2025-11-27 15:55:00,156.255,156.265,156.234,156.254,310.0,21,0.0
2025-11-27 16:00:00,156.253,156.273,156.222,156.27,177.0,21,0.0
2025-11-27 16:05:00,156.272,156.28,156.243,156.273,288.0,21,0.0
2025-11-27 16:10:00,156.273,156.292,156.265,156.268,209.0,21,0.0
2025-11-27 16:15:00,156.268,156.281,156.264,156.28,344.0,21,0.0
2025-11-27 16:20:00,156.279,156.295,156.278,156.293,242.0,21,0.0
2025-11-27 16:25:00,156.294,156.333,156.29,156.325,221.0,21,0.0
2025-11-27 16:30:00,156.325,156.351,156.325,156.33,277.0,22,0.0
2025-11-27 16:35:00,156.329,156.344,156.325,156.343,137.0,21,0.0
2025-11-27 16:40:00,156.344,156.351,156.328,156.331,169.0,21,0.0
2025-11-27 16:45:00,156.33,156.33,156.304,156.308,142.0,21,0.0
2025-11-27 16:50:00,156.311,156.33,156.309,156.325,141.0,21,0.0
2025-11-27 16:55:00,156.326,156.327,156.307,156.316,248.0,21,0.0
2025-11-27 17:00:00,156.317,156.32,156.305,156.314,216.0,21,0.0
2025-11-27 17:05:00,156.314,156.333,156.293,156.294,169.0,21,0.0
2025-11-27 17:10:00,156.294,156.301,156.275,156.292,148.0,21,0.0
2025-11-27 17:15:00,156.292,156.292,156.271,156.281,147.0,21,0.0
2025-11-27 17:20:00,156.282,156.293,156.269,156.291,100.0,21,0.0
2025-11-27 17:25:00,156.29,156.293,156.253,156.259,226.0,21,0.0
2025-11-27 17:30:00,156.259,156.284,156.256,156.283,172.0,21,0.0
2025-11-27 17:35:00,156.284,156.292,156.27,156.279,156.0,21,0.0
2025-11-27 17:40:00,156.28,156.285,156.256,156.257,129.0,22,0.0
2025-11-27 17:45:00,156.256,156.263,156.244,156.246,116.0,21,0.0
2025-11-27 17:50:00,156.246,156.281,156.246,156.274,232.0,22,0.0
2025-11-27 17:55:00,156.275,156.307,156.24,156.295,543.0,21,0.0
2025-11-27 18:00:00,156.295,156.322,156.289,156.32,319.0,21,0.0
2025-11-27 18:05:00,156.321,156.347,156.312,156.314,298.0,21,0.0
2025-11-27 18:10:00,156.31,156.314,156.288,156.292,302.0,21,0.0
2025-11-27 18:15:00,156.291,156.306,156.288,156.29,489.0,22,0.0
2025-11-27 18:20:00,156.289,156.294,156.272,156.272,267.0,23,0.0
2025-11-27 18:25:00,156.271,156.271,156.248,156.263,171.0,22,0.0
2025-11-27 18:30:00,156.263,156.3,156.26,156.282,177.0,21,0.0
2025-11-27 18:35:00,156.281,156.282,156.268,156.281,106.0,22,0.0
2025-11-27 18:40:00,156.281,156.294,156.279,156.284,101.0,23,0.0
2025-11-27 18:45:00,156.283,156.295,156.282,156.282,84.0,23,0.0
2025-11-27 18:50:00,156.283,156.292,156.278,156.278,43.0,23,0.0
2025-11-27 18:55:00,156.279,156.279,156.254,156.267,113.0,22,0.0
2025-11-27 19:00:00,156.266,156.286,156.259,156.28,202.0,23,0.0
2025-11-27 19:05:00,156.28,156.304,156.279,156.298,125.0,22,0.0
2025-11-27 19:10:00,156.297,156.307,156.294,156.303,142.0,21,0.0
2025-11-27 19:15:00,156.304,156.309,156.3,156.309,49.0,24,0.0
2025-11-27 19:20:00,156.308,156.334,156.308,156.331,49.0,22,0.0
2025-11-27 19:25:00,156.331,156.338,156.32,156.321,193.0,23,0.0
2025-11-27 19:30:00,156.318,156.347,156.315,156.342,170.0,21,0.0
2025-11-27 19:35:00,156.34,156.351,156.328,156.338,157.0,22,0.0
2025-11-27 19:40:00,156.337,156.355,156.337,156.352,84.0,22,0.0
2025-11-27 19:45:00,156.353,156.356,156.34,156.341,29.0,22,0.0
2025-11-27 19:50:00,156.342,156.342,156.33,156.333,49.0,21,0.0
2025-11-27 19:55:00,156.333,156.339,156.317,156.318,134.0,22,0.0
2025-11-27 20:00:00,156.318,156.33,156.313,156.328,81.0,24,0.0
2025-11-27 20:05:00,156.329,156.334,156.327,156.331,40.0,24,0.0
2025-11-27 20:10:00,156.331,156.341,156.328,156.337,46.0,24,0.0
2025-11-27 20:15:00,156.338,156.35,156.337,156.338,70.0,25,0.0
2025-11-27 20:20:00,156.339,156.353,156.338,156.351,95.0,23,0.0
2025-11-27 20:25:00,156.351,156.353,156.349,156.353,32.0,24,0.0
2025-11-27 20:30:00,156.352,156.357,156.352,156.353,61.0,24,0.0
2025-11-27 20:35:00,156.354,156.355,156.35,156.352,55.0,25,0.0
2025-11-27 20:40:00,156.352,156.354,156.351,156.353,41.0,22,0.0
2025-11-27 20:45:00,156.352,156.352,156.339,156.34,102.0,23,0.0
2025-11-27 20:50:00,156.339,156.345,156.338,156.341,36.0,23,0.0
2025-11-27 20:55:00,156.34,156.353,156.339,156.349,50.0,23,0.0
2025-11-27 21:00:00,156.349,156.351,156.348,156.35,63.0,23,0.0
2025-11-27 21:05:00,156.348,156.35,156.335,156.335,48.0,22,0.0
2025-11-27 21:10:00,156.335,156.339,156.335,156.337,27.0,24,0.0
2025-11-27 21:15:00,156.338,156.339,156.335,156.337,31.0,23,0.0
2025-11-27 21:20:00,156.337,156.341,156.336,156.341,45.0,21,0.0
2025-11-27 21:25:00,156.342,156.342,156.336,156.337,53.0,24,0.0
2025-11-27 21:30:00,156.337,156.341,156.336,156.339,18.0,23,0.0
2025-11-27 21:35:00,156.339,156.343,156.339,156.339,31.0,23,0.0
2025-11-27 21:40:00,156.339,156.341,156.337,156.337,96.0,23,0.0
2025-11-27 21:45:00,156.339,156.339,156.312,156.314,110.0,25,0.0
2025-11-27 21:50:00,156.313,156.332,156.311,156.327,170.0,25,0.0
2025-11-27 21:55:00,156.327,156.328,156.319,156.324,111.0,22,0.0
2025-11-27 22:00:00,156.324,156.326,156.302,156.309,118.0,22,0.0
2025-11-27 22:05:00,156.309,156.315,156.306,156.314,68.0,25,0.0
2025-11-27 22:10:00,156.313,156.319,156.312,156.312,144.0,24,0.0
2025-11-27 22:15:00,156.313,156.313,156.308,156.309,69.0,26,0.0
2025-11-27 22:20:00,156.31,156.312,156.305,156.308,95.0,26,0.0
2025-11-27 22:25:00,156.307,156.313,156.306,156.311,72.0,25,0.0
2025-11-27 22:30:00,156.312,156.314,156.276,156.276,111.0,24,0.0
2025-11-27 22:35:00,156.276,156.281,156.255,156.276,211.0,22,0.0
2025-11-27 22:40:00,156.277,156.295,156.275,156.279,139.0,24,0.0
2025-11-27 22:45:00,156.28,156.287,156.273,156.287,307.0,23,0.0
2025-11-27 22:50:00,156.286,156.292,156.278,156.29,105.0,24,0.0
2025-11-27 22:55:00,156.293,156.311,156.29,156.304,117.0,24,0.0
2025-11-27 23:00:00,156.299,156.303,156.287,156.292,200.0,23,0.0
2025-11-27 23:05:00,156.297,156.297,156.291,156.294,25.0,24,0.0
2025-11-27 23:10:00,156.293,156.294,156.281,156.286,33.0,26,0.0
2025-11-27 23:15:00,156.287,156.287,156.276,156.28,23.0,26,0.0
2025-11-27 23:20:00,156.276,156.277,156.252,156.262,93.0,24,0.0
2025-11-27 23:25:00,156.262,156.282,156.262,156.277,35.0,25,0.0
2025-11-27 23:30:00,156.277,156.284,156.275,156.278,46.0,25,0.0
2025-11-27 23:35:00,156.278,156.279,156.276,156.277,37.0,28,0.0
2025-11-27 23:40:00,156.277,156.278,156.269,156.271,30.0,28,0.0
2025-11-27 23:45:00,156.272,156.272,156.262,156.267,64.0,28,0.0
2025-11-27 23:50:00,156.267,156.283,156.267,156.277,34.0,29,0.0
2025-11-27 23:55:00,156.274,156.291,156.254,156.254,111.0,33,0.0
2025-11-28 00:00:00,156.252,156.252,156.224,156.24,10.0,104,0.0
2025-11-28 00:05:00,156.249,156.268,156.245,156.268,20.0,83,0.0
2025-11-28 00:10:00,156.268,156.29,156.268,156.284,16.0,74,0.0
2025-11-28 00:15:00,156.286,156.298,156.284,156.297,46.0,63,0.0
2025-11-28 00:20:00,156.296,156.299,156.293,156.294,19.0,62,0.0
2025-11-28 00:25:00,156.294,156.303,156.291,156.295,64.0,55,0.0
2025-11-28 00:30:00,156.294,156.296,156.282,156.284,154.0,39,0.0
2025-11-28 00:35:00,156.282,156.288,156.25,156.272,86.0,49,0.0
2025-11-28 00:40:00,156.27,156.277,156.259,156.261,76.0,51,0.0
2025-11-28 00:45:00,156.262,156.273,156.258,156.26,67.0,49,0.0
2025-11-28 00:50:00,156.259,156.259,156.25,156.254,38.0,55,0.0
2025-11-28 00:55:00,156.25,156.258,156.248,156.257,66.0,48,0.0
2025-11-28 01:00:00,156.257,156.27,156.23,156.23,116.0,28,0.0
2025-11-28 01:05:00,156.23,156.262,156.203,156.261,82.0,21,0.0
2025-11-28 01:10:00,156.262,156.262,156.203,156.228,170.0,25,0.0
2025-11-28 01:15:00,156.227,156.228,156.212,156.215,77.0,26,0.0
2025-11-28 01:20:00,156.215,156.228,156.211,156.228,57.0,23,0.0
2025-11-28 01:25:00,156.228,156.238,156.216,156.226,83.0,26,0.0
2025-11-28 01:30:00,156.226,156.299,156.191,156.288,218.0,23,0.0
2025-11-28 01:35:00,156.289,156.292,156.252,156.252,136.0,22,0.0
2025-11-28 01:40:00,156.254,156.278,156.252,156.266,140.0,25,0.0
2025-11-28 01:45:00,156.267,156.296,156.259,156.289,141.0,26,0.0
2025-11-28 01:50:00,156.289,156.289,156.262,156.268,34.0,24,0.0
2025-11-28 01:55:00,156.268,156.29,156.266,156.277,46.0,23,0.0
2025-11-28 02:00:00,156.277,156.313,156.18,156.241,374.0,21,0.0
2025-11-28 02:05:00,156.248,156.251,156.185,156.217,258.0,21,0.0
2025-11-28 02:10:00,156.217,156.218,156.174,156.175,193.0,21,0.0
2025-11-28 02:15:00,156.173,156.239,156.163,156.229,333.0,21,0.0
2025-11-28 02:20:00,156.229,156.267,156.227,156.24,454.0,22,0.0
2025-11-28 02:25:00,156.245,156.322,156.245,156.312,343.0,21,0.0
2025-11-28 02:30:00,156.311,156.347,156.298,156.303,363.0,21,0.0
2025-11-28 02:35:00,156.303,156.317,156.238,156.312,475.0,21,0.0
2025-11-28 02:40:00,156.311,156.366,156.303,156.363,698.0,21,0.0
2025-11-28 02:45:00,156.362,156.45,156.361,156.448,739.0,21,0.0
2025-11-28 02:50:00,156.449,156.57,156.409,156.526,1098.0,21,0.0
2025-11-28 02:55:00,156.522,156.533,156.42,156.434,819.0,21,0.0
2025-11-28 03:00:00,156.433,156.435,156.309,156.329,566.0,21,0.0
2025-11-28 03:05:00,156.331,156.386,156.32,156.36,540.0,21,0.0
2025-11-28 03:10:00,156.367,156.393,156.338,156.386,389.0,21,0.0
2025-11-28 03:15:00,156.387,156.426,156.349,156.352,467.0,21,0.0
2025-11-28 03:20:00,156.35,156.373,156.334,156.362,433.0,21,0.0
2025-11-28 03:25:00,156.362,156.394,156.362,156.38,227.0,21,0.0
2025-11-28 03:30:00,156.38,156.447,156.359,156.423,355.0,21,0.0
2025-11-28 03:35:00,156.423,156.436,156.399,156.402,316.0,21,0.0
2025-11-28 03:40:00,156.403,156.412,156.383,156.385,202.0,21,0.0
2025-11-28 03:45:00,156.386,156.393,156.379,156.381,128.0,23,0.0
2025-11-28 03:50:00,156.377,156.385,156.372,156.374,178.0,23,0.0
2025-11-28 03:55:00,156.375,156.397,156.365,156.367,285.0,21,0.0
2025-11-28 04:00:00,156.366,156.371,156.323,156.341,384.0,21,0.0
2025-11-28 04:05:00,156.34,156.352,156.338,156.345,182.0,21,0.0
2025-11-28 04:10:00,156.344,156.353,156.311,156.315,183.0,22,0.0
2025-11-28 04:15:00,156.316,156.326,156.312,156.321,168.0,21,0.0
2025-11-28 04:20:00,156.32,156.323,156.303,156.309,422.0,21,0.0
2025-11-28 04:25:00,156.309,156.313,156.269,156.273,669.0,21,0.0
2025-11-28 04:30:00,156.275,156.279,156.079,156.224,881.0,21,0.0
2025-11-28 04:35:00,156.224,156.264,156.21,156.257,935.0,21,0.0
2025-11-28 04:40:00,156.258,156.271,156.24,156.259,1303.0,21,0.0
2025-11-28 04:45:00,156.258,156.282,156.214,156.282,1587.0,21,0.0
2025-11-28 04:50:00,156.282,156.333,156.224,156.285,1387.0,24,0.0
2025-11-28 04:55:00,156.283,156.324,156.235,156.267,1694.0,29,0.0
2025-11-28 05:00:00,156.267,156.291,156.212,156.269,1549.0,24,0.0
2025-11-28 05:05:00,156.268,156.296,156.244,156.26,1356.0,28,0.0
2025-11-28 05:10:00,156.259,156.274,156.096,156.255,1523.0,34,0.0
2025-11-28 05:15:00,156.254,156.287,156.242,156.264,1674.0,24,0.0
2025-11-28 05:20:00,156.263,156.294,156.239,156.267,1697.0,25,0.0
2025-11-28 05:25:00,156.266,156.281,156.256,156.26,1753.0,23,0.0
2025-11-28 05:30:00,156.261,156.272,156.239,156.246,1696.0,26,0.0
2025-11-28 05:35:00,156.247,156.262,156.214,156.232,2002.0,21,0.0
2025-11-28 05:40:00,156.23,156.257,156.194,156.245,2074.0,27,0.0
2025-11-28 05:45:00,156.247,156.27,156.171,156.184,1792.0,28,0.0
2025-11-28 05:50:00,156.183,156.252,156.171,156.218,1243.0,27,0.0
2025-11-28 05:55:00,156.22,156.261,156.215,156.254,648.0,25,0.0
2025-11-28 06:00:00,156.255,156.274,156.186,156.24,1778.0,26,0.0
2025-11-28 06:05:00,156.24,156.257,156.195,156.22,1637.0,27,0.0
2025-11-28 06:10:00,156.22,156.225,156.178,156.182,1645.0,24,0.0
2025-11-28 06:15:00,156.18,156.235,156.176,156.203,1538.0,27,0.0
2025-11-28 06:20:00,156.201,156.234,156.186,156.205,841.0,24,0.0
2025-11-28 06:25:00,156.203,156.227,156.174,156.205,1209.0,28,0.0
2025-11-28 06:30:00,156.207,156.232,156.199,156.221,1312.0,24,0.0
2025-11-28 06:35:00,156.222,156.233,156.203,156.22,1856.0,24,0.0
2025-11-28 06:40:00,156.223,156.228,156.197,156.209,1508.0,24,0.0
2025-11-28 06:45:00,156.21,156.224,156.175,156.197,1335.0,24,0.0
2025-11-28 06:50:00,156.197,156.217,156.181,156.207,1416.0,23,0.0
2025-11-28 06:55:00,156.21,156.237,156.189,156.208,1393.0,23,0.0
2025-11-28 07:00:00,156.207,156.296,156.197,156.272,1771.0,21,0.0
2025-11-28 07:05:00,156.271,156.283,156.227,156.242,1461.0,24,0.0
2025-11-28 07:10:00,156.242,156.28,156.224,156.275,1373.0,26,0.0
2025-11-28 07:15:00,156.276,156.386,156.256,156.303,2003.0,21,0.0
2025-11-28 07:20:00,156.303,156.368,156.262,156.318,1530.0,21,0.0
2025-11-28 07:25:00,156.321,156.347,156.271,156.288,1941.0,22,0.0
2025-11-28 07:30:00,156.288,156.33,156.274,156.298,1819.0,21,0.0
2025-11-28 07:35:00,156.295,156.349,156.281,156.297,2022.0,26,0.0
2025-11-28 07:40:00,156.296,156.352,156.293,156.34,1800.0,21,0.0
2025-11-28 07:45:00,156.341,156.349,156.321,156.336,1396.0,24,0.0
2025-11-28 07:50:00,156.338,156.384,156.322,156.359,1885.0,24,0.0
2025-11-28 07:55:00,156.357,156.391,156.319,156.332,1117.0,29,0.0
2025-11-28 08:00:00,156.332,156.385,156.32,156.367,1560.0,23,0.0
2025-11-28 08:05:00,156.368,156.384,156.342,156.352,1618.0,27,0.0
2025-11-28 08:10:00,156.351,156.382,156.338,156.368,1411.0,23,0.0
2025-11-28 08:15:00,156.369,156.426,156.345,156.393,1602.0,21,0.0
2025-11-28 08:20:00,156.395,156.4,156.356,156.374,1163.0,21,0.0
2025-11-28 08:25:00,156.375,156.396,156.34,156.365,1159.0,26,0.0
2025-11-28 08:30:00,156.367,156.389,156.342,156.36,1306.0,23,0.0
2025-11-28 08:35:00,156.359,156.359,156.335,156.337,1366.0,25,0.0
2025-11-28 08:40:00,156.338,156.362,156.335,156.341,1535.0,24,0.0
2025-11-28 08:45:00,156.344,156.416,156.339,156.407,1550.0,21,0.0
2025-11-28 08:50:00,156.405,156.421,156.355,156.39,1376.0,28,0.0
2025-11-28 08:55:00,156.39,156.398,156.362,156.367,960.0,21,0.0
2025-11-28 09:00:00,156.367,156.385,156.336,156.376,1018.0,23,0.0
2025-11-28 09:05:00,156.374,156.385,156.35,156.372,1204.0,25,0.0
2025-11-28 09:10:00,156.372,156.382,156.351,156.366,1496.0,24,0.0
2025-11-28 09:15:00,156.365,156.377,156.334,156.368,1562.0,22,0.0
2025-11-28 09:20:00,156.367,156.373,156.337,156.34,1509.0,23,0.0
2025-11-28 09:25:00,156.341,156.39,156.341,156.363,1115.0,21,0.0
2025-11-28 09:30:00,156.364,156.378,156.336,156.363,1492.0,21,0.0
2025-11-28 09:35:00,156.364,156.389,156.335,156.374,1050.0,21,0.0
2025-11-28 09:40:00,156.374,156.378,156.308,156.34,992.0,27,0.0
2025-11-28 09:45:00,156.34,156.387,156.33,156.364,1497.0,21,0.0
2025-11-28 09:50:00,156.366,156.372,156.3,156.342,1921.0,21,0.0
2025-11-28 09:55:00,156.343,156.364,156.269,156.29,1932.0,21,0.0
2025-11-28 10:00:00,156.285,156.333,156.27,156.3,1903.0,23,0.0
2025-11-28 10:05:00,156.299,156.362,156.298,156.345,1906.0,24,0.0
2025-11-28 10:10:00,156.342,156.372,156.334,156.352,1343.0,21,0.0
2025-11-28 10:15:00,156.352,156.37,156.314,156.352,1011.0,21,0.0
2025-11-28 10:20:00,156.351,156.362,156.331,156.334,1664.0,25,0.0
2025-11-28 10:25:00,156.336,156.347,156.325,156.337,1415.0,23,0.0
2025-11-28 10:30:00,156.34,156.357,156.278,156.29,1944.0,22,0.0
2025-11-28 10:35:00,156.289,156.358,156.282,156.343,1986.0,23,0.0
2025-11-28 10:40:00,156.343,156.35,156.31,156.341,1987.0,21,0.0
2025-11-28 10:45:00,156.343,156.355,156.271,156.316,1902.0,23,0.0
2025-11-28 10:50:00,156.318,156.347,156.266,156.321,2015.0,29,0.0
2025-11-28 10:55:00,156.324,156.359,156.286,156.341,1489.0,21,0.0
2025-11-28 11:00:00,156.341,156.359,156.269,156.33,1916.0,21,0.0
2025-11-28 11:05:00,156.332,156.362,156.266,156.294,1643.0,21,0.0
2025-11-28 11:10:00,156.294,156.324,156.268,156.286,1783.0,35,0.0
2025-11-28 11:15:00,156.292,156.322,156.24,156.305,1641.0,21,0.0
2025-11-28 11:20:00,156.311,156.339,156.242,156.271,1962.0,31,0.0
2025-11-28 11:25:00,156.269,156.333,156.265,156.297,1685.0,21,0.0
2025-11-28 11:30:00,156.298,156.329,156.266,156.269,1740.0,21,0.0
2025-11-28 11:35:00,156.269,156.307,156.243,156.284,1804.0,25,0.0
2025-11-28 11:40:00,156.286,156.29,156.219,156.259,1662.0,27,0.0
2025-11-28 11:45:00,156.26,156.291,156.206,156.282,2032.0,27,0.0
2025-11-28 11:50:00,156.283,156.352,156.242,156.295,1693.0,30,0.0
2025-11-28 11:55:00,156.293,156.346,156.277,156.305,1026.0,26,0.0
2025-11-28 12:00:00,156.305,156.33,156.291,156.319,992.0,26,0.0
2025-11-28 12:05:00,156.318,156.334,156.295,156.321,1018.0,21,0.0
2025-11-28 12:10:00,156.319,156.368,156.253,156.336,1584.0,23,0.0
2025-11-28 12:15:00,156.334,156.355,156.253,156.3,1623.0,21,0.0
2025-11-28 12:20:00,156.301,156.346,156.273,156.303,1478.0,25,0.0
2025-11-28 12:25:00,156.301,156.347,156.244,156.3,1581.0,21,0.0
2025-11-28 12:30:00,156.298,156.328,156.257,156.308,1506.0,27,0.0
2025-11-28 12:35:00,156.31,156.326,156.254,156.313,1252.0,26,0.0
2025-11-28 12:40:00,156.313,156.314,156.246,156.29,1148.0,31,0.0
2025-11-28 12:45:00,156.291,156.32,156.271,156.304,1578.0,25,0.0
2025-11-28 12:50:00,156.303,156.316,156.272,156.279,1158.0,21,0.0
2025-11-28 12:55:00,156.277,156.283,156.237,156.253,1109.0,22,0.0
2025-11-28 13:00:00,156.252,156.267,156.237,156.258,842.0,38,0.0
2025-11-28 13:05:00,156.258,156.287,156.232,156.262,1341.0,34,0.0
2025-11-28 13:10:00,156.261,156.285,156.241,156.273,1529.0,21,0.0
2025-11-28 13:15:00,156.269,156.279,156.229,156.242,1098.0,27,0.0
2025-11-28 13:20:00,156.242,156.258,156.219,156.226,1009.0,26,0.0
2025-11-28 13:25:00,156.229,156.25,156.206,156.216,1282.0,23,0.0
2025-11-28 13:30:00,156.215,156.232,156.178,156.197,1077.0,28,0.0
2025-11-28 13:35:00,156.198,156.244,156.178,156.218,1313.0,25,0.0
2025-11-28 13:40:00,156.218,156.264,156.198,156.244,1456.0,21,0.0
2025-11-28 13:45:00,156.242,156.259,156.234,156.242,955.0,21,0.0
2025-11-28 13:50:00,156.243,156.247,156.178,156.186,897.0,25,0.0
2025-11-28 13:55:00,156.186,156.195,156.141,156.192,1108.0,24,0.0
2025-11-28 14:00:00,156.193,156.248,156.158,156.221,1241.0,21,0.0
2025-11-28 14:05:00,156.221,156.226,156.196,156.204,369.0,21,0.0
2025-11-28 14:10:00,156.204,156.226,156.165,156.217,1099.0,21,0.0
2025-11-28 14:15:00,156.221,156.225,156.154,156.154,748.0,22,0.0
2025-11-28 14:20:00,156.154,156.17,156.146,156.163,444.0,21,0.0
2025-11-28 14:25:00,156.163,156.163,156.141,156.141,183.0,21,0.0
2025-11-28 14:30:00,156.142,156.143,156.081,156.095,683.0,21,0.0
2025-11-28 14:35:00,156.095,156.106,156.083,156.086,598.0,21,0.0
2025-11-28 14:40:00,156.087,156.131,156.086,156.102,1042.0,22,0.0
2025-11-28 14:45:00,156.101,156.146,156.089,156.092,1028.0,24,0.0
2025-11-28 14:50:00,156.093,156.127,156.083,156.106,1039.0,21,0.0
2025-11-28 14:55:00,156.107,156.112,156.091,156.104,1220.0,21,0.0
2025-11-28 15:00:00,156.103,156.117,156.097,156.108,780.0,21,0.0
2025-11-28 15:05:00,156.105,156.129,156.1,156.11,861.0,21,0.0
2025-11-28 15:10:00,156.11,156.126,156.098,156.114,1179.0,21,0.0
2025-11-28 15:15:00,156.113,156.138,156.11,156.123,1171.0,21,0.0
2025-11-28 15:20:00,156.126,156.137,156.115,156.116,1202.0,21,0.0
2025-11-28 15:25:00,156.116,156.127,156.107,156.115,808.0,21,0.0
2025-11-28 15:30:00,156.12,156.141,156.092,156.118,1230.0,21,0.0
2025-11-28 15:35:00,156.12,156.13,156.103,156.113,893.0,21,0.0
2025-11-28 15:40:00,156.113,156.146,156.1,156.122,773.0,21,0.0
2025-11-28 15:45:00,156.122,156.122,156.092,156.1,578.0,21,0.0
2025-11-28 15:50:00,156.099,156.108,156.052,156.059,485.0,21,0.0
2025-11-28 15:55:00,156.06,156.06,155.993,156.009,796.0,21,0.0
2025-11-28 16:00:00,156.009,156.028,155.979,156.025,743.0,21,0.0
2025-11-28 16:05:00,156.026,156.038,155.991,155.993,768.0,21,0.0
2025-11-28 16:10:00,155.993,156.032,155.97,156.03,232.0,21,0.0
2025-11-28 16:15:00,156.031,156.132,156.031,156.132,460.0,21,0.0
2025-11-28 16:20:00,156.132,156.2,156.116,156.199,359.0,21,0.0
2025-11-28 16:25:00,156.198,156.339,156.198,156.268,519.0,21,0.0
2025-11-28 16:30:00,156.269,156.379,156.247,156.293,557.0,21,0.0
2025-11-28 16:35:00,156.292,156.301,156.247,156.271,383.0,21,0.0
2025-11-28 16:40:00,156.27,156.36,156.221,156.34,567.0,22,0.0
2025-11-28 16:45:00,156.34,156.377,156.308,156.313,490.0,21,0.0
2025-11-28 16:50:00,156.315,156.349,156.285,156.291,376.0,21,0.0
2025-11-28 16:55:00,156.289,156.301,156.215,156.232,542.0,22,0.0
2025-11-28 17:00:00,156.232,156.252,156.137,156.163,412.0,21,0.0
2025-11-28 17:05:00,156.162,156.238,156.148,156.236,256.0,21,0.0
2025-11-28 17:10:00,156.237,156.28,156.235,156.251,302.0,24,0.0
2025-11-28 17:15:00,156.252,156.299,156.252,156.293,160.0,23,0.0
2025-11-28 17:20:00,156.292,156.295,156.245,156.284,542.0,21,0.0
2025-11-28 17:25:00,156.284,156.291,156.22,156.226,540.0,24,0.0
2025-11-28 17:30:00,156.225,156.295,156.219,156.265,866.0,21,0.0
2025-11-28 17:35:00,156.264,156.275,156.219,156.22,1080.0,24,0.0
2025-11-28 17:40:00,156.22,156.238,156.2,156.234,361.0,23,0.0
2025-11-28 17:45:00,156.233,156.329,156.148,156.161,703.0,21,0.0
2025-11-28 17:50:00,156.162,156.262,156.121,156.124,1149.0,22,0.0
2025-11-28 17:55:00,156.125,156.125,155.986,156.023,1296.0,21,0.0
2025-11-28 18:00:00,156.022,156.136,155.998,156.065,999.0,21,0.0
2025-11-28 18:05:00,156.067,156.114,155.983,156.112,795.0,21,0.0
2025-11-28 18:10:00,156.112,156.145,156.092,156.143,598.0,21,0.0
2025-11-28 18:15:00,156.143,156.179,156.121,156.141,579.0,23,0.0
2025-11-28 18:20:00,156.141,156.172,156.106,156.162,489.0,22,0.0
2025-11-28 18:25:00,156.162,156.182,156.131,156.155,388.0,22,0.0
2025-11-28 18:30:00,156.155,156.184,156.138,156.169,354.0,21,0.0
2025-11-28 18:35:00,156.169,156.174,156.143,156.149,393.0,21,0.0
2025-11-28 18:40:00,156.148,156.155,156.116,156.123,263.0,22,0.0
2025-11-28 18:45:00,156.123,156.152,156.123,156.15,199.0,21,0.0
2025-11-28 18:50:00,156.15,156.165,156.143,156.164,164.0,22,0.0
2025-11-28 18:55:00,156.164,156.191,156.154,156.165,400.0,22,0.0
2025-11-28 19:00:00,156.164,156.22,156.146,156.211,463.0,21,0.0
2025-11-28 19:05:00,156.212,156.252,156.206,156.226,360.0,23,0.0
2025-11-28 19:10:00,156.225,156.238,156.196,156.22,277.0,23,0.0
2025-11-28 19:15:00,156.22,156.239,156.2,156.2,295.0,21,0.0
2025-11-28 19:20:00,156.201,156.248,156.197,156.224,305.0,21,0.0
2025-11-28 19:25:00,156.223,156.256,156.21,156.22,442.0,21,0.0
2025-11-28 19:30:00,156.22,156.229,156.17,156.174,446.0,21,0.0
2025-11-28 19:35:00,156.176,156.183,156.122,156.141,350.0,21,0.0
2025-11-28 19:40:00,156.141,156.165,156.119,156.136,200.0,21,0.0
2025-11-28 19:45:00,156.136,156.189,156.136,156.183,179.0,22,0.0
2025-11-28 19:50:00,156.184,156.187,156.141,156.151,307.0,24,0.0
2025-11-28 19:55:00,156.151,156.208,156.148,156.198,656.0,22,0.0
2025-11-28 20:00:00,156.202,156.226,156.186,156.189,569.0,22,0.0
2025-11-28 20:05:00,156.191,156.198,156.157,156.186,202.0,21,0.0
2025-11-28 20:10:00,156.186,156.203,156.141,156.155,194.0,21,0.0
2025-11-28 20:15:00,156.156,156.168,156.142,156.142,169.0,22,0.0
2025-11-28 20:20:00,156.143,156.15,156.109,156.114,444.0,24,0.0
2025-11-28 20:25:00,156.114,156.131,156.111,156.114,363.0,25,0.0
2025-11-28 20:30:00,156.114,156.119,156.072,156.105,463.0,22,0.0
2025-11-28 20:35:00,156.105,156.157,156.105,156.148,354.0,23,0.0
2025-11-28 20:40:00,156.146,156.18,156.137,156.173,190.0,23,0.0
2025-11-28 20:45:00,156.172,156.173,156.116,156.139,259.0,22,0.0
2025-11-28 20:50:00,156.139,156.139,156.119,156.124,207.0,23,0.0
2025-11-28 20:55:00,156.123,156.152,156.114,156.124,244.0,22,0.0
2025-11-28 21:00:00,156.123,156.159,156.117,156.139,545.0,22,0.0
2025-11-28 21:05:00,156.14,156.142,156.117,156.125,405.0,21,0.0
2025-11-28 21:10:00,156.124,156.13,156.113,156.12,307.0,21,0.0
2025-11-28 21:15:00,156.121,156.146,156.115,156.123,273.0,21,0.0
2025-11-28 21:20:00,156.124,156.125,156.099,156.109,223.0,21,0.0
2025-11-28 21:25:00,156.11,156.116,156.096,156.1,153.0,23,0.0
2025-11-28 21:30:00,156.099,156.104,156.063,156.08,270.0,21,0.0
2025-11-28 21:35:00,156.08,156.098,156.078,156.092,129.0,24,0.0
2025-11-28 21:40:00,156.091,156.092,156.07,156.076,85.0,21,0.0
2025-11-28 21:45:00,156.077,156.08,156.058,156.078,443.0,23,0.0
2025-11-28 21:50:00,156.079,156.08,156.072,156.076,267.0,22,0.0
2025-11-28 21:55:00,156.076,156.111,156.068,156.109,235.0,22,0.0
2025-11-28 22:00:00,156.108,156.111,156.076,156.078,477.0,21,0.0
2025-11-28 22:05:00,156.078,156.089,156.073,156.083,193.0,22,0.0
2025-11-28 22:10:00,156.082,156.096,156.076,156.078,195.0,21,0.0
2025-11-28 22:15:00,156.077,156.093,156.051,156.083,303.0,21,0.0
2025-11-28 22:20:00,156.083,156.102,156.079,156.083,312.0,21,0.0
2025-11-28 22:25:00,156.084,156.099,156.08,156.092,322.0,21,0.0
2025-11-28 22:30:00,156.092,156.096,156.067,156.091,245.0,21,0.0
2025-11-28 22:35:00,156.092,156.101,156.077,156.086,227.0,22,0.0
2025-11-28 22:40:00,156.087,156.1,156.077,156.084,188.0,22,0.0
2025-11-28 22:45:00,156.084,156.084,156.072,156.077,97.0,22,0.0
2025-11-28 22:50:00,156.078,156.088,156.075,156.081,86.0,21,0.0
2025-11-28 22:55:00,156.082,156.139,156.08,156.133,363.0,21,0.0
2025-11-28 23:00:00,156.135,156.154,156.123,156.142,538.0,21,0.0
2025-11-28 23:05:00,156.141,156.143,156.11,156.112,149.0,25,0.0
2025-11-28 23:10:00,156.112,156.122,156.11,156.121,155.0,23,0.0
2025-11-28 23:15:00,156.121,156.125,156.115,156.118,213.0,23,0.0
2025-11-28 23:20:00,156.119,156.125,156.112,156.118,270.0,22,0.0
2025-11-28 23:25:00,156.118,156.126,156.113,156.119,248.0,21,0.0
2025-11-28 23:30:00,156.119,156.127,156.112,156.113,240.0,23,0.0
2025-11-28 23:35:00,156.116,156.123,156.112,156.119,117.0,31,0.0
2025-11-28 23:40:00,156.118,156.119,156.096,156.097,26.0,31,0.0
2025-11-28 23:45:00,156.094,156.162,156.085,156.15,126.0,25,0.0
2025-11-28 23:50:00,156.149,156.165,156.138,156.141,391.0,21,0.0
2025-11-28 23:55:00,156.141,156.159,156.127,156.158,52.0,27,0.0
